date,region,전세수급,전세증감,매매증감,매수자,매수우위
1900-01-05,전국,,,0.1,,
1900-01-05,서울,125.72,0.0,0.11,9.68,73.47
1900-01-05,인천,143.04,0.12,0.23,25.19,103.22
1900-01-05,경기도,116.74,0.02,0.14,8.58,58.07
1900-01-05,부산,173.3,0.04,0.04,8.2,56.55
1900-01-05,대구,127.43,-0.03,-0.05,0.0,21.98
1900-01-05,광주,180.11,0.11,0.02,2.31,54.72
1900-01-05,대전,181.57,0.07,0.03,0.88,45.01
1900-01-05,세종,0.0,0.0,0.0,,0.0
1900-01-05,울산,113.04,-0.0,0.03,3.56,36.04
1900-01-05,강원,0.0,-0.07,0.12,0.0,0.0
1900-01-05,충북,0.0,0.06,0.0,0.0,0.0
1900-01-05,충남,0.0,0.1,0.14,0.0,0.0
1900-01-05,전북,0.0,0.07,0.18,0.0,0.0
1900-01-05,전남,0.0,0.0,0.15,0.0,0.0
1900-01-05,경북,0.0,0.03,0.02,0.0,0.0
1900-01-05,경남,0.0,0.05,0.11,0.0,0.0
1900-01-05,제주,0.0,0.0,0.0,0.0,0.0
1900-01-05,기타지방,149.59,0.04,0.1,12.1,60.39
1900-01-02,전국,,,-0.04,,
1900-01-02,서울,92.64,0.24,0.01,2.66,31.32
1900-01-02,인천,113.69,-0.23,-0.06,0.0,22.59
1900-01-02,경기도,88.17,0.02,-0.08,0.19,12.83
1900-01-02,부산,174.33,0.18,0.01,3.37,37.5
1900-01-02,대구,93.09,-0.33,-0.18,0.37,10.87
1900-01-02,광주,170.27,-0.02,-0.03,0.89,23.97
1900-01-02,대전,176.53,0.03,0.01,0.0,27.68
1900-01-02,세종,0.0,0.0,0.0,0.0,0.0
1900-01-02,울산,106.59,-0.06,0.0,2.18,26.8
1900-01-02,강원,0.0,0.0,-0.0,0.0,0.0
1900-01-02,충북,0.0,0.1,-0.11,0.0,0.0
1900-01-02,충남,0.0,0.03,-0.02,0.0,0.0
1900-01-02,전북,0.0,0.02,0.01,0.0,0.0
1900-01-02,전남,0.0,0.04,-0.01,0.0,0.0
1900-01-02,경북,0.0,-0.1,-0.14,0.0,0.0
1900-01-02,경남,0.0,0.05,-0.02,0.0,0.0
1900-01-02,제주,0.0,0.07,0.03,0.0,0.0
1900-01-02,기타지방,145.18,0.03,-0.04,2.66,37.77
2017-01-09,전국,,,0.0,,
2017-01-09,서울,146.87,0.01,0.0,2.55,56.64
2017-01-09,인천,145.33,0.02,-0.02,1.13,47.26
2017-01-09,경기도,146.67,0.0,0.01,1.64,44.43
2017-01-09,부산,128.7,0.05,0.09,3.1,53.9
2017-01-09,대구,139.37,-0.0,-0.05,0.91,23.76
2017-01-09,광주,167.31,0.01,-0.0,2.69,50.55
2017-01-09,대전,180.99,0.0,0.01,5.3,55.77
2017-01-09,세종,0.0,-0.02,0.01,0.0,0.0
2017-01-09,울산,128.48,0.02,-0.01,0.81,44.62
2017-01-09,강원,174.83,0.01,0.01,1.35,52.54
2017-01-09,충북,174.58,-0.01,-0.02,0.0,26.76
2017-01-09,충남,103.45,-0.03,-0.02,2.18,31.63
2017-01-09,전북,173.5,0.01,0.0,8.04,53.77
2017-01-09,전남,191.42,0.03,0.05,41.31,133.56
2017-01-09,경북,138.56,-0.02,-0.05,0.0,21.91
2017-01-09,경남,114.58,-0.04,-0.03,1.58,23.05
2017-01-09,제주,180.95,0.11,0.14,23.81,95.24
2017-01-09,기타지방,143.63,-0.01,-0.01,5.83,41.84
2017-01-16,전국,,,0.0,,
2017-01-16,서울,149.24,0.01,0.0,1.94,53.18
2017-01-16,인천,146.83,0.02,-0.01,1.4,51.03
2017-01-16,경기도,148.44,0.01,0.0,1.33,39.34
2017-01-16,부산,128.88,0.05,0.09,2.63,49.34
2017-01-16,대구,136.78,-0.05,-0.04,0.46,26.8
2017-01-16,광주,167.75,0.01,-0.02,2.67,45.26
2017-01-16,대전,189.28,0.03,0.01,3.19,32.29
2017-01-16,세종,0.0,-0.05,0.01,0.0,0.0
2017-01-16,울산,135.48,0.01,-0.02,0.0,24.97
2017-01-16,강원,178.93,0.05,0.04,4.48,54.67
2017-01-16,충북,176.9,0.0,-0.0,0.0,22.59
2017-01-16,충남,113.82,-0.05,-0.03,1.01,24.14
2017-01-16,전북,172.65,-0.01,-0.02,0.0,38.8
2017-01-16,전남,191.81,0.0,0.03,36.13,116.64
2017-01-16,경북,143.31,-0.02,-0.03,1.24,13.85
2017-01-16,경남,129.87,-0.05,-0.04,3.4,28.22
2017-01-16,제주,180.95,0.03,0.05,19.05,85.71
2017-01-16,기타지방,150.4,-0.02,-0.01,4.95,37.13
2017-01-23,전국,,,-0.0,,
2017-01-23,서울,151.62,0.0,0.0,2.0,55.69
2017-01-23,인천,144.32,0.03,-0.01,1.4,42.22
2017-01-23,경기도,149.36,0.01,0.0,1.19,40.71
2017-01-23,부산,129.94,0.05,0.07,3.63,52.38
2017-01-23,대구,138.27,-0.0,-0.01,0.0,32.35
2017-01-23,광주,164.03,0.0,-0.0,1.1,41.95
2017-01-23,대전,185.07,0.01,0.01,6.49,41.69
2017-01-23,세종,0.0,-0.06,0.0,0.0,0.0
2017-01-23,울산,140.88,0.0,-0.04,0.0,32.13
2017-01-23,강원,170.61,0.06,0.04,6.37,45.34
2017-01-23,충북,176.79,-0.03,-0.05,0.65,25.7
2017-01-23,충남,117.61,-0.07,-0.06,0.0,27.95
2017-01-23,전북,176.37,0.01,0.01,1.97,49.51
2017-01-23,전남,190.48,0.06,0.05,30.48,109.02
2017-01-23,경북,141.65,-0.08,-0.07,0.0,12.38
2017-01-23,경남,131.17,-0.02,-0.04,3.83,31.45
2017-01-23,제주,171.43,0.02,0.02,14.29,66.67
2017-01-23,기타지방,150.29,-0.02,-0.02,4.71,38.25
2017-01-30,전국,,,0.0,,
2017-01-30,서울,153.6,0.0,0.01,2.31,55.37
2017-01-30,인천,147.67,0.01,0.0,2.24,42.25
2017-01-30,경기도,148.34,0.0,0.0,1.46,41.72
2017-01-30,부산,123.16,0.04,0.05,3.55,52.87
2017-01-30,대구,139.17,-0.01,-0.05,0.0,33.39
2017-01-30,광주,164.29,0.0,0.02,3.64,46.43
2017-01-30,대전,189.66,0.01,0.03,1.76,27.02
2017-01-30,세종,0.0,-0.02,0.0,0.0,0.0
2017-01-30,울산,129.59,-0.0,-0.01,1.83,33.22
2017-01-30,강원,167.05,0.03,0.01,1.86,32.95
2017-01-30,충북,176.5,0.0,-0.0,0.7,26.26
2017-01-30,충남,105.33,-0.02,-0.0,2.24,30.06
2017-01-30,전북,179.99,0.02,0.01,4.43,52.77
2017-01-30,전남,191.32,0.0,0.02,32.74,112.4
2017-01-30,경북,148.59,-0.03,-0.05,0.0,19.23
2017-01-30,경남,125.63,-0.02,-0.01,1.12,26.52
2017-01-30,제주,176.19,0.05,0.03,23.81,90.48
2017-01-30,기타지방,148.45,-0.01,-0.01,4.61,38.29
2017-02-06,전국,,,0.0,,
2017-02-06,서울,146.59,0.01,0.01,2.88,53.58
2017-02-06,인천,152.98,0.01,0.01,0.9,47.15
2017-02-06,경기도,146.34,0.01,-0.0,2.15,40.35
2017-02-06,부산,130.88,0.06,0.06,5.07,56.22
2017-02-06,대구,142.04,-0.03,-0.07,0.47,29.87
2017-02-06,광주,168.36,0.02,0.02,5.06,54.14
2017-02-06,대전,175.4,0.02,0.01,4.99,40.6
2017-02-06,세종,0.0,-0.07,0.02,0.0,0.0
2017-02-06,울산,136.68,0.01,-0.0,0.0,31.27
2017-02-06,강원,168.17,0.04,0.02,2.7,51.57
2017-02-06,충북,177.55,-0.01,-0.04,1.35,23.35
2017-02-06,충남,107.2,-0.01,-0.05,2.21,27.55
2017-02-06,전북,181.54,0.01,-0.01,4.01,47.77
2017-02-06,전남,188.61,0.01,0.02,36.17,123.09
2017-02-06,경북,143.66,-0.03,-0.05,0.0,7.06
2017-02-06,경남,110.62,-0.01,-0.02,1.94,24.88
2017-02-06,제주,166.67,0.01,0.01,23.81,80.95
2017-02-06,기타지방,144.09,-0.0,-0.02,5.3,37.89
2017-02-13,전국,,,0.0,,
2017-02-13,서울,150.93,0.01,0.01,4.36,58.34
2017-02-13,인천,163.63,0.03,0.01,1.75,45.7
2017-02-13,경기도,152.68,0.02,0.0,2.25,42.04
2017-02-13,부산,126.95,0.03,0.07,5.3,50.93
2017-02-13,대구,142.7,-0.0,-0.05,0.0,26.29
2017-02-13,광주,169.13,0.01,-0.0,4.01,49.7
2017-02-13,대전,188.73,0.03,0.02,1.4,29.03
2017-02-13,세종,0.0,-0.12,0.0,0.0,0.0
2017-02-13,울산,146.73,0.01,-0.01,1.48,48.01
2017-02-13,강원,173.99,0.02,0.02,5.91,45.09
2017-02-13,충북,175.84,-0.02,-0.03,0.0,22.03
2017-02-13,충남,106.43,-0.08,-0.03,0.98,21.13
2017-02-13,전북,185.9,-0.0,-0.03,3.54,56.48
2017-02-13,전남,188.9,0.02,0.02,41.04,120.99
2017-02-13,경북,144.69,-0.03,-0.07,0.0,8.95
2017-02-13,경남,127.9,-0.04,-0.05,4.5,34.88
2017-02-13,제주,176.19,0.07,0.02,14.29,76.19
2017-02-13,기타지방,149.16,-0.03,-0.03,6.14,39.81
2017-02-20,전국,,,0.0,,
2017-02-20,서울,149.78,0.02,0.02,4.44,57.63
2017-02-20,인천,165.28,0.01,0.0,1.91,43.16
2017-02-20,경기도,150.66,0.01,0.01,1.85,41.38
2017-02-20,부산,125.27,0.03,0.06,6.81,51.83
2017-02-20,대구,139.2,0.0,-0.02,1.63,25.69
2017-02-20,광주,166.16,0.0,-0.0,4.99,51.71
2017-02-20,대전,178.47,0.0,0.02,3.11,28.46
2017-02-20,세종,0.0,-0.11,0.05,0.0,0.0
2017-02-20,울산,140.72,-0.01,-0.0,0.0,30.68
2017-02-20,강원,175.34,0.04,0.04,1.35,48.82
2017-02-20,충북,178.02,-0.0,-0.01,1.03,16.47
2017-02-20,충남,107.44,-0.0,0.0,0.55,19.31
2017-02-20,전북,186.66,0.0,-0.03,1.02,51.17
2017-02-20,전남,186.59,0.02,0.03,23.93,105.71
2017-02-20,경북,145.04,-0.05,-0.05,0.0,15.28
2017-02-20,경남,121.99,-0.04,-0.06,3.14,26.32
2017-02-20,제주,166.67,0.04,0.03,9.52,61.9
2017-02-20,기타지방,148.32,-0.01,-0.02,3.65,35.6
2017-02-27,전국,,,0.0,,
2017-02-27,서울,152.83,0.01,0.03,3.64,57.52
2017-02-27,인천,168.8,0.0,0.03,3.63,48.74
2017-02-27,경기도,153.55,0.01,0.01,2.17,40.48
2017-02-27,부산,125.07,0.02,0.03,4.07,45.9
2017-02-27,대구,147.94,-0.05,-0.06,0.0,21.71
2017-02-27,광주,159.52,0.0,0.01,2.33,40.21
2017-02-27,대전,179.63,0.01,0.0,2.63,32.58
2017-02-27,세종,0.0,-0.17,0.0,0.0,0.0
2017-02-27,울산,150.49,0.01,-0.03,0.0,30.59
2017-02-27,강원,183.62,0.02,0.02,3.72,43.42
2017-02-27,충북,173.24,0.0,-0.03,0.0,19.91
2017-02-27,충남,107.14,-0.0,-0.03,1.69,29.48
2017-02-27,전북,185.31,0.01,-0.0,5.98,58.52
2017-02-27,전남,183.76,0.03,0.0,20.15,103.75
2017-02-27,경북,148.0,-0.01,-0.05,1.29,19.01
2017-02-27,경남,125.13,-0.02,-0.05,4.23,26.49
2017-02-27,제주,163.64,-0.0,0.01,13.64,68.18
2017-02-27,기타지방,148.77,-0.0,-0.03,4.59,38.33
2017-03-06,전국,,,0.0,,
2017-03-06,서울,151.78,0.01,0.03,5.03,59.33
2017-03-06,인천,173.89,0.01,0.01,6.89,53.31
2017-03-06,경기도,155.81,0.01,0.01,3.06,42.08
2017-03-06,부산,130.75,0.02,0.04,3.65,47.09
2017-03-06,대구,143.83,-0.0,-0.04,0.0,27.17
2017-03-06,광주,162.73,0.0,-0.0,2.93,46.09
2017-03-06,대전,172.96,0.01,0.02,2.04,30.59
2017-03-06,세종,0.0,-0.07,0.03,0.0,0.0
2017-03-06,울산,154.68,0.02,-0.02,0.0,18.44
2017-03-06,강원,174.67,0.01,0.02,7.96,58.83
2017-03-06,충북,177.93,-0.01,-0.01,0.0,17.25
2017-03-06,충남,94.03,-0.05,-0.03,0.52,18.18
2017-03-06,전북,190.99,0.01,0.0,5.47,55.6
2017-03-06,전남,184.82,0.01,0.02,22.59,101.94
2017-03-06,경북,145.37,-0.07,-0.08,0.0,12.51
2017-03-06,경남,122.43,-0.06,-0.05,2.66,23.68
2017-03-06,제주,168.18,0.0,0.02,9.09,59.09
2017-03-06,기타지방,145.6,-0.03,-0.02,4.37,35.16
2017-03-13,전국,,,0.01,,
2017-03-13,서울,151.37,0.01,0.02,6.27,65.98
2017-03-13,인천,169.12,0.0,0.01,1.85,43.04
2017-03-13,경기도,158.11,0.01,0.01,3.46,47.88
2017-03-13,부산,131.64,0.02,0.05,4.59,44.63
2017-03-13,대구,147.43,0.0,-0.01,0.0,37.78
2017-03-13,광주,161.74,0.0,0.0,5.77,45.0
2017-03-13,대전,176.27,0.0,0.01,0.64,23.32
2017-03-13,세종,0.0,-0.12,-0.0,0.0,0.0
2017-03-13,울산,154.88,0.01,-0.01,3.23,23.88
2017-03-13,강원,180.49,0.01,0.03,5.91,53.41
2017-03-13,충북,172.68,0.0,-0.04,1.04,10.69
2017-03-13,충남,93.5,-0.03,-0.01,1.6,25.42
2017-03-13,전북,179.26,0.02,-0.0,2.81,56.74
2017-03-13,전남,183.42,0.03,0.01,28.35,106.05
2017-03-13,경북,140.31,-0.03,-0.04,1.04,17.2
2017-03-13,경남,114.2,-0.0,-0.04,3.71,28.8
2017-03-13,제주,131.82,0.04,0.04,4.55,50.0
2017-03-13,기타지방,140.39,-0.0,-0.02,4.96,37.64
2017-03-20,전국,,,0.01,,
2017-03-20,서울,148.3,0.02,0.03,4.69,63.56
2017-03-20,인천,169.28,0.02,0.03,3.39,49.06
2017-03-20,경기도,155.42,0.01,0.01,3.09,45.29
2017-03-20,부산,131.19,0.03,0.03,5.3,45.34
2017-03-20,대구,142.05,0.0,-0.02,0.0,29.21
2017-03-20,광주,159.55,0.01,0.01,4.47,45.89
2017-03-20,대전,169.87,0.01,0.02,0.76,27.51
2017-03-20,세종,0.0,-0.13,0.0,0.0,0.0
2017-03-20,울산,152.8,0.01,-0.02,0.0,19.17
2017-03-20,강원,187.56,0.01,0.04,2.65,43.28
2017-03-20,충북,172.83,0.01,-0.02,2.09,14.56
2017-03-20,충남,93.69,-0.03,-0.04,1.59,22.4
2017-03-20,전북,173.12,0.01,-0.01,1.04,49.56
2017-03-20,전남,180.51,-0.0,0.04,25.46,107.15
2017-03-20,경북,139.6,-0.05,-0.04,0.0,14.92
2017-03-20,경남,113.09,-0.03,-0.03,3.78,25.72
2017-03-20,제주,138.1,0.01,0.02,4.76,52.38
2017-03-20,기타지방,139.29,-0.02,-0.01,4.2,34.83
2017-03-27,전국,,,0.01,,
2017-03-27,서울,147.36,0.02,0.03,5.23,64.9
2017-03-27,인천,174.2,0.01,0.02,2.61,43.49
2017-03-27,경기도,153.73,0.01,0.01,2.07,46.22
2017-03-27,부산,123.35,0.02,0.04,4.38,40.57
2017-03-27,대구,142.79,0.0,-0.02,0.5,31.78
2017-03-27,광주,160.76,0.02,0.01,1.74,40.76
2017-03-27,대전,175.75,0.0,0.01,2.4,24.95
2017-03-27,세종,0.0,-0.03,0.02,0.0,0.0
2017-03-27,울산,138.43,0.0,-0.02,0.0,17.46
2017-03-27,강원,173.99,0.02,0.03,4.56,44.26
2017-03-27,충북,172.21,0.0,-0.01,1.06,17.54
2017-03-27,충남,94.23,-0.02,-0.02,1.6,24.18
2017-03-27,전북,179.1,-0.0,-0.0,2.08,57.56
2017-03-27,전남,185.41,0.03,0.02,20.14,95.32
2017-03-27,경북,137.04,-0.05,-0.05,1.04,10.4
2017-03-27,경남,102.39,-0.04,-0.04,3.36,26.01
2017-03-27,제주,138.1,-0.0,-0.0,0.0,47.62
2017-03-27,기타지방,136.37,-0.02,-0.02,3.89,34.85
2017-04-03,전국,,,0.01,,
2017-04-03,서울,150.91,0.02,0.03,5.94,65.41
2017-04-03,인천,167.82,0.0,0.01,2.84,45.24
2017-04-03,경기도,154.25,0.0,0.01,3.92,46.11
2017-04-03,부산,123.18,0.02,0.04,5.33,45.28
2017-04-03,대구,139.45,-0.02,-0.04,1.39,33.95
2017-04-03,광주,159.73,0.01,-0.0,2.8,39.58
2017-04-03,대전,170.58,0.0,0.01,0.64,23.43
2017-04-03,세종,0.0,-0.06,0.03,0.0,0.0
2017-04-03,울산,143.34,0.0,-0.01,1.38,21.83
2017-04-03,강원,178.06,0.02,0.04,4.06,52.23
2017-04-03,충북,171.5,-0.01,-0.02,0.0,12.34
2017-04-03,충남,92.79,-0.04,-0.03,0.0,22.46
2017-04-03,전북,182.78,0.01,0.0,2.04,51.8
2017-04-03,전남,183.65,0.01,0.02,20.28,89.41
2017-04-03,경북,133.34,-0.04,-0.04,1.04,11.07
2017-04-03,경남,90.89,-0.03,-0.03,3.78,29.85
2017-04-03,제주,147.62,0.01,-0.01,0.0,47.62
2017-04-03,기타지방,133.45,-0.02,-0.01,3.6,34.46
2017-04-10,전국,,,0.01,,
2017-04-10,서울,149.13,0.02,0.04,8.65,72.87
2017-04-10,인천,164.46,0.01,0.01,2.88,44.65
2017-04-10,경기도,154.51,-0.0,0.01,2.67,50.77
2017-04-10,부산,120.25,0.02,0.04,4.29,43.8
2017-04-10,대구,139.79,-0.02,-0.01,0.0,31.61
2017-04-10,광주,155.54,-0.0,-0.0,5.04,43.63
2017-04-10,대전,167.04,0.01,0.01,0.64,26.38
2017-04-10,세종,0.0,-0.09,0.04,0.0,0.0
2017-04-10,울산,138.68,0.0,-0.03,2.08,35.76
2017-04-10,강원,161.66,-0.0,0.03,4.56,51.0
2017-04-10,충북,172.39,-0.0,-0.02,0.0,15.44
2017-04-10,충남,92.26,-0.03,-0.01,2.85,19.61
2017-04-10,전북,185.26,-0.0,-0.01,0.99,46.98
2017-04-10,전남,185.71,-0.0,0.01,19.09,87.55
2017-04-10,경북,130.27,-0.05,-0.03,1.04,9.3
2017-04-10,경남,89.53,-0.02,-0.05,2.12,25.94
2017-04-10,제주,142.86,0.01,-0.02,4.76,38.1
2017-04-10,기타지방,131.89,-0.02,-0.02,3.53,32.3
2017-04-17,전국,,,0.01,,
2017-04-17,서울,149.35,0.03,0.05,11.0,73.66
2017-04-17,인천,164.06,0.01,0.02,4.52,49.0
2017-04-17,경기도,152.67,0.02,0.01,3.62,51.14
2017-04-17,부산,117.32,0.04,0.04,4.14,42.72
2017-04-17,대구,145.96,-0.01,-0.03,0.0,36.57
2017-04-17,광주,162.16,0.02,-0.01,3.89,44.52
2017-04-17,대전,168.17,-0.01,0.01,1.28,25.61
2017-04-17,세종,0.0,-0.03,0.01,0.0,0.0
2017-04-17,울산,119.84,0.0,-0.01,0.81,31.08
2017-04-17,강원,169.75,0.03,0.04,1.86,50.35
2017-04-17,충북,168.72,0.0,-0.01,0.0,13.85
2017-04-17,충남,89.32,-0.03,-0.02,0.0,11.97
2017-04-17,전북,180.1,0.0,0.01,3.47,57.94
2017-04-17,전남,180.16,0.0,0.02,21.1,92.38
2017-04-17,경북,125.96,-0.05,-0.03,0.0,8.68
2017-04-17,경남,88.11,-0.01,-0.04,4.22,25.92
2017-04-17,제주,128.57,-0.0,-0.02,0.0,42.86
2017-04-17,기타지방,129.45,-0.01,-0.01,3.66,32.74
2017-04-24,전국,,,0.01,,
2017-04-24,서울,148.47,0.02,0.05,11.02,75.2
2017-04-24,인천,162.86,0.02,0.03,2.54,48.26
2017-04-24,경기도,149.05,0.01,0.01,2.82,50.57
2017-04-24,부산,119.09,0.02,0.04,2.61,36.91
2017-04-24,대구,133.91,-0.0,-0.02,0.5,39.65
2017-04-24,광주,157.8,-0.0,-0.01,2.8,47.66
2017-04-24,대전,163.4,-0.02,0.01,0.64,19.46
2017-04-24,세종,0.0,-0.03,0.03,0.0,0.0
2017-04-24,울산,115.38,0.0,-0.02,0.81,33.79
2017-04-24,강원,173.99,0.03,0.02,4.56,41.88
2017-04-24,충북,166.55,-0.0,-0.04,0.0,8.12
2017-04-24,충남,93.21,-0.05,-0.04,1.63,21.04
2017-04-24,전북,178.38,0.0,0.0,2.08,44.41
2017-04-24,전남,177.42,0.01,-0.01,25.86,106.3
2017-04-24,경북,135.51,-0.04,-0.06,0.0,12.29
2017-04-24,경남,86.39,-0.03,-0.03,1.64,23.48
2017-04-24,제주,133.33,-0.0,-0.01,4.76,52.38
2017-04-24,기타지방,130.41,-0.02,-0.02,3.64,31.58
2017-05-08,전국,,,0.01,,
2017-05-08,서울,150.83,0.03,0.06,15.97,86.12
2017-05-08,인천,159.01,0.02,0.02,4.45,55.01
2017-05-08,경기도,150.11,0.01,0.01,4.72,55.37
2017-05-08,부산,114.43,0.02,0.04,3.55,37.59
2017-05-08,대구,144.66,-0.02,-0.01,1.94,45.55
2017-05-08,광주,157.82,0.0,-0.0,3.63,50.08
2017-05-08,대전,169.89,-0.02,0.01,0.76,24.73
2017-05-08,세종,0.0,-0.12,0.01,0.0,0.0
2017-05-08,울산,117.94,-0.01,-0.01,0.81,25.03
2017-05-08,강원,172.58,0.01,0.01,1.35,34.17
2017-05-08,충북,170.48,0.0,-0.01,1.07,14.56
2017-05-08,충남,96.78,-0.05,-0.01,0.52,20.02
2017-05-08,전북,175.63,0.01,0.0,2.52,50.19
2017-05-08,전남,185.68,0.03,0.01,18.49,96.11
2017-05-08,경북,124.11,-0.02,-0.03,0.0,11.08
2017-05-08,경남,77.73,-0.05,-0.06,1.08,23.45
2017-05-08,제주,133.33,-0.0,-0.01,9.52,57.14
2017-05-08,기타지방,127.71,-0.02,-0.02,2.86,31.9
2017-05-15,전국,,,0.01,,
2017-05-15,서울,151.28,0.03,0.06,23.77,98.12
2017-05-15,인천,160.13,0.02,0.03,7.68,64.8
2017-05-15,경기도,146.11,0.01,0.02,5.9,55.6
2017-05-15,부산,117.67,0.02,0.04,5.78,45.74
2017-05-15,대구,140.68,-0.01,-0.02,0.5,43.63
2017-05-15,광주,159.44,0.01,0.0,3.39,41.32
2017-05-15,대전,160.24,-0.01,0.0,2.43,27.21
2017-05-15,세종,0.0,-0.0,0.03,0.0,0.0
2017-05-15,울산,116.58,-0.02,-0.01,2.25,41.9
2017-05-15,강원,158.45,0.04,0.01,1.86,45.6
2017-05-15,충북,170.15,-0.0,-0.01,0.0,15.61
2017-05-15,충남,89.27,-0.04,-0.02,0.0,14.35
2017-05-15,전북,175.67,0.01,0.01,2.3,47.38
2017-05-15,전남,182.93,0.03,0.03,22.22,99.25
2017-05-15,경북,122.23,-0.05,-0.03,0.0,9.83
2017-05-15,경남,82.81,-0.05,-0.05,2.64,20.45
2017-05-15,제주,147.62,0.0,-0.02,9.52,57.14
2017-05-15,기타지방,126.7,-0.02,-0.02,3.39,31.18
2017-05-22,전국,,,0.02,,
2017-05-22,서울,150.23,0.03,0.09,30.83,107.72
2017-05-22,인천,162.8,0.02,0.01,7.57,62.75
2017-05-22,경기도,145.79,0.0,0.02,6.86,63.1
2017-05-22,부산,115.83,0.01,0.03,4.66,46.47
2017-05-22,대구,137.43,-0.02,-0.02,0.0,46.52
2017-05-22,광주,158.13,0.02,0.0,1.02,47.91
2017-05-22,대전,177.73,-0.0,0.02,0.64,23.03
2017-05-22,세종,0.0,-0.04,0.04,0.0,0.0
2017-05-22,울산,103.4,-0.01,-0.01,3.8,32.82
2017-05-22,강원,168.41,-0.0,0.02,1.86,36.54
2017-05-22,충북,166.88,-0.01,-0.01,0.0,7.64
2017-05-22,충남,83.71,-0.02,-0.03,1.04,17.18
2017-05-22,전북,181.19,0.01,-0.03,2.16,42.53
2017-05-22,전남,171.15,0.02,0.01,20.93,100.39
2017-05-22,경북,127.58,-0.04,-0.05,1.04,12.05
2017-05-22,경남,75.43,-0.03,-0.03,1.69,27.24
2017-05-22,제주,136.84,0.0,-0.01,10.53,57.89
2017-05-22,기타지방,124.72,-0.01,-0.02,3.55,32.11
2017-05-29,전국,,,0.04,,
2017-05-29,서울,152.39,0.08,0.13,44.52,126.82
2017-05-29,인천,160.62,0.04,0.04,8.26,62.11
2017-05-29,경기도,144.94,0.03,0.03,10.58,66.82
2017-05-29,부산,110.43,0.02,0.08,2.45,39.82
2017-05-29,대구,139.23,-0.0,-0.02,1.47,45.72
2017-05-29,광주,160.06,0.0,0.01,4.97,54.43
2017-05-29,대전,182.52,-0.0,0.01,1.92,24.23
2017-05-29,세종,0.0,-0.11,0.15,0.0,0.0
2017-05-29,울산,108.41,-0.01,-0.08,1.24,33.7
2017-05-29,강원,179.34,0.05,0.02,7.74,53.03
2017-05-29,충북,162.11,-0.01,-0.07,0.0,6.29
2017-05-29,충남,100.68,-0.03,-0.02,0.0,5.6
2017-05-29,전북,190.4,0.02,0.01,0.0,46.6
2017-05-29,전남,174.85,0.02,0.01,24.28,103.54
2017-05-29,경북,126.73,-0.02,-0.02,0.0,12.16
2017-05-29,경남,66.14,-0.06,-0.02,2.26,20.74
2017-05-29,제주,147.62,-0.0,-0.01,9.52,47.62
2017-05-29,기타지방,127.18,-0.02,-0.01,4.07,31.02
2017-06-05,전국,,,0.08,,
2017-06-05,서울,150.21,0.1,0.3,49.12,135.55
2017-06-05,인천,160.29,0.06,0.05,13.52,70.78
2017-06-05,경기도,148.17,0.02,0.07,14.12,74.15
2017-06-05,부산,114.96,0.02,0.06,3.89,41.88
2017-06-05,대구,132.62,-0.02,-0.03,2.56,43.55
2017-06-05,광주,161.98,0.04,0.05,6.16,68.25
2017-06-05,대전,184.06,-0.02,0.05,1.26,25.69
2017-06-05,세종,0.0,-0.19,0.44,0.0,0.0
2017-06-05,울산,107.67,-0.02,-0.04,1.55,45.74
2017-06-05,강원,180.41,0.0,0.04,0.0,36.99
2017-06-05,충북,162.68,-0.02,-0.05,0.7,16.06
2017-06-05,충남,88.59,-0.0,0.0,1.06,20.27
2017-06-05,전북,184.87,0.04,0.04,6.25,44.28
2017-06-05,전남,166.86,0.0,0.05,29.62,104.07
2017-06-05,경북,112.4,-0.05,-0.04,0.0,7.65
2017-06-05,경남,69.92,-0.1,-0.05,2.09,21.0
2017-06-05,제주,145.0,-0.03,-0.01,10.0,55.0
2017-06-05,기타지방,123.24,-0.03,-0.0,5.37,32.72
2017-06-12,전국,,,0.08,,
2017-06-12,서울,152.26,0.11,0.33,42.82,129.34
2017-06-12,인천,158.92,0.05,0.07,16.72,76.01
2017-06-12,경기도,143.7,0.03,0.07,13.58,73.26
2017-06-12,부산,115.16,0.03,0.07,5.34,45.15
2017-06-12,대구,132.27,-0.01,-0.01,4.74,52.95
2017-06-12,광주,154.7,0.07,0.04,8.87,64.02
2017-06-12,대전,173.68,-0.03,0.01,0.77,18.29
2017-06-12,세종,0.0,-0.08,0.08,0.0,0.0
2017-06-12,울산,110.73,-0.0,-0.04,0.0,30.28
2017-06-12,강원,175.09,0.04,0.02,5.61,54.6
2017-06-12,충북,154.89,-0.01,-0.06,1.4,17.58
2017-06-12,충남,109.63,-0.0,0.0,1.82,12.58
2017-06-12,전북,176.2,-0.01,-0.0,4.9,47.98
2017-06-12,전남,150.64,0.0,0.11,27.93,107.15
2017-06-12,경북,111.33,-0.06,-0.07,1.34,15.6
2017-06-12,경남,71.25,-0.28,-0.1,1.82,20.62
2017-06-12,제주,125.0,-0.03,-0.02,18.75,62.5
2017-06-12,기타지방,122.42,-0.08,-0.03,6.06,35.36
2017-06-19,전국,,,0.07,,
2017-06-19,서울,148.66,0.06,0.23,29.35,116.9
2017-06-19,인천,159.83,0.03,0.08,15.04,81.18
2017-06-19,경기도,140.01,0.02,0.06,11.61,71.4
2017-06-19,부산,107.95,0.01,0.07,3.55,36.02
2017-06-19,대구,134.19,-0.01,-0.01,8.33,57.45
2017-06-19,광주,154.48,-0.0,0.01,8.88,62.22
2017-06-19,대전,185.95,-0.04,0.01,2.54,24.6
2017-06-19,세종,0.0,-0.05,0.16,0.0,0.0
2017-06-19,울산,101.82,-0.01,-0.03,0.0,40.81
2017-06-19,강원,160.03,0.01,0.06,2.03,45.82
2017-06-19,충북,170.14,0.0,-0.04,1.12,11.23
2017-06-19,충남,109.65,-0.0,-0.0,2.13,18.98
2017-06-19,전북,183.49,0.0,-0.01,3.13,48.49
2017-06-19,전남,160.18,0.01,0.07,34.39,106.16
2017-06-19,경북,123.57,-0.02,-0.03,0.0,14.04
2017-06-19,경남,57.12,-0.1,-0.03,4.35,21.01
2017-06-19,제주,145.0,-0.03,-0.01,10.0,55.0
2017-06-19,기타지방,123.26,-0.03,-0.0,6.33,34.72
2017-06-26,전국,,,0.07,,
2017-06-26,서울,148.96,0.09,0.23,26.21,111.55
2017-06-26,인천,158.12,0.03,0.08,10.39,73.86
2017-06-26,경기도,138.27,0.02,0.07,10.68,69.03
2017-06-26,부산,105.87,0.01,0.1,3.87,36.88
2017-06-26,대구,131.68,-0.01,-0.0,8.88,58.01
2017-06-26,광주,160.56,0.0,0.02,7.2,63.32
2017-06-26,대전,175.68,0.01,0.03,0.64,26.71
2017-06-26,세종,0.0,0.04,0.11,0.0,0.0
2017-06-26,울산,106.39,0.0,-0.01,1.24,32.86
2017-06-26,강원,143.15,0.05,0.03,1.94,35.32
2017-06-26,충북,176.8,0.0,-0.03,0.0,10.91
2017-06-26,충남,102.84,-0.05,-0.06,0.49,13.96
2017-06-26,전북,187.42,0.02,-0.02,2.08,42.72
2017-06-26,전남,161.6,0.01,0.05,36.68,115.14
2017-06-26,경북,115.07,-0.04,-0.06,1.1,17.55
2017-06-26,경남,69.82,-0.11,-0.11,5.75,23.82
2017-06-26,제주,142.86,-0.03,-0.02,9.52,52.38
2017-06-26,기타지방,124.65,-0.03,-0.04,6.36,34.24
2017-07-03,전국,,,0.05,,
2017-07-03,서울,146.46,0.09,0.16,26.66,112.85
2017-07-03,인천,155.9,0.04,0.1,9.13,74.93
2017-07-03,경기도,133.9,0.01,0.06,10.99,69.96
2017-07-03,부산,96.25,0.01,0.1,4.79,38.76
2017-07-03,대구,131.65,-0.03,-0.01,5.52,56.21
2017-07-03,광주,159.79,0.01,0.0,8.33,68.1
2017-07-03,대전,176.75,-0.0,0.03,2.4,31.71
2017-07-03,세종,0.0,-0.02,0.16,0.0,0.0
2017-07-03,울산,109.66,-0.0,-0.04,0.0,36.44
2017-07-03,강원,143.93,0.05,0.03,1.4,41.59
2017-07-03,충북,159.06,-0.03,-0.04,0.0,13.76
2017-07-03,충남,105.89,-0.03,0.0,1.09,11.4
2017-07-03,전북,174.09,-0.01,-0.04,1.68,49.84
2017-07-03,전남,160.06,0.05,0.04,26.61,102.2
2017-07-03,경북,101.1,-0.02,-0.06,0.0,9.07
2017-07-03,경남,59.04,-0.1,-0.09,6.43,23.18
2017-07-03,제주,152.38,-0.04,-0.01,9.52,47.62
2017-07-03,기타지방,116.33,-0.03,-0.03,5.32,32.69
2017-07-10,전국,,,0.07,,
2017-07-10,서울,148.97,0.1,0.23,37.11,126.39
2017-07-10,인천,150.1,0.05,0.12,9.54,69.46
2017-07-10,경기도,133.02,0.02,0.07,10.55,71.19
2017-07-10,부산,111.67,-0.02,0.08,4.21,37.02
2017-07-10,대구,133.18,-0.0,0.0,7.95,61.96
2017-07-10,광주,159.21,0.02,0.02,7.31,65.12
2017-07-10,대전,174.15,-0.0,0.03,0.0,23.69
2017-07-10,세종,0.0,0.0,0.15,0.0,0.0
2017-07-10,울산,107.14,-0.05,-0.06,0.0,21.65
2017-07-10,강원,169.7,0.05,0.08,2.48,54.72
2017-07-10,충북,164.23,-0.0,-0.01,0.0,15.37
2017-07-10,충남,100.72,-0.02,-0.03,2.13,20.91
2017-07-10,전북,181.58,0.0,0.0,4.49,55.81
2017-07-10,전남,168.23,0.02,0.06,29.36,109.4
2017-07-10,경북,112.15,-0.03,-0.06,1.1,18.38
2017-07-10,경남,62.44,-0.08,-0.1,7.06,26.22
2017-07-10,제주,140.0,-0.03,-0.02,10.0,60.0
2017-07-10,기타지방,122.66,-0.02,-0.02,6.81,39.49
2017-07-17,전국,,,0.07,,
2017-07-17,서울,149.41,0.08,0.26,42.53,131.97
2017-07-17,인천,151.43,0.04,0.06,7.05,71.77
2017-07-17,경기도,132.56,0.03,0.07,12.35,73.48
2017-07-17,부산,99.0,-0.02,0.06,2.39,34.33
2017-07-17,대구,128.15,-0.0,0.01,7.93,57.88
2017-07-17,광주,156.44,0.01,-0.01,9.84,73.15
2017-07-17,대전,180.55,0.01,0.03,3.31,30.53
2017-07-17,세종,0.0,0.0,0.2,0.0,0.0
2017-07-17,울산,104.51,-0.07,-0.05,0.0,34.85
2017-07-17,강원,172.98,0.04,0.05,8.78,95.94
2017-07-17,충북,165.77,0.0,-0.0,1.2,20.25
2017-07-17,충남,101.28,-0.0,-0.02,0.0,17.11
2017-07-17,전북,182.3,0.0,-0.0,2.27,46.24
2017-07-17,전남,168.7,-0.0,0.02,24.65,102.47
2017-07-17,경북,94.59,-0.01,-0.02,1.29,16.28
2017-07-17,경남,67.51,-0.07,-0.1,3.94,25.03
2017-07-17,제주,138.1,-0.02,-0.02,4.76,42.86
2017-07-17,기타지방,122.18,-0.02,-0.02,5.57,40.32
2017-07-24,전국,,,0.09,,
2017-07-24,서울,147.64,0.09,0.29,53.13,145.71
2017-07-24,인천,149.59,0.02,0.09,13.07,77.32
2017-07-24,경기도,132.41,0.01,0.09,14.48,75.94
2017-07-24,부산,106.91,-0.01,0.09,4.79,43.21
2017-07-24,대구,125.78,0.02,0.01,13.14,69.67
2017-07-24,광주,157.35,0.01,0.0,5.46,72.03
2017-07-24,대전,173.85,0.0,0.07,1.45,50.93
2017-07-24,세종,0.0,-0.09,0.25,0.0,0.0
2017-07-24,울산,110.45,-0.01,-0.01,1.66,38.18
2017-07-24,강원,175.35,0.13,0.04,3.88,88.36
2017-07-24,충북,163.13,0.0,-0.02,0.0,23.46
2017-07-24,충남,102.42,-0.0,-0.08,0.0,14.05
2017-07-24,전북,189.13,0.0,-0.0,0.0,34.95
2017-07-24,전남,162.41,0.01,0.08,29.65,120.49
2017-07-24,경북,97.12,-0.05,-0.06,1.1,12.58
2017-07-24,경남,68.93,-0.13,-0.11,4.26,21.44
2017-07-24,제주,152.38,-0.01,-0.01,4.76,47.62
2017-07-24,기타지방,123.4,-0.03,-0.04,5.07,38.07
2017-07-31,전국,,,0.08,,
2017-07-31,서울,148.76,0.12,0.37,54.82,148.65
2017-07-31,인천,154.76,0.04,0.07,8.51,67.85
2017-07-31,경기도,133.18,0.02,0.05,13.74,81.96
2017-07-31,부산,112.11,-0.04,0.07,5.13,54.02
2017-07-31,대구,126.62,-0.0,0.02,15.17,73.61
2017-07-31,광주,152.95,0.0,0.02,7.1,77.68
2017-07-31,대전,161.92,0.01,0.02,3.16,52.55
2017-07-31,세종,0.0,-0.06,0.58,0.0,0.0
2017-07-31,울산,106.23,-0.01,-0.06,1.15,27.2
2017-07-31,강원,166.93,0.04,0.04,4.1,81.57
2017-07-31,충북,172.31,-0.02,-0.19,2.25,20.44
2017-07-31,충남,110.18,-0.07,-0.08,0.0,19.94
2017-07-31,전북,181.95,0.0,-0.0,0.0,43.34
2017-07-31,전남,181.89,-0.0,0.0,21.95,97.01
2017-07-31,경북,91.79,-0.11,-0.03,0.0,10.8
2017-07-31,경남,84.78,-0.11,-0.09,3.32,35.72
2017-07-31,제주,90.0,-0.13,-0.0,0.0,10.0
2017-07-31,기타지방,129.27,-0.05,-0.04,4.91,41.02
2017-08-07,전국,,,0.03,,
2017-08-07,서울,147.91,0.04,0.08,12.68,95.68
2017-08-07,인천,152.82,0.03,0.03,11.45,79.61
2017-08-07,경기도,130.57,0.01,0.05,8.7,70.23
2017-08-07,부산,110.89,-0.01,0.04,2.45,48.82
2017-08-07,대구,131.2,0.01,0.03,16.73,80.37
2017-08-07,광주,153.83,0.01,0.02,11.83,81.87
2017-08-07,대전,150.58,0.03,0.04,1.42,48.64
2017-08-07,세종,0.0,-0.1,0.0,0.0,0.0
2017-08-07,울산,106.01,-0.04,-0.06,0.0,28.95
2017-08-07,강원,168.92,0.0,0.0,1.4,85.27
2017-08-07,충북,168.45,-0.02,-0.14,1.11,29.75
2017-08-07,충남,122.56,-0.01,-0.03,1.06,22.77
2017-08-07,전북,181.39,0.01,0.02,4.74,50.63
2017-08-07,전남,172.86,0.0,0.0,20.01,102.43
2017-08-07,경북,100.9,-0.06,-0.05,0.0,10.13
2017-08-07,경남,99.18,-0.03,-0.04,0.44,36.8
2017-08-07,제주,126.32,-0.0,0.0,5.26,36.84
2017-08-07,기타지방,135.31,-0.02,-0.03,3.16,43.51
2017-08-14,전국,,,0.02,,
2017-08-14,서울,145.5,0.03,0.05,6.32,81.16
2017-08-14,인천,145.11,0.02,0.03,9.78,76.23
2017-08-14,경기도,129.77,0.01,0.03,5.38,67.51
2017-08-14,부산,108.78,0.0,0.02,1.9,44.17
2017-08-14,대구,122.22,0.01,0.05,10.7,69.17
2017-08-14,광주,147.44,0.04,0.04,10.09,79.18
2017-08-14,대전,141.75,0.01,0.03,1.76,52.49
2017-08-14,세종,0.0,0.0,0.0,0.0,0.0
2017-08-14,울산,105.9,-0.01,-0.06,0.81,31.48
2017-08-14,강원,171.28,0.0,0.05,2.75,86.62
2017-08-14,충북,166.6,-0.02,-0.18,1.12,21.68
2017-08-14,충남,123.28,-0.02,-0.02,2.1,23.58
2017-08-14,전북,178.16,0.01,-0.01,3.37,50.31
2017-08-14,전남,177.73,0.03,0.08,24.76,112.94
2017-08-14,경북,114.82,-0.08,-0.13,0.0,12.49
2017-08-14,경남,74.13,-0.14,-0.06,2.1,34.49
2017-08-14,제주,127.78,0.0,0.0,0.0,33.33
2017-08-14,기타지방,130.29,-0.05,-0.05,3.92,43.14
2017-08-21,전국,,,0.01,,
2017-08-21,서울,147.24,0.04,0.04,5.88,72.53
2017-08-21,인천,156.27,0.03,0.05,8.31,70.66
2017-08-21,경기도,131.6,-0.01,0.06,6.45,64.41
2017-08-21,부산,104.38,0.01,0.01,1.69,37.17
2017-08-21,대구,133.23,0.0,0.03,6.47,61.3
2017-08-21,광주,153.52,0.02,0.02,7.33,74.24
2017-08-21,대전,146.31,0.01,0.02,3.38,52.75
2017-08-21,세종,0.0,0.0,0.0,0.0,0.0
2017-08-21,울산,107.96,-0.01,-0.06,1.92,33.99
2017-08-21,강원,177.72,0.03,0.0,6.08,81.75
2017-08-21,충북,167.68,-0.02,-0.18,2.21,26.04
2017-08-21,충남,128.3,-0.05,-0.07,2.13,21.19
2017-08-21,전북,180.64,0.01,-0.04,7.32,62.83
2017-08-21,전남,184.08,0.04,0.08,27.74,113.41
2017-08-21,경북,109.01,-0.06,-0.05,1.1,15.02
2017-08-21,경남,75.68,-0.1,-0.16,1.62,28.73
2017-08-21,제주,105.56,-0.0,-0.17,0.0,5.56
2017-08-21,기타지방,131.78,-0.03,-0.08,5.16,42.49
2017-08-28,전국,,,0.02,,
2017-08-28,서울,148.52,0.04,0.03,4.49,69.35
2017-08-28,인천,152.87,0.01,0.06,8.98,73.21
2017-08-28,경기도,132.33,0.01,0.06,4.45,59.56
2017-08-28,부산,112.86,-0.02,-0.0,1.12,35.63
2017-08-28,대구,129.25,0.0,0.03,9.15,63.6
2017-08-28,광주,155.72,0.01,0.01,6.98,73.59
2017-08-28,대전,157.02,0.0,0.04,5.03,52.88
2017-08-28,세종,0.0,0.0,-0.0,0.0,0.0
2017-08-28,울산,107.15,-0.01,-0.07,0.92,29.5
2017-08-28,강원,159.62,0.01,0.06,0.0,70.89
2017-08-28,충북,176.02,0.0,-0.03,0.77,20.3
2017-08-28,충남,130.87,-0.05,-0.07,1.76,18.94
2017-08-28,전북,181.85,0.0,-0.03,8.42,64.28
2017-08-28,전남,186.83,0.04,0.08,33.45,116.28
2017-08-28,경북,105.81,-0.02,-0.05,0.0,9.24
2017-08-28,경남,79.53,-0.12,-0.12,1.1,29.58
2017-08-28,제주,94.74,0.0,-0.0,0.0,10.53
2017-08-28,기타지방,132.66,-0.04,-0.04,4.78,40.57
2017-09-04,전국,,,0.01,,
2017-09-04,서울,147.74,0.04,0.03,3.44,69.28
2017-09-04,인천,154.2,0.01,0.02,7.82,67.54
2017-09-04,경기도,133.46,0.01,0.05,3.22,53.66
2017-09-04,부산,116.19,-0.03,-0.0,0.96,33.08
2017-09-04,대구,134.21,0.01,0.04,5.49,61.41
2017-09-04,광주,157.21,0.06,0.04,6.28,68.99
2017-09-04,대전,155.48,0.03,0.02,4.78,48.4
2017-09-04,세종,0.0,0.0,0.05,0.0,0.0
2017-09-04,울산,96.8,-0.01,-0.07,0.0,27.32
2017-09-04,강원,175.69,0.04,0.01,1.35,70.28
2017-09-04,충북,160.3,0.0,-0.03,2.28,46.9
2017-09-04,충남,124.61,-0.04,-0.04,0.52,19.51
2017-09-04,전북,181.51,0.06,0.01,4.04,56.93
2017-09-04,전남,179.42,0.0,0.03,32.48,110.49
2017-09-04,경북,105.39,-0.08,-0.06,1.16,14.21
2017-09-04,경남,73.8,-0.08,-0.1,2.03,27.46
2017-09-04,제주,105.56,0.0,-0.05,0.0,16.67
2017-09-04,기타지방,129.07,-0.03,-0.04,4.6,42.4
2017-09-11,전국,,,0.01,,
2017-09-11,서울,145.36,0.03,0.04,4.33,68.85
2017-09-11,인천,153.84,0.0,0.02,4.04,62.6
2017-09-11,경기도,130.99,0.01,0.04,2.99,51.48
2017-09-11,부산,113.89,-0.02,0.0,1.15,29.66
2017-09-11,대구,129.27,0.03,0.01,2.1,52.26
2017-09-11,광주,165.61,0.03,0.02,9.31,74.17
2017-09-11,대전,153.28,0.02,0.02,1.42,49.99
2017-09-11,세종,0.0,0.0,0.04,0.0,0.0
2017-09-11,울산,101.85,-0.04,-0.02,1.11,26.21
2017-09-11,강원,173.95,0.02,0.02,4.61,72.37
2017-09-11,충북,176.0,-0.02,-0.06,3.37,28.13
2017-09-11,충남,136.46,-0.07,-0.05,1.76,23.26
2017-09-11,전북,180.97,-0.0,-0.01,6.79,54.91
2017-09-11,전남,179.89,0.0,0.02,36.07,113.77
2017-09-11,경북,105.99,-0.01,-0.03,0.0,9.53
2017-09-11,경남,84.93,-0.14,-0.14,1.0,26.63
2017-09-11,제주,105.26,-0.0,-0.01,5.26,21.05
2017-09-11,기타지방,135.46,-0.05,-0.05,5.41,40.2
2017-09-18,전국,,,0.02,,
2017-09-18,서울,146.31,0.04,0.08,6.93,75.75
2017-09-18,인천,152.34,0.02,0.03,5.43,60.82
2017-09-18,경기도,133.86,0.02,0.03,3.76,56.22
2017-09-18,부산,117.48,-0.01,0.0,1.35,26.62
2017-09-18,대구,133.93,0.05,0.03,2.47,55.76
2017-09-18,광주,159.21,0.04,0.05,7.72,65.99
2017-09-18,대전,154.68,0.01,0.02,3.02,38.48
2017-09-18,세종,0.0,0.0,0.13,0.0,0.0
2017-09-18,울산,97.87,-0.03,-0.05,2.3,22.73
2017-09-18,강원,165.07,0.05,0.03,0.0,68.84
2017-09-18,충북,178.39,-0.03,-0.12,2.39,27.05
2017-09-18,충남,138.59,0.0,-0.08,2.37,21.35
2017-09-18,전북,178.63,-0.0,0.02,6.17,49.43
2017-09-18,전남,178.57,0.02,0.06,34.62,111.69
2017-09-18,경북,102.03,-0.03,-0.13,1.23,17.0
2017-09-18,경남,74.8,-0.13,-0.08,1.04,26.72
2017-09-18,제주,110.0,0.0,-0.0,0.0,10.0
2017-09-18,기타지방,131.76,-0.03,-0.05,5.0,39.23
2017-09-25,전국,,,0.03,,
2017-09-25,서울,147.07,0.05,0.11,9.69,82.98
2017-09-25,인천,147.85,0.01,0.03,3.13,57.0
2017-09-25,경기도,129.62,0.0,0.03,4.59,55.62
2017-09-25,부산,112.89,-0.0,0.0,1.51,23.29
2017-09-25,대구,136.67,0.02,0.03,1.12,49.79
2017-09-25,광주,163.16,0.05,0.03,9.81,73.44
2017-09-25,대전,160.18,0.03,0.05,2.6,38.45
2017-09-25,세종,0.0,0.03,0.05,0.0,0.0
2017-09-25,울산,98.85,-0.03,-0.07,0.0,17.39
2017-09-25,강원,174.44,0.02,0.06,3.14,73.09
2017-09-25,충북,172.81,-0.03,-0.08,1.16,24.08
2017-09-25,충남,134.36,-0.0,-0.02,2.4,24.42
2017-09-25,전북,178.73,0.02,0.01,6.77,49.31
2017-09-25,전남,180.13,-0.0,0.04,36.27,121.18
2017-09-25,경북,107.9,-0.04,-0.15,0.0,8.32
2017-09-25,경남,68.85,-0.05,-0.08,1.04,26.77
2017-09-25,제주,116.67,0.0,-0.1,0.0,11.11
2017-09-25,기타지방,130.38,-0.02,-0.04,5.29,39.46
2017-10-09,전국,,,0.02,,
2017-10-09,서울,141.79,0.04,0.1,9.91,84.32
2017-10-09,인천,145.69,0.0,0.01,2.9,62.63
2017-10-09,경기도,134.25,-0.0,0.02,3.57,56.6
2017-10-09,부산,116.9,-0.01,-0.01,1.26,23.48
2017-10-09,대구,134.49,0.0,0.02,1.0,54.26
2017-10-09,광주,156.79,0.05,0.0,6.78,65.35
2017-10-09,대전,162.37,0.01,0.01,0.67,23.8
2017-10-09,세종,0.0,0.11,0.02,0.0,0.0
2017-10-09,울산,102.21,-0.05,-0.03,0.0,18.69
2017-10-09,강원,172.9,0.02,0.02,3.31,81.87
2017-10-09,충북,148.27,-0.02,-0.03,0.0,10.66
2017-10-09,충남,135.51,-0.03,-0.02,2.32,28.0
2017-10-09,전북,185.56,0.0,0.02,1.12,57.42
2017-10-09,전남,178.16,0.0,-0.0,30.84,114.44
2017-10-09,경북,110.31,-0.01,-0.05,3.66,19.69
2017-10-09,경남,61.24,-0.08,-0.04,0.52,24.74
2017-10-09,제주,100.0,0.0,-0.02,5.26,47.37
2017-10-09,기타지방,127.1,-0.02,-0.02,4.12,40.95
2017-10-16,전국,,,0.03,,
2017-10-16,서울,146.22,0.06,0.15,11.1,88.27
2017-10-16,인천,138.98,0.02,0.03,2.61,51.04
2017-10-16,경기도,129.56,-0.01,0.03,5.66,53.64
2017-10-16,부산,118.28,-0.02,-0.02,0.79,17.06
2017-10-16,대구,132.29,0.0,0.07,3.88,51.56
2017-10-16,광주,167.71,0.01,0.02,8.43,68.27
2017-10-16,대전,165.3,0.05,0.04,5.87,39.85
2017-10-16,세종,0.0,0.1,0.0,0.0,0.0
2017-10-16,울산,99.02,-0.05,-0.04,0.0,15.47
2017-10-16,강원,172.9,0.02,0.01,1.86,81.6
2017-10-16,충북,170.54,-0.04,-0.11,0.0,19.46
2017-10-16,충남,130.42,-0.0,-0.02,4.43,30.09
2017-10-16,전북,179.13,0.01,0.0,5.64,51.32
2017-10-16,전남,175.68,0.04,0.06,22.73,90.2
2017-10-16,경북,106.4,-0.01,-0.12,0.0,8.71
2017-10-16,경남,72.08,-0.07,-0.04,1.21,34.9
2017-10-16,제주,130.0,-0.0,-0.0,0.0,45.0
2017-10-16,기타지방,130.33,-0.02,-0.03,3.87,40.67
2017-10-23,전국,,,0.03,,
2017-10-23,서울,141.89,0.05,0.15,12.7,84.55
2017-10-23,인천,135.17,0.02,0.01,0.94,45.21
2017-10-23,경기도,125.37,-0.0,0.04,5.04,49.54
2017-10-23,부산,113.21,-0.04,-0.0,1.67,23.15
2017-10-23,대구,127.18,0.01,0.05,1.68,52.66
2017-10-23,광주,166.23,0.03,0.05,11.44,70.3
2017-10-23,대전,159.88,0.05,0.05,1.9,35.94
2017-10-23,세종,0.0,0.03,0.03,0.0,0.0
2017-10-23,울산,103.8,-0.08,-0.07,1.15,15.44
2017-10-23,강원,172.89,0.0,0.02,4.49,69.85
2017-10-23,충북,153.73,-0.05,-0.11,1.12,8.6
2017-10-23,충남,130.27,-0.06,-0.1,1.76,19.4
2017-10-23,전북,176.58,-0.01,0.01,4.94,48.62
2017-10-23,전남,183.19,0.04,0.09,20.6,86.84
2017-10-23,경북,109.16,-0.03,-0.09,0.0,9.63
2017-10-23,경남,74.6,-0.11,-0.12,2.22,27.44
2017-10-23,제주,133.33,0.0,-0.03,0.0,42.86
2017-10-23,기타지방,129.75,-0.04,-0.06,3.81,33.97
2017-10-30,전국,,,0.03,,
2017-10-30,서울,141.97,0.05,0.14,11.34,84.05
2017-10-30,인천,123.78,0.02,0.03,2.1,44.29
2017-10-30,경기도,121.89,-0.02,0.04,3.19,46.42
2017-10-30,부산,106.19,-0.02,-0.01,0.7,14.99
2017-10-30,대구,130.48,-0.0,0.04,0.47,48.94
2017-10-30,광주,162.53,0.04,0.04,14.32,75.8
2017-10-30,대전,163.62,0.01,0.02,2.74,40.23
2017-10-30,세종,0.0,-0.0,0.0,0.0,0.0
2017-10-30,울산,99.94,-0.09,-0.08,1.19,18.1
2017-10-30,강원,160.35,0.0,0.05,4.99,69.48
2017-10-30,충북,174.15,-0.05,-0.05,0.0,14.15
2017-10-30,충남,129.15,-0.03,-0.04,1.76,25.16
2017-10-30,전북,173.54,0.01,-0.02,2.92,42.66
2017-10-30,전남,177.9,0.01,0.03,16.25,84.74
2017-10-30,경북,109.02,-0.0,-0.01,0.0,9.39
2017-10-30,경남,70.73,-0.09,-0.14,0.5,24.7
2017-10-30,제주,135.0,-0.11,-0.12,5.0,30.0
2017-10-30,기타지방,128.75,-0.03,-0.05,2.69,33.89
2017-11-06,전국,,,0.04,,
2017-11-06,서울,137.19,0.05,0.17,10.59,81.5
2017-11-06,인천,117.28,0.02,0.02,1.68,39.58
2017-11-06,경기도,117.98,-0.01,0.04,2.98,46.2
2017-11-06,부산,108.19,-0.02,-0.01,0.28,16.7
2017-11-06,대구,127.99,0.0,0.03,0.27,43.7
2017-11-06,광주,169.02,0.01,0.05,4.83,63.38
2017-11-06,대전,161.13,0.06,0.02,2.4,40.54
2017-11-06,세종,0.0,0.09,-0.0,0.0,0.0
2017-11-06,울산,79.35,-0.01,-0.03,1.11,15.8
2017-11-06,강원,154.85,0.01,0.05,3.21,69.04
2017-11-06,충북,171.62,-0.01,-0.07,1.3,18.7
2017-11-06,충남,118.69,-0.06,-0.02,1.83,19.18
2017-11-06,전북,175.26,0.02,0.06,2.43,43.47
2017-11-06,전남,176.79,-0.0,0.01,9.66,91.95
2017-11-06,경북,106.96,-0.09,-0.04,0.0,7.07
2017-11-06,경남,69.76,-0.11,-0.1,1.56,21.41
2017-11-06,제주,128.57,-0.0,-0.0,0.0,19.05
2017-11-06,기타지방,125.84,-0.04,-0.03,2.27,32.78
2017-11-13,전국,,,0.03,,
2017-11-13,서울,133.85,0.06,0.16,14.73,87.5
2017-11-13,인천,109.73,-0.0,0.01,1.71,40.12
2017-11-13,경기도,107.82,-0.03,0.03,1.58,43.76
2017-11-13,부산,107.77,-0.03,-0.02,0.29,11.46
2017-11-13,대구,124.71,0.01,0.02,0.27,43.38
2017-11-13,광주,162.54,0.05,0.07,7.57,71.4
2017-11-13,대전,153.75,0.01,0.02,3.96,42.92
2017-11-13,세종,0.0,0.11,0.0,0.0,0.0
2017-11-13,울산,79.73,-0.13,-0.1,1.19,16.65
2017-11-13,강원,160.09,-0.0,0.03,1.27,66.54
2017-11-13,충북,178.27,-0.03,-0.07,3.59,19.83
2017-11-13,충남,122.98,-0.04,-0.05,1.7,17.74
2017-11-13,전북,174.34,0.01,-0.03,3.41,45.4
2017-11-13,전남,180.88,0.0,0.01,21.62,88.69
2017-11-13,경북,100.26,-0.0,-0.01,0.0,8.32
2017-11-13,경남,68.65,-0.08,-0.1,0.52,18.76
2017-11-13,제주,123.81,-0.0,0.0,0.0,9.52
2017-11-13,기타지방,126.69,-0.02,-0.04,3.24,31.68
2017-11-20,전국,,,0.03,,
2017-11-20,서울,132.13,0.06,0.15,15.99,86.49
2017-11-20,인천,104.81,-0.01,0.0,1.74,37.7
2017-11-20,경기도,108.43,-0.01,0.01,1.58,42.27
2017-11-20,부산,106.67,-0.03,-0.02,0.38,10.77
2017-11-20,대구,130.41,0.01,0.03,0.0,43.73
2017-11-20,광주,169.73,0.01,0.07,6.25,67.89
2017-11-20,대전,144.8,0.01,0.04,2.57,39.92
2017-11-20,세종,0.0,0.09,0.0,0.0,0.0
2017-11-20,울산,86.39,-0.07,-0.08,1.98,15.93
2017-11-20,강원,148.89,0.09,0.04,1.35,66.55
2017-11-20,충북,167.48,-0.01,-0.04,1.2,18.35
2017-11-20,충남,125.35,-0.05,-0.07,1.67,19.88
2017-11-20,전북,162.98,0.0,-0.01,4.02,44.49
2017-11-20,전남,183.36,0.01,0.07,10.86,82.8
2017-11-20,경북,87.51,-0.03,-0.08,0.0,6.84
2017-11-20,경남,67.06,-0.05,-0.08,0.0,25.04
2017-11-20,제주,121.05,0.0,-0.0,0.0,21.05
2017-11-20,기타지방,121.42,-0.01,-0.04,1.99,32.78
2017-11-27,전국,,,0.03,,
2017-11-27,서울,135.1,0.03,0.16,18.3,92.9
2017-11-27,인천,95.21,-0.02,0.01,0.45,32.18
2017-11-27,경기도,106.82,-0.02,0.02,2.0,41.85
2017-11-27,부산,102.58,-0.01,-0.02,0.0,9.84
2017-11-27,대구,123.44,0.02,0.01,0.84,42.32
2017-11-27,광주,164.41,0.04,0.07,9.17,72.61
2017-11-27,대전,150.4,0.07,0.04,1.94,42.26
2017-11-27,세종,0.0,-0.0,-0.0,0.0,0.0
2017-11-27,울산,73.42,-0.1,-0.06,0.88,13.68
2017-11-27,강원,143.18,0.02,0.01,3.95,64.5
2017-11-27,충북,152.48,0.0,-0.06,2.43,15.79
2017-11-27,충남,121.93,-0.02,-0.06,0.0,11.68
2017-11-27,전북,165.46,0.0,-0.01,4.52,41.72
2017-11-27,전남,185.47,0.0,0.0,17.33,99.15
2017-11-27,경북,99.84,-0.03,-0.08,0.0,7.83
2017-11-27,경남,62.35,-0.06,-0.11,1.19,25.43
2017-11-27,제주,175.0,0.0,-0.0,0.0,10.0
2017-11-27,기타지방,120.54,-0.02,-0.05,3.04,32.3
2017-12-04,전국,,,0.03,,
2017-12-04,서울,135.26,0.05,0.18,18.51,92.96
2017-12-04,인천,93.89,-0.04,0.01,0.98,32.05
2017-12-04,경기도,98.75,-0.03,0.02,2.84,41.68
2017-12-04,부산,98.34,-0.05,-0.02,0.0,13.82
2017-12-04,대구,115.03,0.01,0.02,0.0,35.93
2017-12-04,광주,121.95,0.02,0.05,5.95,59.82
2017-12-04,대전,146.21,0.02,0.02,3.38,40.82
2017-12-04,세종,0.0,0.0,0.01,0.0,0.0
2017-12-04,울산,76.86,-0.08,-0.08,2.03,18.23
2017-12-04,강원,143.83,0.0,0.01,2.7,57.53
2017-12-04,충북,169.39,0.0,-0.03,2.6,14.3
2017-12-04,충남,122.6,-0.05,-0.05,2.18,19.81
2017-12-04,전북,158.47,-0.0,0.0,0.81,40.59
2017-12-04,전남,181.31,0.0,0.0,11.52,86.93
2017-12-04,경북,102.25,-0.04,-0.07,0.95,6.9
2017-12-04,경남,64.94,-0.03,-0.03,0.0,20.64
2017-12-04,제주,172.22,0.0,-0.02,0.0,22.22
2017-12-04,기타지방,122.16,-0.02,-0.03,2.08,30.22
2017-12-11,전국,,,0.03,,
2017-12-11,서울,131.49,0.03,0.17,17.79,91.42
2017-12-11,인천,95.04,-0.01,0.0,0.0,30.74
2017-12-11,경기도,95.34,-0.03,0.01,1.83,36.75
2017-12-11,부산,97.44,-0.01,-0.01,0.25,13.19
2017-12-11,대구,114.23,-0.0,0.0,1.8,34.34
2017-12-11,광주,139.69,0.02,0.06,4.81,63.22
2017-12-11,대전,150.67,0.04,0.08,2.67,42.47
2017-12-11,세종,0.0,0.0,-0.0,0.0,0.0
2017-12-11,울산,78.53,-0.11,-0.08,2.07,17.3
2017-12-11,강원,149.22,0.0,0.01,0.0,59.33
2017-12-11,충북,173.14,0.0,-0.04,2.28,12.54
2017-12-11,충남,126.29,-0.02,-0.04,1.6,18.59
2017-12-11,전북,158.66,-0.02,0.02,1.37,35.67
2017-12-11,전남,184.75,0.04,0.1,17.49,94.96
2017-12-11,경북,107.35,-0.03,-0.04,1.04,11.19
2017-12-11,경남,63.68,-0.03,-0.06,0.0,22.07
2017-12-11,제주,111.76,0.0,-0.01,5.88,47.06
2017-12-11,기타지방,123.73,-0.02,-0.02,2.41,31.62
2017-12-18,전국,,,0.03,,
2017-12-18,서울,131.59,0.04,0.17,16.96,91.04
2017-12-18,인천,88.64,-0.04,0.01,0.41,32.62
2017-12-18,경기도,95.34,-0.01,0.01,3.48,41.04
2017-12-18,부산,98.4,-0.01,-0.01,0.55,15.72
2017-12-18,대구,117.49,-0.0,0.01,0.86,35.19
2017-12-18,광주,128.65,0.02,0.03,5.73,58.01
2017-12-18,대전,148.16,0.05,0.03,3.68,38.31
2017-12-18,세종,0.0,0.0,0.05,0.0,0.0
2017-12-18,울산,74.34,-0.07,-0.06,2.17,20.6
2017-12-18,강원,143.87,-0.0,-0.0,0.0,55.28
2017-12-18,충북,167.7,-0.0,-0.0,0.0,5.11
2017-12-18,충남,110.23,-0.04,-0.12,1.04,16.91
2017-12-18,전북,158.86,-0.0,-0.0,1.15,35.91
2017-12-18,전남,170.02,0.01,0.03,15.46,81.52
2017-12-18,경북,108.37,-0.04,-0.02,0.0,8.57
2017-12-18,경남,62.66,-0.05,-0.05,0.0,15.32
2017-12-18,제주,121.05,-0.04,-0.03,5.26,36.84
2017-12-18,기타지방,118.86,-0.03,-0.03,1.71,26.75
2017-12-25,전국,,,0.04,,
2017-12-25,서울,131.1,0.04,0.18,21.52,96.56
2017-12-25,인천,87.36,-0.03,0.02,1.2,33.76
2017-12-25,경기도,100.07,-0.02,0.02,2.8,37.98
2017-12-25,부산,100.6,-0.02,-0.01,0.0,11.36
2017-12-25,대구,109.39,0.01,0.01,0.21,31.58
2017-12-25,광주,138.48,0.02,0.01,6.2,58.31
2017-12-25,대전,144.11,0.03,0.02,4.16,41.28
2017-12-25,세종,0.0,0.0,0.0,0.0,0.0
2017-12-25,울산,82.98,-0.06,-0.01,2.13,14.48
2017-12-25,강원,145.83,0.02,0.02,2.13,56.67
2017-12-25,충북,166.63,0.0,-0.0,0.0,8.39
2017-12-25,충남,116.67,-0.0,-0.01,0.61,13.42
2017-12-25,전북,161.04,-0.01,-0.0,2.49,43.33
2017-12-25,전남,184.96,0.01,0.03,18.74,88.67
2017-12-25,경북,102.77,-0.03,-0.01,0.0,4.8
2017-12-25,경남,66.03,-0.02,-0.07,1.12,22.44
2017-12-25,제주,127.78,0.0,-0.0,0.0,22.22
2017-12-25,기타지방,121.71,-0.01,-0.02,2.52,29.54
2018-01-08,전국,,,0.05,,
2018-01-08,서울,132.88,0.04,0.29,32.98,113.33
2018-01-08,인천,85.07,-0.04,0.01,0.63,28.44
2018-01-08,경기도,94.96,-0.01,0.03,5.06,38.72
2018-01-08,부산,94.4,-0.03,-0.01,0.96,11.81
2018-01-08,대구,119.61,-0.01,-0.0,0.84,36.7
2018-01-08,광주,134.11,0.04,0.03,5.73,56.35
2018-01-08,대전,140.85,0.05,0.08,2.65,36.57
2018-01-08,세종,0.0,0.0,0.02,0.0,0.0
2018-01-08,울산,70.38,-0.03,-0.01,0.0,16.25
2018-01-08,강원,135.02,0.01,-0.0,1.35,67.72
2018-01-08,충북,146.69,0.0,-0.03,0.0,7.13
2018-01-08,충남,113.0,-0.04,-0.09,2.07,14.85
2018-01-08,전북,158.88,0.0,-0.04,1.37,40.84
2018-01-08,전남,180.53,0.04,0.02,10.68,82.46
2018-01-08,경북,109.51,-0.05,-0.1,0.95,8.99
2018-01-08,경남,69.9,-0.04,-0.05,0.57,19.97
2018-01-08,제주,122.22,0.0,-0.11,0.0,5.56
2018-01-08,기타지방,119.11,-0.02,-0.05,1.81,29.79
2018-01-15,전국,,,0.05,,
2018-01-15,서울,135.09,0.03,0.3,40.09,123.58
2018-01-15,인천,88.54,-0.04,0.01,1.38,33.97
2018-01-15,경기도,99.77,-0.02,0.03,6.8,40.46
2018-01-15,부산,87.26,-0.03,-0.03,0.17,12.48
2018-01-15,대구,117.65,-0.01,0.01,2.6,40.22
2018-01-15,광주,126.85,0.02,0.04,5.38,55.79
2018-01-15,대전,140.07,0.03,0.01,3.01,36.34
2018-01-15,세종,0.0,0.0,0.03,0.0,0.0
2018-01-15,울산,70.84,-0.07,-0.06,1.94,18.83
2018-01-15,강원,142.86,0.0,0.0,2.85,71.86
2018-01-15,충북,175.03,-0.01,-0.04,0.0,3.5
2018-01-15,충남,119.14,-0.07,-0.07,0.55,13.7
2018-01-15,전북,152.43,0.0,-0.02,2.51,45.49
2018-01-15,전남,176.28,0.0,0.01,13.99,82.36
2018-01-15,경북,107.03,-0.08,-0.17,2.39,5.92
2018-01-15,경남,74.47,-0.09,-0.1,2.26,25.61
2018-01-15,제주,106.25,0.0,-0.0,0.0,18.75
2018-01-15,기타지방,123.43,-0.04,-0.06,2.78,31.13
2018-01-22,전국,,,0.07,,
2018-01-22,서울,132.52,0.04,0.37,39.44,125.49
2018-01-22,인천,93.15,-0.04,0.01,0.55,33.85
2018-01-22,경기도,98.66,-0.02,0.04,6.7,43.89
2018-01-22,부산,95.53,-0.07,-0.03,0.53,12.73
2018-01-22,대구,115.01,0.01,0.02,0.97,37.06
2018-01-22,광주,135.56,0.04,0.04,6.3,53.78
2018-01-22,대전,146.87,0.02,0.05,3.0,34.98
2018-01-22,세종,0.0,0.0,-0.0,0.0,0.0
2018-01-22,울산,67.3,-0.03,-0.05,0.92,15.11
2018-01-22,강원,161.19,-0.03,-0.01,2.7,59.27
2018-01-22,충북,158.41,0.0,-0.13,1.48,8.09
2018-01-22,충남,114.4,-0.04,-0.06,0.55,8.55
2018-01-22,전북,152.43,0.0,-0.05,3.66,44.24
2018-01-22,전남,176.42,0.0,-0.0,16.91,86.97
2018-01-22,경북,122.47,-0.05,-0.05,0.0,2.87
2018-01-22,경남,74.29,-0.06,-0.12,0.0,23.64
2018-01-22,제주,110.53,0.0,0.0,0.0,15.79
2018-01-22,기타지방,124.35,-0.03,-0.07,2.44,29.04
2018-01-29,전국,,,0.06,,
2018-01-29,서울,133.72,0.03,0.29,34.58,120.3
2018-01-29,인천,98.21,-0.0,0.01,1.22,35.22
2018-01-29,경기도,101.73,-0.01,0.04,6.99,46.53
2018-01-29,부산,107.55,-0.02,-0.02,0.0,22.06
2018-01-29,대구,110.27,-0.0,0.01,1.55,43.6
2018-01-29,광주,175.93,0.0,0.0,9.62,63.81
2018-01-29,대전,161.75,0.0,0.0,4.38,44.82
2018-01-29,세종,0.0,0.0,0.0,0.0,0.0
2018-01-29,울산,75.91,-0.03,-0.03,0.0,7.61
2018-01-29,강원,181.56,-0.04,-0.01,0.0,73.42
2018-01-29,충북,129.65,0.0,-0.01,0.0,45.82
2018-01-29,충남,101.9,-0.06,-0.02,2.62,11.76
2018-01-29,전북,158.94,-0.0,0.0,0.0,30.77
2018-01-29,전남,171.16,0.01,0.01,22.11,103.12
2018-01-29,경북,115.84,-0.06,-0.02,0.0,13.14
2018-01-29,경남,97.88,-0.03,-0.03,0.0,14.13
2018-01-29,제주,160.0,0.0,0.0,0.0,20.0
2018-01-29,기타지방,127.21,-0.03,-0.01,2.33,34.37
2018-02-05,전국,,,0.08,,
2018-02-05,서울,131.71,0.05,0.33,39.97,127.05
2018-02-05,인천,89.32,-0.01,0.0,2.27,39.75
2018-02-05,경기도,99.9,-0.02,0.07,6.55,45.42
2018-02-05,부산,106.12,-0.02,-0.02,0.0,17.33
2018-02-05,대구,126.36,0.0,0.01,1.28,37.62
2018-02-05,광주,135.53,0.01,0.02,7.63,47.62
2018-02-05,대전,141.17,-0.01,0.01,5.01,43.22
2018-02-05,세종,0.0,0.0,0.04,0.0,0.0
2018-02-05,울산,66.64,-0.07,-0.01,0.0,9.94
2018-02-05,강원,162.68,0.0,0.0,0.0,57.97
2018-02-05,충북,118.53,-0.04,-0.0,0.0,43.97
2018-02-05,충남,115.91,0.0,0.0,1.77,10.39
2018-02-05,전북,159.24,-0.02,-0.0,0.0,36.14
2018-02-05,전남,156.69,-0.0,0.02,15.8,80.05
2018-02-05,경북,122.02,-0.01,-0.07,0.0,2.91
2018-02-05,경남,104.9,-0.05,-0.06,0.0,16.6
2018-02-05,제주,133.33,0.0,0.0,0.0,16.67
2018-02-05,기타지방,126.95,-0.02,-0.02,1.65,29.71
2018-02-19,전국,,,0.0,,
2018-02-19,서울,128.34,0.0,0.0,36.08,123.54
2018-02-19,인천,105.0,0.0,0.0,2.38,36.64
2018-02-19,경기도,92.37,-0.0,0.0,5.13,39.57
2018-02-19,부산,100.88,0.0,0.0,1.03,17.53
2018-02-19,대구,126.45,-0.0,0.0,2.02,46.74
2018-02-19,광주,126.0,0.0,0.0,7.27,66.41
2018-02-19,대전,148.48,0.0,0.0,3.79,38.92
2018-02-19,세종,0.0,0.0,0.0,0.0,0.0
2018-02-19,울산,106.99,0.0,0.0,0.0,16.43
2018-02-19,강원,149.88,0.0,0.0,0.0,61.65
2018-02-19,충북,163.45,0.0,0.0,0.0,7.23
2018-02-19,충남,111.97,0.0,0.0,1.32,13.83
2018-02-19,전북,140.62,-0.0,0.0,1.48,38.31
2018-02-19,전남,170.32,0.0,0.0,20.85,83.51
2018-02-19,경북,107.47,0.0,0.0,0.0,6.07
2018-02-19,경남,77.32,0.0,-0.0,0.0,30.48
2018-02-19,제주,100.0,0.0,0.0,0.0,29.41
2018-02-19,기타지방,119.73,0.0,0.0,2.32,31.4
2018-02-26,전국,,,0.1,,
2018-02-26,서울,125.08,0.04,0.43,33.75,121.31
2018-02-26,인천,96.35,-0.01,0.01,2.59,40.88
2018-02-26,경기도,103.54,-0.03,0.07,6.2,47.68
2018-02-26,부산,100.76,-0.04,-0.06,0.89,16.08
2018-02-26,대구,122.44,-0.0,0.02,2.38,39.96
2018-02-26,광주,145.04,0.03,0.06,9.7,70.91
2018-02-26,대전,151.53,-0.03,0.05,5.17,36.54
2018-02-26,세종,0.0,0.0,0.09,0.0,0.0
2018-02-26,울산,86.15,-0.03,-0.02,1.24,17.75
2018-02-26,강원,151.58,-0.03,0.0,0.0,65.77
2018-02-26,충북,150.82,-0.05,-0.05,1.51,14.39
2018-02-26,충남,113.86,-0.04,-0.02,1.4,15.95
2018-02-26,전북,149.87,-0.01,-0.02,0.0,34.08
2018-02-26,전남,173.0,0.02,0.04,17.57,78.85
2018-02-26,경북,96.08,-0.0,-0.0,1.04,7.9
2018-02-26,경남,95.75,-0.04,-0.06,0.0,25.62
2018-02-26,제주,115.79,0.0,0.0,0.0,31.58
2018-02-26,기타지방,124.22,-0.02,-0.02,2.17,31.24
2018-03-05,전국,,,0.07,,
2018-03-05,서울,118.98,0.03,0.3,32.1,117.89
2018-03-05,인천,98.93,-0.01,0.01,1.57,32.08
2018-03-05,경기도,101.24,-0.0,0.07,6.35,53.49
2018-03-05,부산,100.98,-0.02,-0.02,1.47,28.04
2018-03-05,대구,123.75,0.01,0.01,10.56,58.81
2018-03-05,광주,145.78,0.01,0.04,10.41,63.95
2018-03-05,대전,150.9,-0.01,0.01,4.35,44.36
2018-03-05,세종,0.0,0.0,0.24,0.0,0.0
2018-03-05,울산,85.92,-0.02,-0.04,1.19,12.62
2018-03-05,강원,159.22,0.0,0.0,0.0,51.29
2018-03-05,충북,135.22,-0.01,-0.11,1.3,18.2
2018-03-05,충남,104.61,0.0,-0.02,1.61,40.81
2018-03-05,전북,142.9,-0.01,-0.01,1.37,37.82
2018-03-05,전남,158.29,0.03,0.06,9.7,72.74
2018-03-05,경북,79.18,-0.12,-0.1,3.37,25.14
2018-03-05,경남,96.66,-0.06,-0.03,0.0,16.32
2018-03-05,제주,115.0,0.0,-0.03,0.0,30.0
2018-03-05,기타지방,115.74,-0.03,-0.03,2.08,32.79
2018-03-12,전국,,,0.06,,
2018-03-12,서울,119.38,0.03,0.29,24.9,108.01
2018-03-12,인천,102.2,-0.0,0.01,0.84,31.62
2018-03-12,경기도,99.5,-0.02,0.04,6.12,49.4
2018-03-12,부산,106.58,-0.02,-0.05,1.59,26.1
2018-03-12,대구,119.87,0.0,0.05,8.7,51.79
2018-03-12,광주,153.43,0.0,0.01,10.18,51.53
2018-03-12,대전,153.12,-0.0,0.02,5.9,45.39
2018-03-12,세종,0.0,0.0,0.18,0.0,0.0
2018-03-12,울산,100.22,-0.03,-0.01,0.0,4.58
2018-03-12,강원,154.21,0.01,0.0,5.74,63.33
2018-03-12,충북,139.07,-0.01,-0.03,0.95,17.39
2018-03-12,충남,103.82,-0.05,-0.03,2.21,37.04
2018-03-12,전북,133.61,-0.03,-0.03,2.12,38.12
2018-03-12,전남,186.2,0.03,0.01,12.62,67.48
2018-03-12,경북,93.9,-0.06,-0.1,1.9,12.97
2018-03-12,경남,97.48,-0.06,-0.09,0.0,16.92
2018-03-12,제주,85.0,-0.04,-0.03,0.0,10.0
2018-03-12,기타지방,118.16,-0.03,-0.04,2.55,30.38
2018-03-19,전국,,,0.05,,
2018-03-19,서울,115.71,0.01,0.23,23.98,104.73
2018-03-19,인천,113.89,-0.02,0.01,0.0,31.17
2018-03-19,경기도,101.55,-0.02,0.04,4.75,46.5
2018-03-19,부산,106.36,-0.02,-0.03,0.32,18.53
2018-03-19,대구,115.85,0.0,0.03,7.28,53.93
2018-03-19,광주,163.97,0.02,0.02,6.87,43.18
2018-03-19,대전,151.74,0.0,0.04,6.16,48.69
2018-03-19,세종,0.0,-0.06,0.01,0.0,0.0
2018-03-19,울산,90.3,-0.03,-0.03,0.0,7.04
2018-03-19,강원,158.59,-0.0,-0.0,2.91,56.61
2018-03-19,충북,130.8,-0.01,-0.04,0.0,17.09
2018-03-19,충남,101.49,-0.01,-0.01,0.0,40.51
2018-03-19,전북,138.45,-0.02,-0.0,0.0,44.97
2018-03-19,전남,185.56,0.01,0.02,16.76,76.03
2018-03-19,경북,92.08,-0.09,-0.05,1.99,9.43
2018-03-19,경남,89.29,-0.09,-0.09,0.0,16.18
2018-03-19,제주,70.0,0.0,-0.0,0.0,15.0
2018-03-19,기타지방,115.34,-0.04,-0.03,2.06,31.6
2018-03-26,전국,,,0.05,,
2018-03-26,서울,117.11,0.01,0.22,18.76,101.15
2018-03-26,인천,109.74,0.01,0.03,2.42,35.25
2018-03-26,경기도,97.02,-0.02,0.04,3.59,43.82
2018-03-26,부산,106.12,-0.0,-0.01,0.46,20.54
2018-03-26,대구,122.86,0.03,0.04,5.12,50.41
2018-03-26,광주,165.14,0.03,0.03,6.74,42.74
2018-03-26,대전,144.55,0.01,0.04,7.02,49.15
2018-03-26,세종,0.0,-0.0,0.03,0.0,0.0
2018-03-26,울산,82.48,-0.04,-0.05,0.0,4.83
2018-03-26,강원,147.45,0.01,-0.0,2.7,50.63
2018-03-26,충북,127.96,-0.02,-0.04,0.0,14.25
2018-03-26,충남,106.43,0.0,0.0,0.0,32.13
2018-03-26,전북,130.1,0.0,-0.02,0.0,39.88
2018-03-26,전남,188.75,0.02,0.0,14.47,74.44
2018-03-26,경북,82.76,-0.06,-0.1,1.99,10.9
2018-03-26,경남,90.37,-0.07,-0.14,0.0,10.46
2018-03-26,제주,55.0,0.0,0.0,0.0,15.0
2018-03-26,기타지방,113.99,-0.02,-0.06,1.73,28.86
2018-04-02,전국,,,0.03,,
2018-04-02,서울,111.32,0.01,0.19,13.73,94.78
2018-04-02,인천,101.13,0.0,0.02,0.35,28.39
2018-04-02,경기도,96.36,-0.03,0.03,2.51,43.46
2018-04-02,부산,101.1,-0.01,-0.02,0.43,21.24
2018-04-02,대구,118.59,0.01,0.07,4.66,54.67
2018-04-02,광주,171.17,0.02,0.03,4.66,46.24
2018-04-02,대전,143.24,0.0,0.01,7.81,45.24
2018-04-02,세종,0.0,0.0,-0.01,0.0,0.0
2018-04-02,울산,85.86,-0.06,-0.02,0.0,10.23
2018-04-02,강원,140.03,-0.03,0.0,2.52,43.48
2018-04-02,충북,123.65,-0.0,-0.02,0.0,10.38
2018-04-02,충남,105.37,-0.06,-0.02,1.81,31.37
2018-04-02,전북,131.12,0.0,-0.02,0.0,33.82
2018-04-02,전남,188.25,0.02,-0.01,18.57,71.71
2018-04-02,경북,81.74,-0.06,-0.1,1.9,13.26
2018-04-02,경남,83.77,-0.1,-0.18,0.0,12.74
2018-04-02,제주,85.0,0.0,0.0,0.0,35.0
2018-04-02,기타지방,110.04,-0.04,-0.07,2.33,26.17
2018-04-09,전국,,,0.03,,
2018-04-09,서울,111.5,0.0,0.16,12.12,91.54
2018-04-09,인천,104.6,-0.01,0.0,1.76,34.15
2018-04-09,경기도,95.92,-0.01,0.05,1.71,41.2
2018-04-09,부산,96.02,-0.01,-0.01,0.33,20.42
2018-04-09,대구,122.04,0.0,0.06,2.5,42.86
2018-04-09,광주,156.07,0.04,0.01,6.23,50.39
2018-04-09,대전,148.58,0.01,0.01,8.28,44.67
2018-04-09,세종,0.0,0.0,0.0,0.0,0.0
2018-04-09,울산,83.22,-0.06,-0.08,0.0,11.26
2018-04-09,강원,138.65,-0.03,0.01,4.65,72.2
2018-04-09,충북,133.32,-0.02,-0.08,0.0,28.19
2018-04-09,충남,92.7,-0.05,-0.02,0.0,43.4
2018-04-09,전북,135.73,-0.02,-0.08,0.0,36.66
2018-04-09,전남,175.99,0.02,0.0,16.17,71.51
2018-04-09,경북,95.61,-0.03,-0.15,1.9,8.69
2018-04-09,경남,74.69,-0.12,-0.19,0.79,14.33
2018-04-09,제주,78.57,-0.06,-0.09,0.0,42.86
2018-04-09,기타지방,108.11,-0.05,-0.09,2.24,32.87
2018-04-16,전국,,,0.01,,
2018-04-16,서울,115.1,-0.03,0.11,7.65,81.16
2018-04-16,인천,105.59,-0.0,-0.02,3.02,31.94
2018-04-16,경기도,96.77,-0.02,0.02,1.46,38.12
2018-04-16,부산,92.59,-0.01,-0.01,0.0,20.37
2018-04-16,대구,119.49,0.03,0.05,4.43,45.77
2018-04-16,광주,169.96,0.01,0.04,8.75,45.15
2018-04-16,대전,139.41,0.0,0.01,2.3,45.07
2018-04-16,세종,0.0,-0.17,0.0,0.0,0.0
2018-04-16,울산,85.91,-0.05,-0.08,0.0,19.63
2018-04-16,강원,149.04,0.01,0.0,4.31,60.48
2018-04-16,충북,133.95,-0.01,-0.04,0.0,31.54
2018-04-16,충남,95.49,-0.06,-0.02,0.0,38.41
2018-04-16,전북,140.17,-0.0,-0.1,0.0,33.17
2018-04-16,전남,166.66,0.01,0.03,18.91,67.96
2018-04-16,경북,93.39,-0.03,-0.04,1.9,5.98
2018-04-16,경남,76.85,-0.06,-0.19,0.48,22.66
2018-04-16,제주,75.0,0.0,-0.0,0.0,10.0
2018-04-16,기타지방,109.54,-0.03,-0.07,2.36,32.03
2018-04-23,전국,,,0.02,,
2018-04-23,서울,112.68,-0.0,0.12,8.2,82.88
2018-04-23,인천,104.42,-0.01,-0.0,1.3,37.33
2018-04-23,경기도,95.13,-0.04,0.03,1.59,39.67
2018-04-23,부산,94.04,-0.01,-0.02,0.41,21.23
2018-04-23,대구,117.48,0.03,0.06,6.53,48.49
2018-04-23,광주,163.09,0.05,0.06,7.41,54.08
2018-04-23,대전,145.47,-0.01,0.0,3.6,40.93
2018-04-23,세종,0.0,-0.25,0.0,0.0,0.0
2018-04-23,울산,82.75,-0.1,-0.18,0.0,20.29
2018-04-23,강원,142.11,-0.01,-0.02,4.38,48.95
2018-04-23,충북,131.44,-0.03,-0.03,0.0,26.52
2018-04-23,충남,97.82,-0.06,-0.02,0.0,42.53
2018-04-23,전북,137.82,0.0,-0.03,0.0,32.36
2018-04-23,전남,166.97,0.02,0.09,11.06,54.65
2018-04-23,경북,84.04,-0.03,-0.04,1.9,5.98
2018-04-23,경남,78.51,-0.1,-0.17,0.0,26.44
2018-04-23,제주,90.0,-0.02,-0.1,0.0,15.0
2018-04-23,기타지방,108.85,-0.05,-0.05,1.57,31.61
2018-04-30,전국,,,0.02,,
2018-04-30,서울,111.43,-0.01,0.11,7.88,84.66
2018-04-30,인천,102.46,-0.07,-0.01,1.3,34.91
2018-04-30,경기도,98.23,-0.05,0.03,1.57,40.0
2018-04-30,부산,89.89,-0.06,-0.03,0.0,19.26
2018-04-30,대구,115.88,0.02,0.08,3.68,41.89
2018-04-30,광주,167.59,0.03,0.09,7.37,51.03
2018-04-30,대전,143.73,0.05,-0.01,3.57,40.74
2018-04-30,세종,0.0,-0.05,0.0,0.0,0.0
2018-04-30,울산,74.81,-0.12,-0.19,0.0,11.75
2018-04-30,강원,148.95,-0.0,-0.02,2.52,53.92
2018-04-30,충북,126.84,0.0,-0.06,0.0,16.73
2018-04-30,충남,96.78,-0.03,-0.02,0.0,32.0
2018-04-30,전북,124.01,-0.01,-0.02,1.17,28.48
2018-04-30,전남,165.26,0.0,0.03,17.87,69.66
2018-04-30,경북,81.13,-0.12,-0.1,3.14,9.74
2018-04-30,경남,67.95,-0.13,-0.11,0.28,27.65
2018-04-30,제주,95.0,-0.0,-0.0,0.0,20.0
2018-04-30,기타지방,103.23,-0.05,-0.05,2.39,30.47
2018-05-07,전국,,,0.01,,
2018-05-07,서울,115.27,-0.02,0.1,7.94,82.75
2018-05-07,인천,99.2,-0.02,-0.0,0.95,21.39
2018-05-07,경기도,95.17,-0.03,0.02,1.62,37.78
2018-05-07,부산,94.76,-0.01,-0.03,0.0,18.6
2018-05-07,대구,107.5,0.03,0.03,3.99,43.96
2018-05-07,광주,166.84,0.04,0.04,6.6,49.66
2018-05-07,대전,146.19,0.0,0.01,4.06,41.03
2018-05-07,세종,0.0,-0.0,0.01,0.0,0.0
2018-05-07,울산,76.41,-0.09,-0.07,0.0,10.02
2018-05-07,강원,147.6,0.0,-0.02,3.79,43.51
2018-05-07,충북,130.61,-0.02,-0.12,0.0,11.71
2018-05-07,충남,93.64,-0.03,-0.0,0.55,38.67
2018-05-07,전북,128.38,0.0,-0.03,0.0,31.34
2018-05-07,전남,167.82,-0.0,0.03,13.11,70.69
2018-05-07,경북,83.11,-0.0,-0.04,0.0,2.52
2018-05-07,경남,67.49,-0.09,-0.16,0.47,9.16
2018-05-07,제주,95.0,-0.01,0.0,0.0,10.0
2018-05-07,기타지방,103.48,-0.03,-0.06,1.66,24.11
2018-05-14,전국,,,0.01,,
2018-05-14,서울,111.01,-0.02,0.09,8.13,81.13
2018-05-14,인천,101.75,-0.03,0.0,0.95,26.61
2018-05-14,경기도,92.01,-0.05,0.02,1.54,39.84
2018-05-14,부산,95.3,-0.01,-0.03,0.0,16.69
2018-05-14,대구,113.23,0.02,0.05,3.38,45.46
2018-05-14,광주,171.64,0.02,0.06,8.14,43.28
2018-05-14,대전,139.5,0.01,0.01,2.09,40.95
2018-05-14,세종,0.0,-0.01,0.03,0.0,0.0
2018-05-14,울산,63.57,-0.11,-0.1,0.0,8.54
2018-05-14,강원,136.88,0.0,0.0,1.25,38.43
2018-05-14,충북,116.05,-0.01,-0.07,0.0,19.92
2018-05-14,충남,85.02,-0.01,-0.04,0.0,30.08
2018-05-14,전북,131.28,-0.0,-0.03,0.0,24.96
2018-05-14,전남,179.43,0.02,0.02,9.86,52.43
2018-05-14,경북,83.69,-0.03,-0.07,0.0,3.63
2018-05-14,경남,66.44,-0.16,-0.11,0.0,12.03
2018-05-14,제주,95.0,-0.0,0.0,5.0,20.0
2018-05-14,기타지방,100.8,-0.05,-0.05,1.02,22.02
2018-05-21,전국,,,0.01,,
2018-05-21,서울,115.34,-0.03,0.09,8.68,79.35
2018-05-21,인천,103.14,-0.01,0.01,2.28,26.14
2018-05-21,경기도,93.81,-0.05,0.03,0.8,37.7
2018-05-21,부산,91.07,-0.02,-0.02,0.0,18.31
2018-05-21,대구,108.64,0.01,0.02,1.39,41.12
2018-05-21,광주,168.1,0.04,0.04,6.23,35.16
2018-05-21,대전,141.18,0.01,0.01,0.74,36.92
2018-05-21,세종,0.0,-0.06,0.01,0.0,0.0
2018-05-21,울산,47.7,-0.09,-0.06,0.0,4.6
2018-05-21,강원,146.24,-0.0,-0.0,2.52,45.66
2018-05-21,충북,139.08,-0.01,-0.12,1.26,11.71
2018-05-21,충남,92.48,-0.06,-0.01,0.0,35.75
2018-05-21,전북,125.42,-0.02,-0.05,0.0,29.31
2018-05-21,전남,175.92,0.03,0.02,10.45,60.13
2018-05-21,경북,66.01,-0.01,-0.04,1.24,7.03
2018-05-21,경남,58.91,-0.12,-0.16,0.0,7.0
2018-05-21,제주,94.74,0.0,0.0,5.26,26.32
2018-05-21,기타지방,99.97,-0.04,-0.07,1.49,23.13
2018-05-28,전국,,,0.02,,
2018-05-28,서울,120.71,-0.02,0.09,8.02,77.85
2018-05-28,인천,111.23,0.02,0.01,1.91,27.6
2018-05-28,경기도,91.53,-0.03,0.02,1.22,38.01
2018-05-28,부산,90.61,-0.01,-0.01,0.0,16.71
2018-05-28,대구,114.38,0.05,0.06,1.59,41.97
2018-05-28,광주,184.54,0.01,-0.02,6.22,36.2
2018-05-28,대전,141.27,0.0,0.01,0.0,34.54
2018-05-28,세종,0.0,0.13,0.01,0.0,0.0
2018-05-28,울산,38.96,-0.08,-0.09,0.0,2.39
2018-05-28,강원,142.11,-0.0,-0.0,1.27,45.19
2018-05-28,충북,129.79,-0.01,-0.08,0.0,16.21
2018-05-28,충남,102.64,-0.03,-0.03,2.44,30.27
2018-05-28,전북,132.2,0.01,-0.01,1.15,31.11
2018-05-28,전남,171.44,0.01,0.07,5.62,49.9
2018-05-28,경북,83.21,-0.03,-0.01,0.0,2.33
2018-05-28,경남,66.88,-0.11,-0.08,0.0,5.65
2018-05-28,제주,95.0,0.02,0.0,0.0,15.0
2018-05-28,기타지방,105.07,-0.03,-0.03,1.12,20.91
2018-06-04,전국,,,0.01,,
2018-06-04,서울,122.02,-0.01,0.12,8.91,78.4
2018-06-04,인천,114.73,-0.05,-0.02,1.3,29.29
2018-06-04,경기도,95.35,-0.03,0.02,0.76,34.7
2018-06-04,부산,86.83,-0.08,-0.05,0.31,16.92
2018-06-04,대구,107.59,-0.02,0.04,1.18,39.2
2018-06-04,광주,188.6,-0.0,0.03,5.45,32.24
2018-06-04,대전,139.4,0.01,0.02,0.7,39.18
2018-06-04,세종,0.0,-0.06,0.12,0.0,0.0
2018-06-04,울산,41.64,-0.19,-0.06,0.0,3.47
2018-06-04,강원,138.13,-0.0,-0.01,1.27,45.27
2018-06-04,충북,142.48,0.0,-0.07,0.0,10.59
2018-06-04,충남,97.67,-0.08,-0.07,0.0,47.53
2018-06-04,전북,131.47,-0.08,-0.05,0.0,29.42
2018-06-04,전남,164.49,0.01,0.01,8.03,44.96
2018-06-04,경북,77.89,-0.13,-0.09,0.0,4.81
2018-06-04,경남,65.26,-0.17,-0.19,0.0,6.7
2018-06-04,제주,95.0,0.0,-0.0,0.0,15.0
2018-06-04,기타지방,103.51,-0.08,-0.08,0.8,22.83
2018-06-11,전국,,,0.02,,
2018-06-11,서울,120.9,-0.0,0.1,8.76,80.26
2018-06-11,인천,117.08,-0.02,-0.0,1.31,30.05
2018-06-11,경기도,93.54,-0.03,0.04,1.9,38.3
2018-06-11,부산,86.62,-0.0,-0.01,0.0,18.2
2018-06-11,대구,107.09,0.05,0.07,2.04,37.59
2018-06-11,광주,174.71,0.04,0.03,5.97,31.94
2018-06-11,대전,140.13,0.01,0.02,0.0,37.2
2018-06-11,세종,0.0,-0.21,-0.0,0.0,0.0
2018-06-11,울산,55.7,-0.09,-0.06,0.0,2.26
2018-06-11,강원,135.87,-0.01,-0.0,1.27,45.79
2018-06-11,충북,135.65,0.0,-0.02,0.0,7.94
2018-06-11,충남,87.83,-0.0,-0.01,0.0,40.3
2018-06-11,전북,135.68,-0.01,-0.02,1.93,31.88
2018-06-11,전남,162.55,0.01,0.05,6.11,40.34
2018-06-11,경북,55.6,-0.06,-0.12,0.0,4.81
2018-06-11,경남,68.39,-0.1,-0.15,0.69,14.1
2018-06-11,제주,85.0,0.0,-0.01,5.0,25.0
2018-06-11,기타지방,99.5,-0.04,-0.06,1.15,23.61
2018-06-18,전국,,,0.01,,
2018-06-18,서울,125.92,-0.01,0.08,8.63,79.76
2018-06-18,인천,119.31,-0.01,0.0,0.95,30.79
2018-06-18,경기도,93.68,-0.04,0.03,1.59,38.53
2018-06-18,부산,84.13,-0.04,-0.05,0.0,12.62
2018-06-18,대구,116.33,0.02,0.05,2.99,42.59
2018-06-18,광주,173.94,0.0,0.09,7.52,54.43
2018-06-18,대전,139.64,0.02,0.01,0.0,36.32
2018-06-18,세종,0.0,-0.03,0.1,0.0,0.0
2018-06-18,울산,52.26,-0.08,-0.05,0.0,5.88
2018-06-18,강원,138.3,-0.01,-0.01,0.0,42.02
2018-06-18,충북,156.69,0.0,-0.13,0.0,12.63
2018-06-18,충남,98.78,-0.12,-0.13,0.0,41.38
2018-06-18,전북,132.77,-0.04,-0.05,0.76,34.53
2018-06-18,전남,169.7,0.0,0.07,8.0,47.36
2018-06-18,경북,58.06,-0.05,-0.06,1.24,7.09
2018-06-18,경남,72.85,-0.04,-0.11,0.0,5.71
2018-06-18,제주,90.0,-0.0,0.0,5.0,25.0
2018-06-18,기타지방,105.89,-0.04,-0.07,1.02,23.11
2018-06-25,전국,,,0.0,,
2018-06-25,서울,127.58,-0.01,0.08,9.18,80.28
2018-06-25,인천,111.43,-0.02,-0.01,2.5,32.97
2018-06-25,경기도,93.83,-0.05,0.02,1.01,36.17
2018-06-25,부산,87.96,-0.02,-0.02,0.0,14.6
2018-06-25,대구,108.66,0.02,0.02,2.45,36.8
2018-06-25,광주,163.73,-0.01,0.1,16.04,79.22
2018-06-25,대전,138.45,0.02,0.03,1.39,35.37
2018-06-25,세종,0.0,-0.03,0.09,0.0,0.0
2018-06-25,울산,67.45,-0.13,-0.19,0.0,4.75
2018-06-25,강원,127.94,-0.06,-0.0,1.27,47.07
2018-06-25,충북,148.5,-0.02,-0.12,0.0,7.94
2018-06-25,충남,91.79,-0.06,-0.11,0.0,34.14
2018-06-25,전북,136.23,-0.13,-0.13,0.0,25.31
2018-06-25,전남,158.96,-0.0,0.09,8.35,43.96
2018-06-25,경북,47.12,0.01,-0.05,0.0,4.62
2018-06-25,경남,70.26,-0.17,-0.14,0.0,5.4
2018-06-25,제주,94.74,-0.04,-0.07,0.0,10.53
2018-06-25,기타지방,100.62,-0.08,-0.08,0.83,19.69
2018-07-02,전국,,,0.01,,
2018-07-02,서울,126.97,-0.0,0.08,8.42,78.04
2018-07-02,인천,111.36,0.0,-0.02,1.3,36.99
2018-07-02,경기도,89.61,-0.03,0.03,1.1,36.66
2018-07-02,부산,77.6,-0.04,-0.04,0.0,14.8
2018-07-02,대구,112.28,0.02,0.02,2.03,33.31
2018-07-02,광주,173.03,0.01,0.09,21.54,87.57
2018-07-02,대전,139.24,-0.01,0.01,3.29,37.28
2018-07-02,세종,0.0,-0.1,0.11,0.0,0.0
2018-07-02,울산,61.93,-0.15,-0.09,0.0,3.55
2018-07-02,강원,130.45,-0.06,-0.03,1.27,51.16
2018-07-02,충북,129.65,-0.02,-0.08,0.0,7.94
2018-07-02,충남,99.57,-0.14,-0.11,0.0,33.85
2018-07-02,전북,139.96,-0.02,0.01,0.0,32.01
2018-07-02,전남,163.58,0.0,-0.0,6.14,50.62
2018-07-02,경북,46.46,-0.1,-0.11,0.0,4.62
2018-07-02,경남,79.62,-0.08,-0.14,0.0,3.89
2018-07-02,제주,94.74,0.0,-0.08,0.0,10.53
2018-07-02,기타지방,103.05,-0.07,-0.07,0.64,21.41
2018-07-09,전국,,,0.01,,
2018-07-09,서울,128.14,0.01,0.1,11.47,82.0
2018-07-09,인천,117.67,-0.0,-0.01,3.27,37.43
2018-07-09,경기도,90.55,-0.05,0.01,1.56,35.9
2018-07-09,부산,87.31,-0.01,-0.03,0.0,18.66
2018-07-09,대구,121.32,-0.0,0.03,1.93,34.97
2018-07-09,광주,184.41,0.03,0.09,40.79,107.23
2018-07-09,대전,142.23,0.01,0.02,2.55,37.36
2018-07-09,세종,0.0,-0.0,0.05,0.0,0.0
2018-07-09,울산,49.8,-0.11,-0.07,1.26,7.37
2018-07-09,강원,127.23,-0.01,-0.02,1.27,48.09
2018-07-09,충북,102.01,-0.13,-0.2,0.0,10.32
2018-07-09,충남,93.66,-0.01,-0.02,0.52,31.32
2018-07-09,전북,135.64,-0.0,-0.03,0.0,24.69
2018-07-09,전남,160.33,0.02,0.02,6.15,47.91
2018-07-09,경북,51.03,-0.05,-0.07,0.0,4.56
2018-07-09,경남,82.77,-0.06,-0.19,0.0,11.15
2018-07-09,제주,110.53,-0.08,-0.07,0.0,26.32
2018-07-09,기타지방,99.61,-0.04,-0.09,0.71,21.7
2018-07-16,전국,,,0.01,,
2018-07-16,서울,133.12,0.03,0.13,13.7,87.51
2018-07-16,인천,126.44,-0.02,-0.02,2.97,41.42
2018-07-16,경기도,92.88,-0.05,0.01,1.24,35.75
2018-07-16,부산,87.53,-0.04,-0.04,0.23,14.86
2018-07-16,대구,126.35,-0.0,0.05,1.15,34.95
2018-07-16,광주,178.3,0.11,0.08,32.8,101.26
2018-07-16,대전,140.55,-0.01,-0.01,2.15,38.22
2018-07-16,세종,0.0,-0.2,0.0,0.0,0.0
2018-07-16,울산,66.78,-0.15,-0.13,0.0,6.39
2018-07-16,강원,126.13,-0.0,-0.05,1.27,40.96
2018-07-16,충북,87.91,-0.09,-0.13,0.0,8.51
2018-07-16,충남,98.14,-0.02,0.0,0.0,27.64
2018-07-16,전북,144.84,-0.03,-0.06,0.0,20.16
2018-07-16,전남,164.78,-0.0,-0.0,8.35,50.09
2018-07-16,경북,60.57,-0.01,-0.06,0.0,3.57
2018-07-16,경남,76.84,-0.08,-0.2,0.0,13.97
2018-07-16,제주,105.26,-0.03,0.01,0.0,31.58
2018-07-16,기타지방,99.47,-0.04,-0.09,0.83,20.78
2018-07-23,전국,,,-0.0,,
2018-07-23,서울,135.33,0.0,0.13,15.24,94.66
2018-07-23,인천,124.33,-0.01,-0.0,5.38,45.47
2018-07-23,경기도,97.15,-0.05,0.01,3.02,40.01
2018-07-23,부산,81.03,-0.04,-0.09,0.0,17.3
2018-07-23,대구,123.78,-0.01,0.08,1.16,50.95
2018-07-23,광주,186.03,0.04,0.16,45.37,108.13
2018-07-23,대전,140.23,0.01,0.04,1.46,33.93
2018-07-23,세종,0.0,-0.44,-0.01,0.0,0.0
2018-07-23,울산,53.89,-0.1,-0.14,0.0,7.91
2018-07-23,강원,129.05,0.0,-0.04,1.86,46.4
2018-07-23,충북,73.82,-0.05,-0.22,0.0,8.26
2018-07-23,충남,98.71,-0.03,-0.1,0.49,33.77
2018-07-23,전북,146.75,-0.01,-0.03,0.0,28.43
2018-07-23,전남,167.32,0.01,0.01,2.2,40.53
2018-07-23,경북,77.72,-0.05,-0.24,0.0,3.6
2018-07-23,경남,75.19,-0.03,-0.26,0.0,12.47
2018-07-23,제주,116.67,-0.0,-0.04,0.0,11.11
2018-07-23,기타지방,101.13,-0.03,-0.14,0.42,22.2
2018-07-30,전국,,,0.03,,
2018-07-30,서울,134.67,0.02,0.2,20.46,102.56
2018-07-30,인천,132.43,-0.01,0.01,4.21,43.3
2018-07-30,경기도,98.56,-0.03,0.03,3.96,41.91
2018-07-30,부산,88.67,-0.02,-0.05,0.0,17.55
2018-07-30,대구,118.0,-0.01,0.01,1.16,44.55
2018-07-30,광주,187.18,0.05,0.12,45.33,113.79
2018-07-30,대전,142.64,-0.0,-0.01,0.76,33.79
2018-07-30,세종,0.0,-0.04,0.01,0.0,0.0
2018-07-30,울산,44.17,-0.09,-0.12,0.0,5.32
2018-07-30,강원,120.05,-0.04,-0.02,0.0,39.17
2018-07-30,충북,51.22,-0.03,-0.19,0.0,16.72
2018-07-30,충남,93.23,-0.1,-0.09,0.0,27.42
2018-07-30,전북,133.95,-0.03,-0.05,0.0,21.85
2018-07-30,전남,159.24,0.04,0.04,4.84,47.74
2018-07-30,경북,75.94,-0.17,-0.18,0.0,9.62
2018-07-30,경남,78.33,-0.09,-0.09,0.0,13.46
2018-07-30,제주,138.89,0.0,0.01,0.0,22.22
2018-07-30,기타지방,95.73,-0.07,-0.09,0.42,22.5
2018-08-06,전국,,,0.05,,
2018-08-06,서울,138.47,0.04,0.24,25.42,112.03
2018-08-06,인천,120.7,-0.01,-0.02,0.53,41.31
2018-08-06,경기도,99.17,-0.03,0.06,5.12,44.01
2018-08-06,부산,92.6,-0.02,-0.04,0.0,18.82
2018-08-06,대구,121.95,0.02,0.02,0.94,44.41
2018-08-06,광주,184.08,0.04,0.1,43.7,107.7
2018-08-06,대전,148.95,-0.01,0.01,3.07,41.04
2018-08-06,세종,0.0,-0.0,0.09,0.0,0.0
2018-08-06,울산,59.07,-0.05,-0.07,0.0,4.47
2018-08-06,강원,122.79,-0.0,-0.01,1.86,47.04
2018-08-06,충북,120.48,-0.01,-0.04,1.3,18.71
2018-08-06,충남,103.53,-0.0,-0.07,0.0,27.88
2018-08-06,전북,163.74,-0.01,-0.04,0.0,43.74
2018-08-06,전남,155.55,-0.0,0.05,0.0,41.74
2018-08-06,경북,69.97,-0.08,-0.1,0.0,7.15
2018-08-06,경남,80.87,-0.11,-0.15,0.0,10.9
2018-08-06,제주,115.79,0.0,-0.06,0.0,31.58
2018-08-06,기타지방,109.48,-0.04,-0.07,0.31,26.01
2018-08-13,전국,,,0.06,,
2018-08-13,서울,144.33,0.04,0.28,42.71,133.69
2018-08-13,인천,126.43,-0.02,-0.04,0.81,39.39
2018-08-13,경기도,102.88,-0.0,0.07,6.76,48.78
2018-08-13,부산,93.63,-0.02,-0.08,0.0,18.65
2018-08-13,대구,128.53,0.01,0.05,1.09,43.65
2018-08-13,광주,185.1,0.05,0.13,43.42,106.76
2018-08-13,대전,156.27,0.01,-0.02,6.02,43.56
2018-08-13,세종,0.0,-0.11,-0.0,0.0,0.0
2018-08-13,울산,66.61,-0.11,-0.07,0.0,2.3
2018-08-13,강원,127.2,-0.01,-0.0,1.25,40.4
2018-08-13,충북,112.48,-0.13,-0.14,0.0,15.1
2018-08-13,충남,95.42,-0.02,-0.02,0.0,25.62
2018-08-13,전북,159.76,-0.0,0.0,1.2,39.9
2018-08-13,전남,158.44,0.0,0.05,4.25,40.39
2018-08-13,경북,84.56,-0.06,-0.13,0.0,10.05
2018-08-13,경남,85.85,-0.03,-0.12,0.76,12.53
2018-08-13,제주,135.0,-0.01,0.01,0.0,30.0
2018-08-13,기타지방,110.57,-0.04,-0.06,0.84,24.53
2018-08-20,전국,,,0.1,,
2018-08-20,서울,142.52,0.07,0.45,57.87,152.31
2018-08-20,인천,126.13,-0.01,0.01,1.75,39.53
2018-08-20,경기도,103.81,-0.01,0.07,11.6,56.82
2018-08-20,부산,95.26,-0.04,-0.07,0.0,16.05
2018-08-20,대구,132.81,0.0,0.07,1.37,47.62
2018-08-20,광주,183.77,0.02,0.15,41.12,105.01
2018-08-20,대전,153.62,0.02,0.03,5.31,38.21
2018-08-20,세종,0.0,0.02,0.02,0.0,0.0
2018-08-20,울산,72.71,-0.09,-0.09,0.0,5.18
2018-08-20,강원,124.27,-0.04,-0.02,3.72,49.24
2018-08-20,충북,122.11,-0.07,-0.13,1.9,21.98
2018-08-20,충남,102.5,0.0,-0.02,0.0,27.25
2018-08-20,전북,165.26,0.0,-0.02,2.63,53.33
2018-08-20,전남,155.89,-0.0,0.04,4.1,41.6
2018-08-20,경북,71.7,-0.11,-0.12,0.0,9.55
2018-08-20,경남,84.19,-0.09,-0.08,0.69,8.75
2018-08-20,제주,127.78,-0.01,0.02,0.0,33.33
2018-08-20,기타지방,109.81,-0.05,-0.05,1.43,26.22
2018-08-27,전국,,,0.19,,
2018-08-27,서울,144.43,0.14,0.72,69.32,165.18
2018-08-27,인천,129.26,-0.04,0.06,0.55,38.23
2018-08-27,경기도,106.72,0.01,0.2,19.11,67.68
2018-08-27,부산,97.84,-0.01,-0.03,0.81,18.01
2018-08-27,대구,133.35,0.01,0.09,2.45,46.22
2018-08-27,광주,188.55,0.13,0.16,45.78,112.57
2018-08-27,대전,150.44,0.03,0.08,4.43,42.96
2018-08-27,세종,0.0,-0.0,0.15,0.0,0.0
2018-08-27,울산,63.79,-0.15,-0.07,0.0,4.32
2018-08-27,강원,125.59,-0.19,-0.18,0.0,42.68
2018-08-27,충북,113.87,-0.02,-0.05,0.0,15.93
2018-08-27,충남,106.58,0.02,-0.03,0.0,28.01
2018-08-27,전북,151.63,-0.0,-0.02,2.21,29.9
2018-08-27,전남,157.53,0.01,0.05,10.2,49.59
2018-08-27,경북,82.15,-0.1,-0.17,1.4,7.76
2018-08-27,경남,79.11,-0.06,-0.13,0.0,8.65
2018-08-27,제주,111.11,0.03,0.01,0.0,38.89
2018-08-27,기타지방,108.99,-0.04,-0.07,3.12,25.58
2018-09-03,전국,,,0.27,,
2018-09-03,서울,136.56,0.13,0.92,74.37,171.57
2018-09-03,인천,130.4,-0.02,0.0,1.75,38.96
2018-09-03,경기도,110.25,0.04,0.34,20.46,71.77
2018-09-03,부산,112.19,-0.01,-0.06,1.28,20.31
2018-09-03,대구,134.86,-0.01,0.07,5.0,47.4
2018-09-03,광주,160.01,0.06,0.15,29.73,96.01
2018-09-03,대전,146.74,-0.0,0.09,17.05,66.07
2018-09-03,세종,0.0,0.0,0.0,0.0,0.0
2018-09-03,울산,93.39,-0.11,-0.07,1.54,9.14
2018-09-03,강원,112.53,0.01,-0.02,0.0,38.82
2018-09-03,충북,62.29,-0.11,-0.02,1.08,15.33
2018-09-03,충남,126.97,-0.0,-0.01,0.61,52.16
2018-09-03,전북,161.41,0.01,0.01,3.45,49.1
2018-09-03,전남,180.52,0.01,0.04,11.96,55.32
2018-09-03,경북,110.41,-0.11,-0.2,1.24,14.08
2018-09-03,경남,84.52,-0.04,-0.12,0.85,11.23
2018-09-03,제주,131.58,0.0,-0.03,0.0,21.05
2018-09-03,기타지방,114.3,-0.03,-0.06,2.32,30.23
2018-09-10,전국,,,0.27,,
2018-09-10,서울,136.72,0.16,0.95,72.07,168.92
2018-09-10,인천,137.37,0.04,0.01,4.44,45.06
2018-09-10,경기도,112.41,-0.02,0.26,27.68,84.58
2018-09-10,부산,121.44,-0.03,-0.05,0.78,18.42
2018-09-10,대구,146.12,0.04,0.16,8.06,50.35
2018-09-10,광주,143.1,0.06,0.21,30.21,106.88
2018-09-10,대전,140.61,-0.02,0.07,13.11,55.05
2018-09-10,세종,0.0,0.04,0.05,0.0,0.0
2018-09-10,울산,74.72,-0.05,-0.04,1.54,11.82
2018-09-10,강원,112.15,-0.0,-0.02,0.0,25.6
2018-09-10,충북,88.4,-0.06,-0.06,0.0,13.89
2018-09-10,충남,87.7,-0.08,-0.09,2.08,31.01
2018-09-10,전북,153.69,-0.04,-0.04,1.87,42.97
2018-09-10,전남,189.93,0.01,0.08,10.77,38.27
2018-09-10,경북,115.55,-0.02,-0.06,2.03,16.58
2018-09-10,경남,98.21,-0.16,-0.11,0.0,6.32
2018-09-10,제주,110.0,0.0,0.01,5.0,45.0
2018-09-10,기타지방,114.94,-0.07,-0.06,1.83,22.24
2018-09-17,전국,,,0.35,,
2018-09-17,서울,135.83,0.16,1.2,31.46,123.13
2018-09-17,인천,144.78,-0.01,0.0,2.94,45.08
2018-09-17,경기도,111.22,0.0,0.4,18.53,75.22
2018-09-17,부산,122.45,-0.04,-0.02,1.51,19.71
2018-09-17,대구,142.7,0.03,0.07,5.15,45.93
2018-09-17,광주,146.56,0.16,0.27,28.66,105.88
2018-09-17,대전,138.89,0.05,0.05,11.22,53.31
2018-09-17,세종,0.0,0.09,-0.01,0.0,0.0
2018-09-17,울산,98.42,-0.15,-0.12,0.0,4.08
2018-09-17,강원,113.83,0.0,-0.03,0.0,30.0
2018-09-17,충북,86.24,-0.11,-0.17,1.37,18.79
2018-09-17,충남,95.85,-0.06,-0.14,0.59,24.79
2018-09-17,전북,150.85,-0.06,0.01,2.25,38.25
2018-09-17,전남,165.48,0.09,0.05,8.25,66.6
2018-09-17,경북,123.6,-0.06,-0.1,1.04,17.91
2018-09-17,경남,103.76,-0.22,-0.12,0.0,6.44
2018-09-17,제주,121.05,0.0,0.02,0.0,31.58
2018-09-17,기타지방,115.79,-0.08,-0.08,1.4,24.05
2018-10-01,전국,,,0.22,,
2018-10-01,서울,131.87,0.13,0.69,17.18,104.85
2018-10-01,인천,132.77,0.01,0.02,6.33,49.86
2018-10-01,경기도,108.62,0.02,0.3,11.68,68.07
2018-10-01,부산,119.05,-0.02,-0.09,0.09,11.0
2018-10-01,대구,147.3,0.02,0.12,5.52,50.54
2018-10-01,광주,141.68,0.12,0.29,38.52,109.04
2018-10-01,대전,132.17,0.05,0.07,18.57,66.7
2018-10-01,세종,0.0,0.03,-0.0,0.0,0.0
2018-10-01,울산,96.92,-0.1,-0.11,0.0,7.57
2018-10-01,강원,101.11,-0.01,-0.04,0.0,26.44
2018-10-01,충북,90.83,-0.05,-0.09,0.0,11.74
2018-10-01,충남,108.68,0.0,-0.09,3.71,36.53
2018-10-01,전북,156.77,0.0,-0.0,1.22,33.57
2018-10-01,전남,184.82,0.04,0.06,11.97,49.29
2018-10-01,경북,104.29,-0.02,-0.07,0.0,18.08
2018-10-01,경남,106.84,-0.17,-0.15,1.13,12.45
2018-10-01,제주,127.78,0.0,0.05,0.0,22.22
2018-10-01,기타지방,118.5,-0.05,-0.07,2.06,23.96
2018-10-08,전국,,,0.18,,
2018-10-08,서울,129.14,0.13,0.49,13.42,96.92
2018-10-08,인천,131.93,0.01,0.02,6.23,48.46
2018-10-08,경기도,108.34,0.01,0.3,9.59,63.3
2018-10-08,부산,123.62,-0.02,-0.05,0.57,11.23
2018-10-08,대구,147.75,0.02,0.07,6.24,51.53
2018-10-08,광주,144.08,0.05,0.25,29.08,97.54
2018-10-08,대전,148.62,0.01,0.05,17.64,68.6
2018-10-08,세종,0.0,0.07,-0.03,0.0,0.0
2018-10-08,울산,96.54,-0.13,-0.11,0.0,8.83
2018-10-08,강원,101.06,-0.05,-0.05,0.0,24.79
2018-10-08,충북,72.63,-0.08,-0.14,0.0,15.67
2018-10-08,충남,112.77,0.0,-0.02,2.08,28.71
2018-10-08,전북,152.05,0.03,-0.02,0.0,33.58
2018-10-08,전남,187.85,0.01,0.11,15.51,70.61
2018-10-08,경북,101.59,-0.04,-0.07,0.0,23.3
2018-10-08,경남,107.25,-0.1,-0.17,0.96,12.05
2018-10-08,제주,116.67,0.0,-0.03,0.0,38.89
2018-10-08,기타지방,116.23,-0.04,-0.07,1.9,25.7
2018-10-15,전국,,,0.15,,
2018-10-15,서울,123.63,0.12,0.38,7.13,85.05
2018-10-15,인천,126.86,0.05,0.0,4.56,38.09
2018-10-15,경기도,104.47,0.0,0.26,7.14,58.27
2018-10-15,부산,119.51,-0.05,-0.03,0.32,9.88
2018-10-15,대구,150.9,0.03,0.08,6.24,52.12
2018-10-15,광주,135.36,0.09,0.23,22.95,84.29
2018-10-15,대전,139.04,0.15,0.21,19.06,61.88
2018-10-15,세종,0.0,0.02,-0.0,0.0,0.0
2018-10-15,울산,86.71,-0.09,-0.22,0.0,3.11
2018-10-15,강원,110.65,-0.01,-0.02,1.35,28.21
2018-10-15,충북,82.66,-0.06,-0.14,1.51,10.59
2018-10-15,충남,107.93,-0.06,-0.18,2.08,32.2
2018-10-15,전북,155.91,0.01,-0.04,0.0,32.71
2018-10-15,전남,183.18,-0.0,0.07,6.15,50.87
2018-10-15,경북,104.6,-0.06,-0.18,0.0,18.52
2018-10-15,경남,100.08,-0.04,-0.09,0.53,11.01
2018-10-15,제주,131.58,0.0,-0.0,0.0,36.84
2018-10-15,기타지방,116.29,-0.03,-0.09,1.27,23.31
2018-10-22,전국,,,0.06,,
2018-10-22,서울,120.41,0.09,0.26,6.9,79.6
2018-10-22,인천,125.41,0.02,0.04,3.42,35.85
2018-10-22,경기도,102.56,-0.01,0.14,5.22,55.4
2018-10-22,부산,120.66,-0.08,-0.18,0.26,8.87
2018-10-22,대구,145.81,0.07,0.03,4.02,49.1
2018-10-22,광주,132.66,0.05,0.27,19.14,81.8
2018-10-22,대전,137.77,0.02,0.22,16.88,62.97
2018-10-22,세종,0.0,0.15,0.0,0.0,0.0
2018-10-22,울산,80.8,-0.17,-0.21,0.0,1.63
2018-10-22,강원,111.68,-0.05,-0.2,3.39,32.97
2018-10-22,충북,93.67,-0.23,-0.46,1.35,14.33
2018-10-22,충남,101.28,-0.14,-0.18,1.56,29.86
2018-10-22,전북,149.44,0.01,-0.01,0.0,30.64
2018-10-22,전남,175.72,0.0,0.04,2.42,40.2
2018-10-22,경북,128.09,-0.13,-0.13,0.0,22.22
2018-10-22,경남,98.89,-0.07,-0.21,0.58,10.77
2018-10-22,제주,133.33,0.02,0.01,0.0,38.89
2018-10-22,기타지방,117.53,-0.08,-0.16,1.04,23.04
2018-10-29,전국,,,0.04,,
2018-10-29,서울,114.36,0.06,0.13,4.1,74.25
2018-10-29,인천,127.25,0.02,0.03,3.41,36.57
2018-10-29,경기도,99.56,0.03,0.12,5.06,54.89
2018-10-29,부산,124.22,-0.06,-0.11,0.26,10.63
2018-10-29,대구,143.48,0.06,0.13,1.96,45.94
2018-10-29,광주,141.98,0.08,0.28,15.95,77.11
2018-10-29,대전,133.3,0.08,0.2,18.56,55.92
2018-10-29,세종,0.0,0.08,-0.11,0.0,0.0
2018-10-29,울산,71.2,-0.22,-0.23,0.0,4.97
2018-10-29,강원,103.12,-0.0,-0.0,0.0,30.53
2018-10-29,충북,103.07,-0.36,-0.49,0.0,13.61
2018-10-29,충남,109.29,-0.08,-0.24,3.18,30.15
2018-10-29,전북,149.91,-0.01,-0.05,0.0,26.5
2018-10-29,전남,182.28,0.01,0.14,8.99,41.58
2018-10-29,경북,119.3,-0.17,-0.32,0.0,13.47
2018-10-29,경남,93.77,-0.06,-0.11,1.3,12.65
2018-10-29,제주,152.63,0.01,-0.0,5.26,42.11
2018-10-29,기타지방,118.58,-0.09,-0.15,1.67,21.65
2018-11-05,전국,,,0.03,,
2018-11-05,서울,109.87,0.04,0.1,3.51,67.16
2018-11-05,인천,114.73,0.0,0.02,4.8,38.81
2018-11-05,경기도,94.36,0.0,0.11,2.74,45.85
2018-11-05,부산,119.14,-0.01,-0.1,0.56,9.74
2018-11-05,대구,140.41,0.08,0.06,2.56,40.64
2018-11-05,광주,129.54,0.05,0.15,12.93,70.96
2018-11-05,대전,118.84,0.07,0.13,11.02,51.74
2018-11-05,세종,0.0,0.03,0.0,0.0,0.0
2018-11-05,울산,75.38,-0.09,-0.36,0.0,2.96
2018-11-05,강원,101.24,0.01,-0.05,0.0,30.82
2018-11-05,충북,81.67,-0.16,-0.38,0.0,8.72
2018-11-05,충남,109.63,-0.03,-0.06,4.27,26.89
2018-11-05,전북,153.31,0.04,-0.02,0.0,28.36
2018-11-05,전남,178.77,0.06,0.06,8.85,51.63
2018-11-05,경북,102.92,-0.14,-0.24,0.0,11.19
2018-11-05,경남,94.44,-0.1,-0.17,0.5,10.0
2018-11-05,제주,137.5,0.03,0.01,0.0,25.0
2018-11-05,기타지방,113.59,-0.05,-0.12,1.54,20.41
2018-11-12,전국,,,0.03,,
2018-11-12,서울,105.24,0.01,0.09,2.04,62.07
2018-11-12,인천,115.54,0.02,0.04,1.52,33.29
2018-11-12,경기도,89.71,-0.0,0.08,2.63,45.46
2018-11-12,부산,106.43,-0.02,-0.06,0.31,8.81
2018-11-12,대구,135.29,0.05,0.04,1.86,36.28
2018-11-12,광주,135.32,0.04,0.17,12.89,70.54
2018-11-12,대전,129.83,0.01,0.11,12.14,58.31
2018-11-12,세종,0.0,0.07,-0.09,0.0,0.0
2018-11-12,울산,66.92,-0.06,-0.08,0.0,3.73
2018-11-12,강원,94.59,-0.05,-0.1,0.0,33.13
2018-11-12,충북,86.52,-0.18,-0.35,0.0,11.45
2018-11-12,충남,113.65,-0.01,-0.02,2.08,24.07
2018-11-12,전북,150.68,-0.0,-0.08,0.0,29.49
2018-11-12,전남,176.66,0.04,0.04,8.16,47.63
2018-11-12,경북,91.26,-0.17,-0.22,0.0,8.49
2018-11-12,경남,91.41,-0.09,-0.06,0.92,8.87
2018-11-12,제주,155.0,-0.03,0.05,10.0,50.0
2018-11-12,기타지방,111.6,-0.07,-0.1,1.39,19.99
2018-11-19,전국,,,0.01,,
2018-11-19,서울,100.1,0.0,0.07,1.77,55.88
2018-11-19,인천,111.65,-0.0,-0.0,0.47,27.37
2018-11-19,경기도,91.07,-0.01,0.03,2.17,42.2
2018-11-19,부산,109.21,-0.02,-0.1,0.31,9.97
2018-11-19,대구,138.45,0.04,0.02,2.41,36.55
2018-11-19,광주,129.32,0.14,0.14,13.92,69.78
2018-11-19,대전,126.62,0.04,0.14,12.56,58.88
2018-11-19,세종,0.0,0.29,-0.01,0.0,0.0
2018-11-19,울산,78.42,-0.04,-0.09,2.32,10.91
2018-11-19,강원,89.61,-0.07,-0.18,0.0,29.06
2018-11-19,충북,89.25,-0.12,-0.23,0.0,8.95
2018-11-19,충남,102.03,-0.11,-0.18,3.18,20.48
2018-11-19,전북,152.62,-0.01,-0.03,0.0,30.09
2018-11-19,전남,179.31,0.02,0.06,14.65,58.65
2018-11-19,경북,131.99,-0.08,-0.05,0.0,7.84
2018-11-19,경남,89.23,-0.08,-0.1,0.96,8.88
2018-11-19,제주,150.0,-0.0,0.0,0.0,35.0
2018-11-19,기타지방,114.52,-0.06,-0.1,1.99,19.68
2018-11-26,전국,,,0.0,,
2018-11-26,서울,99.3,0.01,0.05,1.48,52.72
2018-11-26,인천,106.52,0.0,-0.01,0.47,26.53
2018-11-26,경기도,89.13,-0.01,0.02,1.85,41.0
2018-11-26,부산,108.92,-0.01,-0.02,0.6,10.47
2018-11-26,대구,139.1,0.01,0.01,1.93,35.11
2018-11-26,광주,134.92,0.04,0.11,12.22,58.61
2018-11-26,대전,115.75,0.06,0.01,10.11,51.8
2018-11-26,세종,0.0,0.0,0.01,0.0,0.0
2018-11-26,울산,80.85,-0.18,-0.16,0.0,8.17
2018-11-26,강원,83.66,-0.01,-0.01,0.0,29.13
2018-11-26,충북,86.75,-0.06,-0.13,0.0,15.43
2018-11-26,충남,117.58,-0.06,-0.12,3.58,22.88
2018-11-26,전북,151.84,-0.01,-0.03,1.08,34.47
2018-11-26,전남,177.03,0.09,0.09,6.61,42.14
2018-11-26,경북,119.84,-0.04,-0.07,0.0,3.23
2018-11-26,경남,92.43,-0.08,-0.08,0.48,11.25
2018-11-26,제주,138.89,-0.02,-0.0,5.56,50.0
2018-11-26,기타지방,114.79,-0.04,-0.06,1.46,20.19
2018-12-03,전국,,,0.0,,
2018-12-03,서울,95.14,-0.01,0.03,1.32,49.72
2018-12-03,인천,105.62,-0.02,-0.01,1.53,28.47
2018-12-03,경기도,85.67,-0.01,0.0,1.39,37.31
2018-12-03,부산,105.97,-0.0,-0.03,0.0,9.74
2018-12-03,대구,140.51,0.05,0.04,2.21,35.56
2018-12-03,광주,122.86,0.08,0.21,10.95,59.7
2018-12-03,대전,119.18,0.01,0.14,9.73,56.49
2018-12-03,세종,0.0,0.09,-0.01,0.0,0.0
2018-12-03,울산,57.96,-0.22,-0.2,0.0,2.59
2018-12-03,강원,85.39,-0.01,-0.1,0.0,34.84
2018-12-03,충북,75.09,-0.11,-0.14,0.0,12.35
2018-12-03,충남,141.37,-0.07,-0.04,1.04,11.4
2018-12-03,전북,139.75,-0.01,-0.02,0.0,29.13
2018-12-03,전남,173.27,0.03,0.05,10.71,44.54
2018-12-03,경북,103.61,-0.01,-0.1,0.0,6.74
2018-12-03,경남,89.4,-0.06,-0.04,0.49,10.44
2018-12-03,제주,123.81,-0.0,-0.01,9.52,42.86
2018-12-03,기타지방,112.45,-0.04,-0.05,1.34,18.11
2018-12-10,전국,,,0.0,,
2018-12-10,서울,90.96,-0.03,0.02,0.92,49.02
2018-12-10,인천,102.84,0.0,0.01,0.53,19.45
2018-12-10,경기도,81.87,-0.06,-0.0,1.29,35.29
2018-12-10,부산,97.08,-0.02,-0.01,0.75,9.04
2018-12-10,대구,128.31,0.01,0.05,1.2,31.72
2018-12-10,광주,113.33,0.06,0.26,9.16,51.49
2018-12-10,대전,110.63,0.02,0.08,5.62,48.65
2018-12-10,세종,0.0,0.04,-0.02,0.0,0.0
2018-12-10,울산,66.6,-0.22,-0.06,0.0,2.7
2018-12-10,강원,77.33,-0.01,-0.03,0.0,40.2
2018-12-10,충북,80.33,-0.14,-0.14,0.0,10.05
2018-12-10,충남,129.43,-0.05,-0.13,2.13,17.18
2018-12-10,전북,146.73,-0.03,-0.04,0.0,28.63
2018-12-10,전남,164.88,0.01,0.0,10.53,47.78
2018-12-10,경북,110.71,-0.04,-0.17,0.0,6.82
2018-12-10,경남,81.02,-0.06,-0.07,0.47,10.41
2018-12-10,제주,114.29,0.0,-0.03,0.0,28.57
2018-12-10,기타지방,109.35,-0.05,-0.08,1.35,19.19
2018-12-17,전국,,,-0.01,,
2018-12-17,서울,90.03,-0.06,0.0,0.5,47.81
2018-12-17,인천,99.04,-0.02,-0.01,1.6,22.38
2018-12-17,경기도,82.15,-0.03,-0.01,1.21,33.78
2018-12-17,부산,101.88,-0.03,-0.05,0.43,8.92
2018-12-17,대구,134.97,0.01,0.03,1.2,31.54
2018-12-17,광주,111.34,0.02,0.19,10.6,46.97
2018-12-17,대전,98.85,-0.0,0.04,6.03,54.07
2018-12-17,세종,0.0,0.09,-0.12,0.0,0.0
2018-12-17,울산,60.6,-0.16,-0.03,0.0,2.7
2018-12-17,강원,81.8,-0.13,-0.08,0.0,32.94
2018-12-17,충북,82.84,-0.09,-0.1,0.0,11.31
2018-12-17,충남,125.22,-0.13,-0.05,1.04,18.44
2018-12-17,전북,139.76,-0.03,-0.01,0.0,32.25
2018-12-17,전남,163.82,0.03,0.06,6.63,43.36
2018-12-17,경북,111.89,-0.05,-0.12,0.0,15.91
2018-12-17,경남,83.71,-0.05,-0.13,0.0,8.9
2018-12-17,제주,109.52,0.0,-0.02,0.0,19.05
2018-12-17,기타지방,109.16,-0.06,-0.07,0.73,19.67
2018-12-24,전국,,,-0.02,,
2018-12-24,서울,91.0,-0.07,0.0,0.51,49.68
2018-12-24,인천,97.12,-0.0,-0.0,2.64,32.27
2018-12-24,경기도,79.23,-0.06,-0.01,1.47,31.82
2018-12-24,부산,98.49,-0.04,-0.08,0.31,7.86
2018-12-24,대구,132.89,0.01,0.03,0.0,23.16
2018-12-24,광주,107.59,0.01,0.08,3.87,48.36
2018-12-24,대전,113.85,0.02,0.02,6.53,48.48
2018-12-24,세종,0.0,0.17,-0.03,0.0,0.0
2018-12-24,울산,68.81,-0.11,-0.03,0.0,2.96
2018-12-24,강원,74.46,-0.02,-0.13,0.0,43.07
2018-12-24,충북,89.49,-0.16,-0.13,0.0,10.22
2018-12-24,충남,137.44,-0.02,-0.09,1.04,15.22
2018-12-24,전북,143.4,0.03,-0.01,0.0,30.58
2018-12-24,전남,168.24,0.05,0.05,4.41,41.52
2018-12-24,경북,115.7,-0.12,-0.08,0.0,22.6
2018-12-24,경남,82.38,-0.03,-0.06,0.88,12.66
2018-12-24,제주,95.0,-0.02,-0.03,0.0,30.0
2018-12-24,기타지방,111.87,-0.03,-0.06,0.77,21.54
2018-12-31,전국,,,-0.01,,
2018-12-31,서울,86.98,-0.06,-0.01,0.59,50.02
2018-12-31,인천,102.93,0.0,-0.0,0.95,29.18
2018-12-31,경기도,70.68,-0.02,0.0,1.04,24.56
2018-12-31,부산,100.28,-0.01,-0.04,0.5,8.18
2018-12-31,대구,134.58,-0.01,0.0,0.0,26.63
2018-12-31,광주,99.21,0.06,0.07,3.72,44.25
2018-12-31,대전,115.19,0.01,0.07,4.21,46.93
2018-12-31,세종,0.0,0.02,-0.0,0.0,0.0
2018-12-31,울산,82.0,-0.21,-0.18,0.0,4.23
2018-12-31,강원,84.6,0.0,-0.02,0.0,38.38
2018-12-31,충북,56.94,-0.21,-0.12,0.0,0.0
2018-12-31,충남,98.87,-0.01,-0.02,0.0,13.06
2018-12-31,전북,132.77,-0.02,0.03,0.0,60.28
2018-12-31,전남,166.43,0.01,0.04,6.46,49.24
2018-12-31,경북,126.41,-0.12,-0.09,0.0,13.3
2018-12-31,경남,71.41,-0.04,-0.07,0.0,11.23
2018-12-31,제주,90.91,0.0,-0.01,0.0,27.27
2018-12-31,기타지방,104.98,-0.05,-0.04,0.89,24.9
2019-01-14,전국,,,-0.03,,
2019-01-14,서울,86.6,-0.1,-0.01,1.27,47.08
2019-01-14,인천,99.3,0.01,0.02,0.61,22.5
2019-01-14,경기도,77.76,-0.09,-0.02,1.16,27.85
2019-01-14,부산,94.18,-0.03,-0.02,0.67,9.48
2019-01-14,대구,138.85,-0.01,0.03,0.64,24.31
2019-01-14,광주,99.35,0.03,0.08,3.15,31.26
2019-01-14,대전,121.87,0.03,0.06,7.54,40.0
2019-01-14,세종,0.0,0.15,0.03,0.0,0.0
2019-01-14,울산,74.2,-0.28,-0.3,1.31,5.25
2019-01-14,강원,82.4,-0.04,-0.0,0.0,38.36
2019-01-14,충북,84.45,-0.19,-0.16,0.0,11.36
2019-01-14,충남,135.2,-0.01,-0.06,0.0,19.12
2019-01-14,전북,134.69,-0.02,-0.06,0.0,29.29
2019-01-14,전남,175.8,-0.03,-0.0,9.01,49.55
2019-01-14,경북,109.98,-0.04,-0.04,1.13,17.45
2019-01-14,경남,82.71,-0.15,-0.15,0.0,14.13
2019-01-14,제주,126.09,-0.06,-0.04,0.0,21.74
2019-01-14,기타지방,110.78,-0.07,-0.08,0.91,21.51
2019-01-21,전국,,,-0.03,,
2019-01-21,서울,87.36,-0.1,-0.02,1.66,41.98
2019-01-21,인천,95.37,0.0,-0.0,1.74,30.37
2019-01-21,경기도,78.53,-0.12,-0.02,1.44,27.66
2019-01-21,부산,94.92,-0.03,-0.05,2.05,13.0
2019-01-21,대구,134.64,-0.01,0.0,1.64,27.09
2019-01-21,광주,115.34,0.02,0.06,5.12,32.61
2019-01-21,대전,112.26,0.0,0.11,7.93,41.06
2019-01-21,세종,0.0,0.01,-0.02,0.0,0.0
2019-01-21,울산,62.04,-0.41,-0.41,3.47,9.67
2019-01-21,강원,80.8,-0.06,-0.14,0.0,35.52
2019-01-21,충북,89.28,-0.19,-0.16,0.0,13.17
2019-01-21,충남,136.8,-0.06,-0.01,0.0,14.31
2019-01-21,전북,137.79,-0.01,-0.06,1.1,26.44
2019-01-21,전남,169.23,-0.01,-0.04,8.25,44.43
2019-01-21,경북,108.62,-0.0,-0.08,0.0,6.89
2019-01-21,경남,81.18,-0.17,-0.09,0.0,11.74
2019-01-21,제주,105.88,0.0,0.0,0.0,17.65
2019-01-21,기타지방,110.04,-0.08,-0.08,0.83,17.83
2019-01-28,전국,,,-0.03,,
2019-01-28,서울,87.81,-0.11,-0.03,1.74,42.8
2019-01-28,인천,101.3,-0.0,0.01,1.49,35.44
2019-01-28,경기도,80.45,-0.08,-0.01,1.12,27.21
2019-01-28,부산,97.6,-0.04,-0.03,1.7,10.54
2019-01-28,대구,140.58,-0.0,0.01,0.66,24.62
2019-01-28,광주,109.56,0.04,0.08,1.2,23.85
2019-01-28,대전,112.91,-0.0,0.07,7.35,34.76
2019-01-28,세종,0.0,0.25,-0.1,0.0,0.0
2019-01-28,울산,49.09,-0.28,-0.18,1.26,5.32
2019-01-28,강원,71.23,-0.0,-0.03,0.0,30.04
2019-01-28,충북,91.1,-0.21,-0.16,0.0,12.24
2019-01-28,충남,139.95,0.0,-0.06,0.0,10.1
2019-01-28,전북,131.22,-0.0,-0.02,0.0,27.78
2019-01-28,전남,180.43,-0.01,-0.01,4.32,36.75
2019-01-28,경북,97.99,-0.24,-0.23,0.0,8.81
2019-01-28,경남,84.91,-0.09,-0.09,0.76,16.3
2019-01-28,제주,115.79,-0.01,-0.02,5.26,26.32
2019-01-28,기타지방,109.54,-0.07,-0.09,0.64,17.92
2019-02-11,전국,,,-0.05,,
2019-02-11,서울,85.54,-0.13,-0.04,2.54,41.07
2019-02-11,인천,99.68,0.0,0.01,2.1,25.9
2019-02-11,경기도,79.99,-0.14,-0.02,1.51,25.01
2019-02-11,부산,96.11,-0.03,-0.03,1.2,8.97
2019-02-11,대구,142.7,-0.02,0.04,1.31,29.28
2019-02-11,광주,111.93,0.03,0.06,3.29,31.73
2019-02-11,대전,126.93,-0.01,0.1,9.14,42.1
2019-02-11,세종,0.0,0.09,0.02,0.0,0.0
2019-02-11,울산,56.3,-0.26,-0.32,0.0,0.0
2019-02-11,강원,90.09,-0.14,-0.19,0.0,31.05
2019-02-11,충북,85.23,-0.37,-0.41,0.0,5.46
2019-02-11,충남,130.65,0.0,-0.01,1.13,11.76
2019-02-11,전북,129.18,-0.06,-0.06,1.0,25.48
2019-02-11,전남,174.41,0.1,-0.03,12.95,44.09
2019-02-11,경북,95.48,-0.14,-0.21,0.98,21.46
2019-02-11,경남,85.88,-0.09,-0.13,0.0,14.12
2019-02-11,제주,123.81,0.0,-0.0,4.76,19.05
2019-02-11,기타지방,108.41,-0.09,-0.13,1.58,18.7
2019-02-18,전국,,,-0.04,,
2019-02-18,서울,89.2,-0.09,-0.04,2.27,38.53
2019-02-18,인천,101.94,-0.04,-0.02,1.11,31.16
2019-02-18,경기도,82.95,-0.06,-0.03,1.68,24.11
2019-02-18,부산,95.61,-0.02,-0.03,0.49,9.72
2019-02-18,대구,142.98,0.0,0.04,1.33,26.5
2019-02-18,광주,107.64,-0.02,0.04,3.31,31.37
2019-02-18,대전,127.62,0.02,0.12,9.61,43.76
2019-02-18,세종,0.0,0.07,-0.0,0.0,0.0
2019-02-18,울산,60.67,-0.37,-0.23,0.0,0.0
2019-02-18,강원,90.54,-0.01,-0.04,0.0,29.18
2019-02-18,충북,93.73,-0.17,-0.19,0.0,4.99
2019-02-18,충남,145.22,-0.05,-0.07,0.46,14.99
2019-02-18,전북,133.46,-0.03,-0.05,3.45,33.19
2019-02-18,전남,176.55,-0.0,-0.0,10.72,48.66
2019-02-18,경북,106.03,-0.17,-0.23,0.74,8.61
2019-02-18,경남,92.16,-0.07,-0.13,0.0,13.13
2019-02-18,제주,140.91,-0.09,0.0,0.0,9.09
2019-02-18,기타지방,116.04,-0.07,-0.11,1.68,18.73
2019-02-25,전국,,,-0.05,,
2019-02-25,서울,90.34,-0.08,-0.05,2.45,37.78
2019-02-25,인천,112.41,0.01,0.01,0.0,28.43
2019-02-25,경기도,83.81,-0.08,-0.05,1.27,23.56
2019-02-25,부산,98.19,-0.01,-0.02,1.98,11.9
2019-02-25,대구,143.84,-0.01,-0.0,2.64,23.04
2019-02-25,광주,100.66,-0.03,0.05,2.62,23.17
2019-02-25,대전,124.52,0.02,0.07,6.84,38.22
2019-02-25,세종,0.0,0.03,-0.0,0.0,0.0
2019-02-25,울산,64.24,-0.21,-0.18,0.0,1.21
2019-02-25,강원,94.82,-0.06,-0.07,0.0,30.75
2019-02-25,충북,86.14,-0.22,-0.25,0.0,4.6
2019-02-25,충남,157.65,-0.03,-0.0,1.46,17.68
2019-02-25,전북,138.79,-0.1,-0.07,1.14,31.85
2019-02-25,전남,177.67,0.0,0.01,15.18,48.08
2019-02-25,경북,106.71,-0.05,-0.13,0.0,10.77
2019-02-25,경남,83.74,-0.15,-0.15,1.93,20.11
2019-02-25,제주,118.18,-0.0,-0.02,0.0,13.64
2019-02-25,기타지방,115.59,-0.09,-0.1,2.31,20.99
2019-03-04,전국,,,-0.04,,
2019-03-04,서울,94.47,-0.07,-0.04,2.76,39.21
2019-03-04,인천,106.4,-0.04,0.0,0.0,20.74
2019-03-04,경기도,87.44,-0.08,-0.02,0.96,21.92
2019-03-04,부산,109.58,-0.04,-0.03,1.29,8.59
2019-03-04,대구,149.51,0.0,0.04,1.32,35.45
2019-03-04,광주,106.45,-0.01,0.03,2.12,33.03
2019-03-04,대전,151.19,0.0,0.03,2.14,32.93
2019-03-04,세종,0.0,0.0,0.0,0.0,0.0
2019-03-04,울산,73.89,-0.36,-0.2,0.0,4.97
2019-03-04,강원,93.71,-0.18,-0.11,0.0,11.76
2019-03-04,충북,109.74,-0.01,-0.05,0.0,6.97
2019-03-04,충남,132.53,-0.09,-0.09,1.11,18.07
2019-03-04,전북,137.67,-0.02,-0.09,0.0,27.3
2019-03-04,전남,173.68,0.06,0.01,10.14,47.86
2019-03-04,경북,90.45,-0.13,-0.13,1.33,11.28
2019-03-04,경남,102.82,-0.02,-0.11,1.73,18.89
2019-03-04,제주,94.44,-0.07,-0.05,0.0,11.11
2019-03-04,기타지방,116.38,-0.05,-0.09,1.65,19.28
2019-03-11,전국,,,-0.07,,
2019-03-11,서울,102.94,-0.04,-0.04,2.17,38.25
2019-03-11,인천,106.3,-0.03,-0.02,0.61,21.99
2019-03-11,경기도,85.77,-0.06,-0.05,0.6,19.42
2019-03-11,부산,108.62,-0.04,-0.07,1.42,8.44
2019-03-11,대구,155.41,-0.0,-0.0,2.1,32.18
2019-03-11,광주,105.92,-0.0,0.01,0.84,29.77
2019-03-11,대전,152.38,0.0,0.03,3.0,33.68
2019-03-11,세종,0.0,0.02,0.0,0.0,0.0
2019-03-11,울산,56.33,-0.11,-0.24,0.0,5.76
2019-03-11,강원,84.62,-0.23,-0.29,0.0,12.48
2019-03-11,충북,118.53,-0.04,-0.13,0.0,7.92
2019-03-11,충남,125.0,-0.1,-0.21,1.08,11.66
2019-03-11,전북,135.79,-0.13,-0.11,1.1,18.61
2019-03-11,전남,172.42,0.01,0.1,5.74,31.26
2019-03-11,경북,93.6,-0.2,-0.17,1.08,11.09
2019-03-11,경남,105.86,-0.07,-0.21,1.8,17.28
2019-03-11,제주,109.52,-0.0,-0.0,0.0,23.81
2019-03-11,기타지방,116.92,-0.1,-0.15,1.4,15.53
2019-03-18,전국,,,-0.07,,
2019-03-18,서울,104.54,-0.05,-0.03,2.39,40.83
2019-03-18,인천,96.97,-0.01,-0.0,1.06,22.16
2019-03-18,경기도,85.04,-0.06,-0.06,1.48,18.72
2019-03-18,부산,100.35,-0.06,-0.16,1.0,7.77
2019-03-18,대구,157.66,0.06,-0.05,1.34,26.65
2019-03-18,광주,84.45,-0.01,-0.01,0.79,25.49
2019-03-18,대전,146.51,0.01,0.02,3.63,51.26
2019-03-18,세종,0.0,-0.0,-0.03,0.0,0.0
2019-03-18,울산,63.92,-0.12,-0.17,0.0,2.51
2019-03-18,강원,90.14,-0.18,-0.16,0.0,12.62
2019-03-18,충북,116.37,-0.01,-0.04,0.0,7.34
2019-03-18,충남,117.14,-0.14,-0.31,1.03,12.38
2019-03-18,전북,137.89,-0.07,-0.19,0.0,20.71
2019-03-18,전남,164.65,0.01,0.02,9.39,48.08
2019-03-18,경북,89.44,-0.08,-0.14,0.0,12.3
2019-03-18,경남,105.43,-0.08,-0.14,0.27,13.42
2019-03-18,제주,136.84,0.0,-0.0,0.0,31.58
2019-03-18,기타지방,115.08,-0.08,-0.14,1.01,16.71
2019-03-25,전국,,,-0.06,,
2019-03-25,서울,104.2,-0.04,-0.04,1.75,38.19
2019-03-25,인천,102.61,-0.01,-0.02,1.68,26.8
2019-03-25,경기도,88.97,-0.07,-0.05,0.62,17.19
2019-03-25,부산,95.53,-0.05,-0.08,0.52,5.16
2019-03-25,대구,161.13,0.0,-0.04,1.57,25.2
2019-03-25,광주,81.5,-0.02,-0.0,0.0,22.29
2019-03-25,대전,141.2,0.06,0.12,1.57,49.1
2019-03-25,세종,0.0,-0.03,0.0,0.0,0.0
2019-03-25,울산,81.2,-0.2,-0.23,0.0,4.86
2019-03-25,강원,95.57,-0.28,-0.18,1.29,9.15
2019-03-25,충북,122.23,-0.01,-0.04,0.0,8.8
2019-03-25,충남,120.1,-0.08,-0.21,0.59,9.65
2019-03-25,전북,146.07,-0.09,-0.16,0.0,21.1
2019-03-25,전남,166.91,0.03,0.05,12.98,54.92
2019-03-25,경북,76.35,-0.1,-0.18,0.0,8.25
2019-03-25,경남,105.44,-0.09,-0.12,0.0,10.79
2019-03-25,제주,116.67,0.0,-0.0,0.0,11.11
2019-03-25,기타지방,115.99,-0.08,-0.12,1.28,15.3
2019-04-01,전국,,,-0.05,,
2019-04-01,서울,107.69,-0.02,-0.03,2.61,37.62
2019-04-01,인천,105.13,-0.05,-0.05,0.52,22.73
2019-04-01,경기도,87.38,-0.07,-0.03,1.25,18.34
2019-04-01,부산,94.54,-0.01,-0.05,1.57,6.48
2019-04-01,대구,149.46,0.02,-0.0,1.34,23.96
2019-04-01,광주,76.23,-0.0,-0.0,0.0,17.73
2019-04-01,대전,149.39,0.03,0.06,2.63,50.85
2019-04-01,세종,0.0,-0.07,-0.07,0.0,0.0
2019-04-01,울산,65.17,-0.25,-0.24,0.0,3.31
2019-04-01,강원,84.05,-0.25,-0.13,2.1,20.2
2019-04-01,충북,129.25,-0.0,-0.04,0.0,16.07
2019-04-01,충남,122.2,-0.09,-0.09,2.26,10.89
2019-04-01,전북,141.45,-0.03,-0.08,0.0,21.51
2019-04-01,전남,168.75,-0.0,-0.0,14.62,47.64
2019-04-01,경북,93.61,-0.13,-0.17,1.18,12.68
2019-04-01,경남,103.67,-0.14,-0.15,0.27,12.19
2019-04-01,제주,130.0,-0.06,-0.02,0.0,5.0
2019-04-01,기타지방,117.6,-0.09,-0.1,1.97,17.65
2019-04-08,전국,,,-0.03,,
2019-04-08,서울,106.29,-0.03,-0.03,2.11,39.58
2019-04-08,인천,103.43,-0.0,0.0,0.58,23.81
2019-04-08,경기도,87.31,-0.05,-0.02,1.46,19.68
2019-04-08,부산,97.93,-0.02,-0.05,1.23,5.29
2019-04-08,대구,153.81,0.0,0.04,1.37,24.56
2019-04-08,광주,76.5,-0.0,-0.0,0.0,15.14
2019-04-08,대전,143.54,0.02,0.04,4.24,48.7
2019-04-08,세종,0.0,-0.04,0.0,0.0,0.0
2019-04-08,울산,68.59,-0.14,-0.16,0.0,7.09
2019-04-08,강원,89.63,-0.11,-0.1,1.29,9.2
2019-04-08,충북,128.62,-0.01,-0.07,0.0,17.41
2019-04-08,충남,125.54,-0.03,-0.02,1.64,13.04
2019-04-08,전북,131.53,-0.01,-0.05,0.0,17.79
2019-04-08,전남,159.57,0.0,0.02,12.46,57.24
2019-04-08,경북,98.12,-0.16,-0.14,0.0,8.71
2019-04-08,경남,109.06,-0.07,-0.04,0.27,12.53
2019-04-08,제주,130.0,0.0,-0.0,0.0,15.0
2019-04-08,기타지방,117.95,-0.06,-0.05,1.47,16.73
2019-04-15,전국,,,-0.03,,
2019-04-15,서울,109.44,-0.02,-0.01,2.1,39.07
2019-04-15,인천,109.61,-0.08,0.0,1.09,22.01
2019-04-15,경기도,87.41,-0.04,-0.02,0.75,17.82
2019-04-15,부산,104.95,-0.03,-0.03,2.84,10.84
2019-04-15,대구,159.51,0.0,0.01,1.22,28.3
2019-04-15,광주,71.41,-0.0,-0.0,1.06,16.45
2019-04-15,대전,152.82,0.0,0.0,6.8,48.4
2019-04-15,세종,0.0,-0.09,-0.05,0.0,0.0
2019-04-15,울산,50.8,-0.14,-0.16,0.0,9.81
2019-04-15,강원,102.88,-0.09,-0.04,0.0,10.48
2019-04-15,충북,125.31,-0.0,-0.03,1.48,21.66
2019-04-15,충남,127.5,-0.07,-0.07,0.55,9.96
2019-04-15,전북,133.29,-0.0,-0.03,0.96,16.59
2019-04-15,전남,157.24,0.0,0.0,5.27,41.16
2019-04-15,경북,79.04,-0.11,-0.09,2.46,11.16
2019-04-15,경남,103.47,-0.15,-0.07,2.0,13.87
2019-04-15,제주,130.43,-0.05,-0.02,0.0,21.74
2019-04-15,기타지방,115.39,-0.08,-0.05,1.67,15.92
2019-04-22,전국,,,-0.03,,
2019-04-22,서울,110.32,-0.03,-0.03,1.58,37.22
2019-04-22,인천,107.66,-0.03,-0.01,0.68,22.95
2019-04-22,경기도,91.38,-0.03,-0.03,1.39,20.23
2019-04-22,부산,99.71,-0.04,-0.04,0.39,4.94
2019-04-22,대구,155.31,0.01,0.01,2.13,29.56
2019-04-22,광주,80.35,-0.01,-0.01,1.84,17.15
2019-04-22,대전,149.13,0.04,0.04,4.84,55.36
2019-04-22,세종,0.0,0.0,-0.01,0.0,0.0
2019-04-22,울산,63.7,-0.11,-0.09,0.0,8.67
2019-04-22,강원,80.02,-0.1,-0.05,0.0,9.29
2019-04-22,충북,130.61,-0.02,-0.09,0.0,26.98
2019-04-22,충남,129.27,-0.05,-0.04,1.7,9.95
2019-04-22,전북,137.5,-0.05,-0.09,0.0,16.75
2019-04-22,전남,165.81,0.0,0.01,7.91,34.72
2019-04-22,경북,96.45,-0.08,-0.07,2.52,17.15
2019-04-22,경남,107.98,-0.1,-0.05,0.27,12.41
2019-04-22,제주,133.33,0.0,-0.03,0.0,19.05
2019-04-22,기타지방,118.79,-0.06,-0.05,1.33,16.31
2019-04-29,전국,,,-0.04,,
2019-04-29,서울,107.02,-0.02,-0.01,1.64,38.07
2019-04-29,인천,115.78,-0.09,-0.07,0.0,23.82
2019-04-29,경기도,92.3,-0.04,-0.02,1.0,17.94
2019-04-29,부산,98.6,-0.05,-0.05,0.91,7.61
2019-04-29,대구,160.28,0.02,-0.0,1.92,27.81
2019-04-29,광주,73.51,-0.02,-0.01,0.92,10.74
2019-04-29,대전,152.2,0.01,0.07,6.26,57.41
2019-04-29,세종,0.0,0.0,-0.01,0.0,0.0
2019-04-29,울산,78.73,-0.2,-0.15,2.85,15.56
2019-04-29,강원,93.19,-0.09,-0.15,0.0,10.13
2019-04-29,충북,128.45,-0.01,-0.06,0.0,21.25
2019-04-29,충남,132.53,-0.09,-0.15,1.09,10.75
2019-04-29,전북,129.88,-0.04,-0.15,0.0,17.01
2019-04-29,전남,154.86,0.02,-0.0,5.27,37.87
2019-04-29,경북,91.15,-0.04,-0.1,1.13,12.75
2019-04-29,경남,101.98,-0.1,-0.13,1.35,14.5
2019-04-29,제주,122.73,0.0,-0.06,4.55,36.36
2019-04-29,기타지방,116.67,-0.06,-0.11,1.18,16.54
2019-05-06,전국,,,-0.03,,
2019-05-06,서울,111.05,-0.02,-0.01,3.27,42.32
2019-05-06,인천,112.47,-0.01,-0.03,0.0,22.71
2019-05-06,경기도,90.52,-0.04,-0.03,0.98,18.63
2019-05-06,부산,98.01,-0.02,-0.04,0.24,5.17
2019-05-06,대구,163.66,0.01,0.0,0.95,26.97
2019-05-06,광주,75.29,-0.02,-0.01,0.0,12.06
2019-05-06,대전,154.75,0.01,0.04,4.22,52.2
2019-05-06,세종,0.0,-0.01,-0.01,0.0,0.0
2019-05-06,울산,73.15,-0.09,-0.13,2.82,10.06
2019-05-06,강원,102.27,-0.04,-0.02,0.0,10.46
2019-05-06,충북,131.1,-0.01,-0.05,0.0,15.65
2019-05-06,충남,131.36,-0.05,-0.05,0.52,12.55
2019-05-06,전북,135.52,-0.0,-0.03,0.0,14.87
2019-05-06,전남,158.15,0.01,-0.02,4.52,35.05
2019-05-06,경북,97.52,-0.06,-0.07,1.33,10.48
2019-05-06,경남,101.81,-0.08,-0.06,0.0,14.06
2019-05-06,제주,114.29,0.0,-0.02,4.76,33.33
2019-05-06,기타지방,118.5,-0.04,-0.05,0.71,15.42
2019-05-13,전국,,,-0.04,,
2019-05-13,서울,110.83,-0.03,-0.01,2.53,42.44
2019-05-13,인천,118.17,-0.0,-0.03,0.61,21.39
2019-05-13,경기도,91.55,-0.04,-0.03,0.98,19.24
2019-05-13,부산,95.09,-0.03,-0.07,0.56,6.02
2019-05-13,대구,162.26,0.01,0.03,1.4,24.22
2019-05-13,광주,78.95,-0.0,-0.01,1.8,14.88
2019-05-13,대전,152.97,0.03,0.06,7.86,44.73
2019-05-13,세종,0.0,0.0,-0.02,0.0,0.0
2019-05-13,울산,77.19,-0.18,-0.15,0.0,6.57
2019-05-13,강원,106.76,-0.07,-0.08,1.51,13.21
2019-05-13,충북,132.4,-0.02,-0.02,0.0,22.02
2019-05-13,충남,141.02,-0.04,-0.02,1.63,11.43
2019-05-13,전북,136.22,-0.14,-0.16,0.0,12.19
2019-05-13,전남,146.52,0.0,0.01,6.39,42.18
2019-05-13,경북,90.05,-0.11,-0.13,0.0,11.46
2019-05-13,경남,79.78,-0.11,-0.1,0.31,14.79
2019-05-13,제주,121.74,0.0,-0.14,0.0,30.43
2019-05-13,기타지방,112.44,-0.07,-0.08,0.98,16.52
2019-05-20,전국,,,-0.04,,
2019-05-20,서울,113.26,-0.02,-0.03,1.86,40.87
2019-05-20,인천,116.7,-0.07,-0.07,2.9,22.17
2019-05-20,경기도,90.1,-0.05,-0.02,1.53,21.22
2019-05-20,부산,91.08,-0.03,-0.06,0.6,6.15
2019-05-20,대구,163.02,0.0,0.01,1.8,25.98
2019-05-20,광주,83.56,-0.02,-0.01,1.06,15.28
2019-05-20,대전,152.58,0.02,0.05,8.42,56.8
2019-05-20,세종,0.0,0.0,-0.0,0.0,0.0
2019-05-20,울산,81.44,-0.12,-0.15,2.33,10.03
2019-05-20,강원,102.42,-0.04,-0.06,0.0,11.3
2019-05-20,충북,136.81,-0.02,-0.03,0.0,17.71
2019-05-20,충남,129.12,-0.02,-0.01,2.69,20.54
2019-05-20,전북,134.39,-0.18,-0.23,0.83,10.71
2019-05-20,전남,159.64,-0.0,0.0,8.44,37.48
2019-05-20,경북,94.46,-0.08,-0.06,0.0,7.47
2019-05-20,경남,94.68,-0.1,-0.13,1.04,18.41
2019-05-20,제주,114.29,-0.02,-0.02,0.0,28.57
2019-05-20,기타지방,117.16,-0.07,-0.08,1.49,17.24
2019-05-27,전국,,,-0.08,,
2019-05-27,서울,117.88,-0.01,-0.03,2.86,46.31
2019-05-27,인천,123.87,-0.02,-0.02,3.9,23.66
2019-05-27,경기도,93.74,-0.03,-0.05,1.32,20.24
2019-05-27,부산,90.32,-0.06,-0.14,1.04,7.42
2019-05-27,대구,159.38,0.0,0.01,0.67,24.13
2019-05-27,광주,91.89,-0.01,-0.02,0.0,14.98
2019-05-27,대전,151.7,0.0,0.06,8.03,49.42
2019-05-27,세종,0.0,-0.0,-0.08,0.0,0.0
2019-05-27,울산,76.0,-0.06,-0.08,0.0,11.81
2019-05-27,강원,109.46,-0.14,-0.15,0.0,10.96
2019-05-27,충북,135.73,-0.07,-0.2,0.0,16.6
2019-05-27,충남,137.93,-0.07,-0.18,2.68,18.23
2019-05-27,전북,142.33,-0.08,-0.28,0.0,14.05
2019-05-27,전남,159.43,-0.0,-0.05,8.84,55.32
2019-05-27,경북,89.56,-0.09,-0.31,0.0,8.84
2019-05-27,경남,89.09,-0.07,-0.16,1.15,17.44
2019-05-27,제주,109.09,-0.0,0.0,0.0,31.82
2019-05-27,기타지방,117.75,-0.07,-0.19,1.45,18.3
2019-06-03,전국,,,-0.05,,
2019-06-03,서울,116.35,-0.02,-0.01,3.36,46.88
2019-06-03,인천,128.29,-0.06,-0.04,0.83,21.79
2019-06-03,경기도,96.83,-0.04,-0.03,1.16,20.21
2019-06-03,부산,95.82,-0.05,-0.12,0.64,5.76
2019-06-03,대구,160.78,0.0,0.01,1.38,27.31
2019-06-03,광주,86.6,-0.02,-0.02,2.97,17.62
2019-06-03,대전,153.4,0.01,0.01,6.73,48.28
2019-06-03,세종,0.0,-0.0,-0.0,0.0,0.0
2019-06-03,울산,68.37,-0.25,-0.13,1.81,19.17
2019-06-03,강원,108.48,-0.05,-0.04,0.0,13.78
2019-06-03,충북,134.64,-0.03,-0.08,0.0,18.19
2019-06-03,충남,142.69,-0.02,-0.08,2.8,15.28
2019-06-03,전북,131.59,-0.13,-0.16,0.0,7.02
2019-06-03,전남,164.39,-0.0,-0.02,6.78,35.43
2019-06-03,경북,81.83,-0.13,-0.14,0.0,12.89
2019-06-03,경남,97.23,-0.08,-0.09,0.0,16.23
2019-06-03,제주,136.36,0.0,-0.01,0.0,40.91
2019-06-03,기타지방,117.96,-0.06,-0.09,1.0,16.07
2019-06-10,전국,,,-0.03,,
2019-06-10,서울,118.58,-0.02,-0.01,5.33,52.19
2019-06-10,인천,128.57,-0.04,-0.01,1.19,27.09
2019-06-10,경기도,92.71,-0.03,-0.02,1.92,23.17
2019-06-10,부산,96.41,-0.0,-0.05,0.61,7.87
2019-06-10,대구,164.43,0.03,0.05,1.1,25.85
2019-06-10,광주,79.72,-0.02,-0.0,1.06,18.57
2019-06-10,대전,158.68,0.03,0.02,7.11,54.37
2019-06-10,세종,0.0,0.0,0.0,0.0,0.0
2019-06-10,울산,79.8,-0.11,-0.15,2.85,17.34
2019-06-10,강원,111.74,-0.13,-0.17,1.39,10.52
2019-06-10,충북,137.03,-0.05,-0.09,0.0,13.0
2019-06-10,충남,136.6,-0.07,-0.11,1.07,12.6
2019-06-10,전북,135.49,-0.04,-0.11,0.0,7.07
2019-06-10,전남,158.49,0.0,-0.01,5.93,44.22
2019-06-10,경북,95.11,-0.07,-0.14,1.32,12.6
2019-06-10,경남,96.07,-0.06,-0.06,0.0,15.39
2019-06-10,제주,127.27,0.0,-0.01,0.0,31.82
2019-06-10,기타지방,118.58,-0.06,-0.09,0.95,15.17
2019-06-17,전국,,,-0.03,,
2019-06-17,서울,119.33,0.0,0.01,6.87,57.81
2019-06-17,인천,124.6,-0.01,-0.0,1.46,25.19
2019-06-17,경기도,95.19,-0.05,-0.03,1.63,23.09
2019-06-17,부산,97.85,-0.03,-0.04,0.8,7.81
2019-06-17,대구,165.12,0.03,0.02,1.48,31.01
2019-06-17,광주,89.75,-0.01,0.0,0.72,16.13
2019-06-17,대전,164.66,0.01,0.05,6.81,50.28
2019-06-17,세종,0.0,-0.01,-0.02,0.0,0.0
2019-06-17,울산,78.59,-0.18,-0.09,2.17,13.45
2019-06-17,강원,103.28,-0.03,-0.09,1.41,15.59
2019-06-17,충북,136.07,-0.01,-0.08,0.0,13.66
2019-06-17,충남,124.81,-0.04,-0.11,2.8,15.2
2019-06-17,전북,142.51,-0.03,-0.08,0.0,8.54
2019-06-17,전남,146.5,0.0,-0.02,6.53,46.44
2019-06-17,경북,101.26,-0.14,-0.08,2.53,15.12
2019-06-17,경남,106.19,-0.07,-0.08,0.0,15.7
2019-06-17,제주,122.73,-0.07,-0.01,0.0,31.82
2019-06-17,기타지방,119.87,-0.05,-0.08,1.57,16.95
2019-06-24,전국,,,-0.01,,
2019-06-24,서울,122.79,-0.0,0.06,10.85,65.47
2019-06-24,인천,125.99,-0.05,-0.02,1.48,24.3
2019-06-24,경기도,95.82,-0.04,-0.01,2.34,25.45
2019-06-24,부산,95.45,-0.02,-0.02,0.56,6.77
2019-06-24,대구,169.17,0.01,0.01,1.64,31.47
2019-06-24,광주,75.2,-0.0,-0.0,1.78,19.77
2019-06-24,대전,160.13,0.03,0.1,10.68,52.29
2019-06-24,세종,0.0,-0.07,-0.15,0.0,0.0
2019-06-24,울산,73.08,-0.1,-0.08,0.0,11.39
2019-06-24,강원,111.29,-0.04,-0.08,1.33,19.27
2019-06-24,충북,137.16,-0.01,-0.05,0.0,21.06
2019-06-24,충남,140.07,-0.05,-0.04,0.52,7.6
2019-06-24,전북,139.47,0.01,-0.02,0.0,4.21
2019-06-24,전남,144.12,-0.02,-0.0,3.94,29.21
2019-06-24,경북,106.56,-0.05,-0.06,2.53,19.47
2019-06-24,경남,102.69,-0.08,-0.11,0.85,16.35
2019-06-24,제주,127.27,-0.0,0.0,0.0,27.27
2019-06-24,기타지방,122.59,-0.04,-0.06,1.08,15.33
2019-07-01,전국,,,-0.01,,
2019-07-01,서울,122.87,-0.0,0.09,11.85,70.18
2019-07-01,인천,129.91,-0.06,-0.02,2.54,27.33
2019-07-01,경기도,95.19,-0.03,-0.0,2.35,25.95
2019-07-01,부산,99.45,-0.01,-0.04,0.94,6.07
2019-07-01,대구,169.37,0.06,0.0,1.06,28.68
2019-07-01,광주,68.51,0.0,-0.0,0.98,18.84
2019-07-01,대전,165.05,0.01,0.06,10.85,59.94
2019-07-01,세종,0.0,-0.08,-0.08,0.0,0.0
2019-07-01,울산,75.0,-0.2,-0.16,0.0,16.36
2019-07-01,강원,106.24,-0.09,-0.1,0.0,10.68
2019-07-01,충북,138.37,0.0,-0.04,0.0,24.77
2019-07-01,충남,134.27,-0.04,-0.11,3.8,15.16
2019-07-01,전북,133.32,-0.07,-0.06,0.0,6.74
2019-07-01,전남,146.29,-0.03,-0.01,8.81,35.96
2019-07-01,경북,109.25,-0.04,-0.05,3.09,15.57
2019-07-01,경남,109.38,-0.06,-0.08,0.0,12.49
2019-07-01,제주,113.64,0.0,-0.01,0.0,27.27
2019-07-01,기타지방,123.13,-0.05,-0.07,1.74,15.84
2019-07-08,전국,,,-0.03,,
2019-07-08,서울,128.72,0.01,0.11,14.06,75.15
2019-07-08,인천,134.93,0.0,0.01,3.11,29.89
2019-07-08,경기도,99.41,-0.02,-0.03,3.32,27.95
2019-07-08,부산,100.06,-0.07,-0.09,1.72,6.6
2019-07-08,대구,171.75,0.02,0.01,0.91,34.38
2019-07-08,광주,81.82,0.0,-0.01,0.98,17.36
2019-07-08,대전,164.13,0.02,0.04,15.04,64.9
2019-07-08,세종,0.0,0.0,-0.01,0.0,0.0
2019-07-08,울산,94.89,-0.02,-0.1,0.0,25.96
2019-07-08,강원,93.03,-0.19,-0.26,0.0,10.65
2019-07-08,충북,143.91,-0.07,-0.15,0.0,20.8
2019-07-08,충남,130.82,-0.04,-0.12,2.01,16.11
2019-07-08,전북,126.44,-0.02,-0.08,1.0,7.68
2019-07-08,전남,156.25,-0.01,-0.01,0.0,28.14
2019-07-08,경북,112.87,-0.06,-0.04,2.92,26.64
2019-07-08,경남,95.58,-0.08,-0.21,0.0,11.92
2019-07-08,제주,119.05,0.0,-0.25,0.0,23.81
2019-07-08,기타지방,118.53,-0.06,-0.13,0.83,16.18
2019-07-15,전국,,,-0.01,,
2019-07-15,서울,129.84,0.03,0.11,13.51,78.38
2019-07-15,인천,134.86,-0.01,0.0,3.02,30.27
2019-07-15,경기도,99.42,-0.0,-0.02,2.46,29.34
2019-07-15,부산,101.28,-0.04,-0.07,0.44,5.44
2019-07-15,대구,173.22,0.03,0.01,3.18,36.64
2019-07-15,광주,90.81,0.0,-0.01,1.02,21.6
2019-07-15,대전,165.8,0.06,0.09,16.39,71.69
2019-07-15,세종,0.0,0.0,-0.06,0.0,0.0
2019-07-15,울산,78.13,-0.04,-0.06,5.22,22.82
2019-07-15,강원,101.99,-0.08,-0.22,0.0,15.73
2019-07-15,충북,136.6,-0.02,-0.07,1.03,25.31
2019-07-15,충남,134.41,-0.03,-0.11,1.68,18.28
2019-07-15,전북,142.92,-0.0,-0.02,2.46,10.93
2019-07-15,전남,158.08,-0.01,-0.01,6.7,39.66
2019-07-15,경북,124.27,-0.02,-0.07,0.71,11.31
2019-07-15,경남,102.79,-0.06,-0.15,0.0,14.67
2019-07-15,제주,121.74,0.0,-0.03,0.0,26.09
2019-07-15,기타지방,124.01,-0.03,-0.1,1.34,17.72
2019-07-22,전국,,,-0.02,,
2019-07-22,서울,131.33,0.04,0.11,13.4,80.24
2019-07-22,인천,132.02,-0.0,-0.01,3.06,28.48
2019-07-22,경기도,104.42,-0.0,-0.01,2.68,30.0
2019-07-22,부산,107.49,-0.06,-0.16,0.28,4.74
2019-07-22,대구,174.41,0.1,0.01,4.0,35.76
2019-07-22,광주,92.67,-0.01,-0.02,2.12,18.74
2019-07-22,대전,168.28,0.01,0.06,21.04,77.1
2019-07-22,세종,0.0,-0.11,-0.03,0.0,0.0
2019-07-22,울산,102.53,-0.04,-0.1,3.89,22.24
2019-07-22,강원,100.48,-0.17,-0.18,0.0,12.66
2019-07-22,충북,141.96,-0.01,-0.04,0.0,22.43
2019-07-22,충남,137.57,-0.04,-0.07,1.55,15.76
2019-07-22,전북,139.47,-0.07,-0.08,0.0,8.55
2019-07-22,전남,156.95,0.0,-0.01,8.05,49.67
2019-07-22,경북,125.14,-0.03,-0.13,1.41,11.8
2019-07-22,경남,106.82,-0.11,-0.09,1.01,15.39
2019-07-22,제주,142.86,0.0,-0.02,0.0,23.81
2019-07-22,기타지방,126.19,-0.06,-0.08,1.5,17.93
2019-07-29,전국,,,-0.01,,
2019-07-29,서울,131.9,0.02,0.1,15.67,86.75
2019-07-29,인천,130.45,0.01,-0.01,1.64,27.68
2019-07-29,경기도,104.66,-0.01,0.01,3.51,31.16
2019-07-29,부산,109.19,-0.02,-0.13,1.07,5.98
2019-07-29,대구,168.54,-0.0,0.01,2.64,35.71
2019-07-29,광주,90.04,-0.01,0.0,3.06,24.92
2019-07-29,대전,162.84,0.05,0.05,15.84,74.65
2019-07-29,세종,0.0,-0.0,-0.0,0.0,0.0
2019-07-29,울산,99.24,-0.07,-0.03,0.0,34.56
2019-07-29,강원,106.42,-0.01,-0.12,0.0,13.18
2019-07-29,충북,138.07,-0.01,-0.02,0.0,21.67
2019-07-29,충남,140.72,-0.07,-0.17,2.16,19.5
2019-07-29,전북,131.63,-0.04,-0.18,0.0,8.7
2019-07-29,전남,161.6,0.0,-0.02,8.45,43.07
2019-07-29,경북,133.73,-0.01,-0.09,1.29,14.45
2019-07-29,경남,100.51,-0.02,-0.08,0.62,13.91
2019-07-29,제주,136.36,0.0,-0.02,0.0,31.82
2019-07-29,기타지방,126.25,-0.03,-0.1,1.37,17.77
2019-08-05,전국,,,-0.0,,
2019-08-05,서울,129.73,0.02,0.11,12.38,83.26
2019-08-05,인천,138.07,-0.0,-0.03,2.21,24.36
2019-08-05,경기도,106.72,-0.0,-0.0,2.73,31.48
2019-08-05,부산,112.29,-0.01,-0.04,1.48,6.45
2019-08-05,대구,171.88,0.0,0.0,2.51,34.57
2019-08-05,광주,96.41,-0.01,-0.03,2.12,23.74
2019-08-05,대전,165.8,0.0,0.08,14.08,72.35
2019-08-05,세종,0.0,-0.02,0.0,0.0,0.0
2019-08-05,울산,100.87,-0.05,-0.07,4.88,49.55
2019-08-05,강원,96.86,-0.22,-0.21,0.0,18.18
2019-08-05,충북,139.4,-0.0,-0.02,0.0,21.42
2019-08-05,충남,138.89,-0.04,-0.06,0.55,20.09
2019-08-05,전북,139.2,-0.0,-0.04,0.0,7.84
2019-08-05,전남,160.29,0.01,-0.0,7.1,44.22
2019-08-05,경북,142.73,-0.02,-0.05,2.46,16.83
2019-08-05,경남,96.8,-0.06,-0.09,1.37,21.26
2019-08-05,제주,122.73,0.0,-0.0,4.55,31.82
2019-08-05,기타지방,126.27,-0.04,-0.06,1.58,20.46
2019-08-12,전국,,,0.02,,
2019-08-12,서울,134.52,0.03,0.09,13.38,82.7
2019-08-12,인천,137.01,0.01,0.01,1.29,23.91
2019-08-12,경기도,113.04,0.0,0.02,3.3,33.18
2019-08-12,부산,111.83,-0.0,-0.03,1.39,7.52
2019-08-12,대구,178.51,0.02,0.01,2.32,39.26
2019-08-12,광주,103.15,-0.02,-0.02,3.05,28.29
2019-08-12,대전,170.22,0.04,0.11,20.36,77.75
2019-08-12,세종,0.0,0.0,0.0,0.0,0.0
2019-08-12,울산,120.6,-0.03,-0.03,5.86,30.44
2019-08-12,강원,92.72,-0.06,-0.06,1.51,16.53
2019-08-12,충북,141.99,-0.0,-0.01,0.0,24.69
2019-08-12,충남,134.26,0.0,-0.01,0.52,17.34
2019-08-12,전북,143.33,0.0,-0.01,1.43,18.17
2019-08-12,전남,152.18,-0.0,-0.01,16.94,57.71
2019-08-12,경북,139.57,-0.06,-0.04,3.54,21.7
2019-08-12,경남,104.64,-0.03,-0.03,2.49,24.55
2019-08-12,제주,145.45,0.0,-0.01,0.0,27.27
2019-08-12,기타지방,126.75,-0.02,-0.02,2.93,24.04
2019-08-19,전국,,,0.01,,
2019-08-19,서울,136.5,0.02,0.1,13.28,84.58
2019-08-19,인천,141.27,0.02,0.0,1.83,29.92
2019-08-19,경기도,117.61,0.01,0.01,3.29,33.9
2019-08-19,부산,119.41,-0.06,-0.05,1.69,8.05
2019-08-19,대구,176.63,0.01,-0.0,2.07,37.53
2019-08-19,광주,109.96,0.0,-0.0,2.85,25.31
2019-08-19,대전,169.37,0.01,0.09,15.35,75.58
2019-08-19,세종,0.0,0.0,-0.06,0.0,0.0
2019-08-19,울산,115.32,0.03,-0.07,1.7,32.07
2019-08-19,강원,112.36,-0.06,-0.08,0.0,15.48
2019-08-19,충북,153.46,0.0,-0.03,0.0,25.09
2019-08-19,충남,134.44,-0.03,-0.05,2.15,17.27
2019-08-19,전북,141.96,-0.02,-0.02,1.95,16.49
2019-08-19,전남,161.22,0.0,-0.04,5.53,32.55
2019-08-19,경북,138.06,-0.0,-0.04,1.24,19.29
2019-08-19,경남,115.48,-0.09,-0.09,0.71,16.27
2019-08-19,제주,139.13,0.0,-0.0,0.0,21.74
2019-08-19,기타지방,133.0,-0.04,-0.05,1.39,18.95
2019-08-26,전국,,,0.0,,
2019-08-26,서울,139.73,0.02,0.11,11.01,82.37
2019-08-26,인천,142.99,0.0,-0.0,1.37,30.67
2019-08-26,경기도,119.28,0.01,0.01,2.64,30.88
2019-08-26,부산,123.11,-0.02,-0.05,1.72,7.2
2019-08-26,대구,175.71,0.02,0.02,2.8,35.61
2019-08-26,광주,117.48,0.0,-0.02,2.85,24.27
2019-08-26,대전,171.01,0.08,0.12,17.22,73.22
2019-08-26,세종,0.0,0.0,-0.02,0.0,0.0
2019-08-26,울산,117.62,0.09,-0.07,3.02,27.82
2019-08-26,강원,107.4,-0.07,-0.14,0.0,15.7
2019-08-26,충북,155.41,-0.02,-0.05,0.0,27.71
2019-08-26,충남,142.96,-0.01,-0.04,2.73,15.52
2019-08-26,전북,151.57,0.02,-0.04,0.0,19.63
2019-08-26,전남,160.48,-0.01,-0.01,5.75,64.19
2019-08-26,경북,141.84,-0.02,-0.07,2.46,27.37
2019-08-26,경남,108.19,-0.09,-0.1,1.22,16.85
2019-08-26,제주,136.36,0.0,-0.06,4.55,40.91
2019-08-26,기타지방,133.94,-0.03,-0.06,1.62,23.6
2019-09-02,전국,,,0.01,,
2019-09-02,서울,144.32,0.04,0.13,12.93,84.81
2019-09-02,인천,149.18,-0.01,0.01,3.67,40.22
2019-09-02,경기도,125.18,0.01,0.01,3.56,37.06
2019-09-02,부산,123.04,-0.03,-0.04,1.77,15.64
2019-09-02,대구,176.13,0.02,0.01,1.23,36.18
2019-09-02,광주,120.91,-0.01,-0.01,0.92,26.98
2019-09-02,대전,164.75,0.09,0.26,22.42,83.11
2019-09-02,세종,0.0,0.0,-0.05,0.0,0.0
2019-09-02,울산,121.4,0.02,-0.07,0.85,17.67
2019-09-02,강원,122.9,-0.03,-0.08,1.39,23.62
2019-09-02,충북,152.38,-0.05,-0.04,1.47,29.44
2019-09-02,충남,147.37,-0.03,-0.05,2.15,18.04
2019-09-02,전북,148.25,-0.01,-0.06,3.22,43.21
2019-09-02,전남,152.15,0.0,0.0,9.59,40.73
2019-09-02,경북,145.46,-0.06,-0.09,4.74,26.33
2019-09-02,경남,117.41,-0.14,-0.16,0.65,18.09
2019-09-02,제주,138.1,-0.14,-0.15,0.0,28.57
2019-09-02,기타지방,137.86,-0.06,-0.08,2.63,26.26
2019-09-16,전국,,,0.0,,
2019-09-16,서울,144.58,0.04,0.1,12.67,84.97
2019-09-16,인천,149.28,0.01,0.02,2.52,42.1
2019-09-16,경기도,126.58,0.01,-0.01,2.86,36.1
2019-09-16,부산,119.11,-0.01,-0.02,1.62,17.04
2019-09-16,대구,179.88,0.03,0.01,1.45,31.42
2019-09-16,광주,150.3,-0.0,0.01,3.32,24.04
2019-09-16,대전,169.66,0.14,0.23,15.23,70.73
2019-09-16,세종,0.0,0.0,-0.01,0.0,0.0
2019-09-16,울산,120.14,0.01,-0.06,0.0,22.06
2019-09-16,강원,112.62,-0.04,-0.05,1.41,15.46
2019-09-16,충북,152.41,-0.02,-0.04,1.57,31.24
2019-09-16,충남,145.76,0.0,-0.01,3.25,20.27
2019-09-16,전북,140.65,-0.13,-0.1,0.8,36.88
2019-09-16,전남,161.08,0.0,0.0,13.0,52.01
2019-09-16,경북,144.47,-0.05,-0.1,1.24,17.17
2019-09-16,경남,119.57,-0.08,-0.13,0.69,26.16
2019-09-16,제주,100.0,0.0,-0.04,0.0,27.78
2019-09-16,기타지방,136.44,-0.05,-0.07,2.32,27.86
2019-09-23,전국,,,0.02,,
2019-09-23,서울,143.82,0.05,0.15,20.15,94.79
2019-09-23,인천,156.42,0.03,0.04,4.29,42.18
2019-09-23,경기도,132.76,0.01,-0.02,3.8,36.99
2019-09-23,부산,126.7,-0.02,-0.05,0.78,12.54
2019-09-23,대구,179.12,0.12,0.02,2.88,33.32
2019-09-23,광주,140.7,0.0,-0.0,3.06,24.77
2019-09-23,대전,168.8,0.07,0.38,18.91,82.14
2019-09-23,세종,0.0,0.0,-0.02,0.0,0.0
2019-09-23,울산,132.89,0.03,-0.13,1.81,29.37
2019-09-23,강원,106.71,-0.03,-0.08,2.01,22.5
2019-09-23,충북,158.06,-0.03,-0.06,3.54,27.08
2019-09-23,충남,146.47,0.0,-0.02,4.14,26.13
2019-09-23,전북,136.92,-0.01,-0.06,0.0,43.15
2019-09-23,전남,165.67,0.0,-0.01,19.74,58.08
2019-09-23,경북,147.51,-0.02,-0.04,1.08,14.21
2019-09-23,경남,120.15,-0.09,-0.1,1.29,25.03
2019-09-23,제주,144.44,0.0,-0.14,0.0,22.22
2019-09-23,기타지방,137.24,-0.03,-0.06,3.32,29.53
2019-09-30,전국,,,0.03,,
2019-09-30,서울,147.35,0.06,0.15,21.43,98.54
2019-09-30,인천,162.14,0.02,0.01,5.67,45.35
2019-09-30,경기도,138.71,0.01,0.02,3.85,37.19
2019-09-30,부산,122.63,-0.01,-0.01,1.29,17.43
2019-09-30,대구,180.1,0.01,0.02,3.85,35.09
2019-09-30,광주,142.46,0.0,-0.01,2.2,22.1
2019-09-30,대전,168.35,0.11,0.34,23.24,89.16
2019-09-30,세종,0.0,0.0,-0.01,0.0,0.0
2019-09-30,울산,138.11,0.03,-0.02,3.16,22.45
2019-09-30,강원,99.5,-0.03,-0.12,0.0,18.36
2019-09-30,충북,161.61,-0.01,-0.04,0.0,28.91
2019-09-30,충남,151.92,-0.02,-0.03,6.04,30.5
2019-09-30,전북,135.66,-0.02,-0.02,1.34,42.68
2019-09-30,전남,166.59,0.0,-0.02,18.7,50.62
2019-09-30,경북,154.17,-0.01,-0.04,0.0,10.75
2019-09-30,경남,128.12,-0.05,-0.11,1.25,22.35
2019-09-30,제주,135.29,0.0,-0.19,0.0,17.65
2019-09-30,기타지방,140.8,-0.02,-0.06,2.98,27.72
2019-10-07,전국,,,0.04,,
2019-10-07,서울,148.22,0.07,0.13,23.91,103.36
2019-10-07,인천,168.91,0.03,0.03,6.25,46.47
2019-10-07,경기도,140.36,0.03,0.04,4.48,36.96
2019-10-07,부산,124.1,-0.01,-0.03,1.05,13.52
2019-10-07,대구,179.38,0.02,0.02,2.65,34.19
2019-10-07,광주,144.19,0.0,-0.02,3.04,22.95
2019-10-07,대전,173.33,0.14,0.26,21.28,79.97
2019-10-07,세종,0.0,0.0,0.0,0.0,0.0
2019-10-07,울산,146.24,0.03,0.01,6.7,35.62
2019-10-07,강원,107.81,-0.07,-0.05,0.0,20.68
2019-10-07,충북,151.52,-0.07,-0.05,3.15,36.5
2019-10-07,충남,154.1,-0.03,-0.0,6.34,32.34
2019-10-07,전북,148.23,-0.03,-0.03,2.39,45.81
2019-10-07,전남,170.48,0.0,0.02,22.31,65.85
2019-10-07,경북,148.81,-0.04,-0.06,0.87,19.47
2019-10-07,경남,125.06,-0.04,-0.04,0.76,19.87
2019-10-07,제주,144.44,0.0,-0.05,0.0,33.33
2019-10-07,기타지방,141.18,-0.04,-0.03,3.8,31.98
2019-10-14,전국,,,0.03,,
2019-10-14,서울,149.66,0.06,0.15,26.54,107.07
2019-10-14,인천,159.67,0.02,0.02,6.13,44.11
2019-10-14,경기도,144.65,0.03,0.03,5.83,40.66
2019-10-14,부산,130.7,-0.01,-0.03,2.04,17.58
2019-10-14,대구,182.77,0.07,0.03,4.4,35.13
2019-10-14,광주,160.82,-0.02,-0.01,2.85,15.31
2019-10-14,대전,177.52,0.03,0.31,18.28,81.01
2019-10-14,세종,0.0,0.0,0.0,0.0,0.0
2019-10-14,울산,148.62,0.01,0.06,5.87,38.5
2019-10-14,강원,97.78,-0.06,-0.05,3.02,22.77
2019-10-14,충북,158.49,-0.03,-0.05,1.19,35.18
2019-10-14,충남,163.6,0.0,-0.01,6.34,35.82
2019-10-14,전북,157.21,-0.02,-0.06,2.2,18.91
2019-10-14,전남,178.16,-0.03,-0.05,12.75,55.2
2019-10-14,경북,159.09,-0.03,-0.06,0.0,16.39
2019-10-14,경남,118.61,-0.06,-0.12,1.32,24.23
2019-10-14,제주,143.75,0.03,-0.11,0.0,25.0
2019-10-14,기타지방,144.52,-0.03,-0.06,3.03,28.12
2019-10-21,전국,,,0.03,,
2019-10-21,서울,150.91,0.04,0.15,31.11,113.78
2019-10-21,인천,161.12,0.04,0.07,5.63,41.94
2019-10-21,경기도,144.51,0.04,0.02,6.73,42.64
2019-10-21,부산,130.49,-0.01,-0.04,1.12,17.65
2019-10-21,대구,179.51,0.07,0.04,3.65,32.04
2019-10-21,광주,153.1,0.0,0.0,1.72,15.66
2019-10-21,대전,171.07,0.03,0.21,23.01,89.75
2019-10-21,세종,0.0,0.0,-0.0,0.0,0.0
2019-10-21,울산,157.38,0.01,0.08,10.87,50.9
2019-10-21,강원,107.81,-0.07,-0.12,1.51,22.98
2019-10-21,충북,156.29,-0.06,-0.08,3.21,39.78
2019-10-21,충남,157.8,-0.03,-0.03,10.09,44.51
2019-10-21,전북,161.67,-0.01,-0.05,1.6,17.05
2019-10-21,전남,172.56,-0.01,-0.01,13.56,50.3
2019-10-21,경북,151.35,-0.02,-0.05,2.27,18.43
2019-10-21,경남,119.99,-0.03,-0.06,0.59,22.84
2019-10-21,제주,153.33,0.0,-0.03,0.0,40.0
2019-10-21,기타지방,143.64,-0.03,-0.05,3.97,29.51
2019-10-28,전국,,,0.03,,
2019-10-28,서울,149.43,0.06,0.15,31.74,114.46
2019-10-28,인천,163.11,0.02,0.01,4.91,42.55
2019-10-28,경기도,142.94,0.04,0.01,6.82,47.71
2019-10-28,부산,128.07,-0.01,-0.01,4.02,21.82
2019-10-28,대구,181.67,0.05,0.05,4.45,34.97
2019-10-28,광주,157.83,0.0,-0.0,1.9,24.07
2019-10-28,대전,175.3,0.06,0.19,22.45,83.82
2019-10-28,세종,0.0,0.0,0.0,0.0,0.0
2019-10-28,울산,152.89,0.02,0.07,4.64,38.78
2019-10-28,강원,109.83,-0.02,-0.13,0.0,25.47
2019-10-28,충북,148.4,-0.05,-0.03,6.28,42.02
2019-10-28,충남,163.87,0.0,-0.03,8.47,43.44
2019-10-28,전북,156.98,-0.04,-0.04,0.8,18.59
2019-10-28,전남,173.92,-0.0,-0.0,12.6,48.66
2019-10-28,경북,154.61,-0.01,-0.1,0.87,18.6
2019-10-28,경남,122.75,-0.01,-0.06,0.77,25.92
2019-10-28,제주,150.0,0.0,-0.12,0.0,42.86
2019-10-28,기타지방,144.2,-0.02,-0.05,3.47,31.31
2019-11-04,전국,,,0.04,,
2019-11-04,서울,147.65,0.07,0.14,30.35,114.07
2019-11-04,인천,160.45,0.03,0.02,9.15,49.32
2019-11-04,경기도,143.29,0.04,0.05,8.51,47.53
2019-11-04,부산,129.62,-0.01,-0.01,3.96,22.58
2019-11-04,대구,186.92,0.08,0.05,3.55,32.74
2019-11-04,광주,160.32,0.0,-0.0,3.11,30.79
2019-11-04,대전,178.61,0.14,0.2,17.52,76.97
2019-11-04,세종,0.0,0.0,0.0,0.0,0.0
2019-11-04,울산,134.6,0.02,0.02,4.83,40.24
2019-11-04,강원,123.14,-0.05,-0.12,0.0,25.75
2019-11-04,충북,143.82,0.0,-0.06,9.17,53.48
2019-11-04,충남,161.89,0.0,-0.04,4.21,34.7
2019-11-04,전북,160.92,-0.03,-0.05,0.77,15.15
2019-11-04,전남,179.79,0.0,-0.0,4.27,37.54
2019-11-04,경북,154.63,0.0,-0.01,2.21,23.89
2019-11-04,경남,122.47,-0.02,-0.02,2.32,28.3
2019-11-04,제주,158.82,0.0,-0.13,5.88,41.18
2019-11-04,기타지방,146.38,-0.01,-0.04,3.11,31.06
2019-11-11,전국,,,0.05,,
2019-11-11,서울,149.06,0.04,0.13,33.22,119.15
2019-11-11,인천,161.61,0.02,0.01,9.49,46.16
2019-11-11,경기도,142.98,0.04,0.05,10.66,54.62
2019-11-11,부산,134.31,0.0,0.04,16.1,51.67
2019-11-11,대구,186.96,0.04,0.02,4.16,34.27
2019-11-11,광주,162.56,-0.0,-0.0,3.93,28.22
2019-11-11,대전,176.76,0.03,0.21,18.52,78.42
2019-11-11,세종,0.0,0.02,0.0,0.0,0.0
2019-11-11,울산,133.5,0.04,0.03,4.72,32.93
2019-11-11,강원,129.42,0.0,-0.02,1.51,33.13
2019-11-11,충북,155.57,-0.06,-0.03,1.72,41.93
2019-11-11,충남,159.04,0.0,-0.01,7.14,36.09
2019-11-11,전북,152.9,-0.01,-0.03,2.69,21.14
2019-11-11,전남,184.23,0.0,0.0,13.69,54.47
2019-11-11,경북,163.83,0.0,-0.01,2.68,26.84
2019-11-11,경남,128.33,0.01,-0.03,6.37,41.8
2019-11-11,제주,161.11,0.0,-0.07,0.0,55.56
2019-11-11,기타지방,150.36,-0.01,-0.02,4.91,36.45
2019-11-18,전국,,,0.07,,
2019-11-18,서울,149.93,0.08,0.2,32.72,118.1
2019-11-18,인천,164.13,0.03,0.03,11.29,54.33
2019-11-18,경기도,141.61,0.04,0.08,12.81,60.03
2019-11-18,부산,135.93,0.01,0.12,17.28,54.21
2019-11-18,대구,186.79,0.04,0.03,5.23,35.33
2019-11-18,광주,161.71,0.0,-0.02,3.56,33.75
2019-11-18,대전,178.54,0.09,0.26,12.85,70.65
2019-11-18,세종,0.0,0.05,0.0,0.0,0.0
2019-11-18,울산,129.66,0.01,0.03,10.13,53.09
2019-11-18,강원,109.43,-0.01,-0.11,0.0,29.9
2019-11-18,충북,152.43,-0.01,-0.02,5.31,39.82
2019-11-18,충남,155.51,-0.0,-0.0,10.94,37.78
2019-11-18,전북,160.13,-0.01,-0.06,3.87,26.3
2019-11-18,전남,184.84,0.0,0.01,7.91,54.81
2019-11-18,경북,154.63,0.0,-0.0,5.11,35.83
2019-11-18,경남,130.14,0.0,-0.02,5.86,38.77
2019-11-18,제주,146.67,0.0,-0.11,0.0,40.0
2019-11-18,기타지방,148.48,-0.0,-0.02,5.78,37.44
2019-11-25,전국,,,0.07,,
2019-11-25,서울,152.02,0.05,0.18,35.82,121.74
2019-11-25,인천,160.59,0.04,0.02,8.98,48.26
2019-11-25,경기도,142.26,0.04,0.06,13.24,61.09
2019-11-25,부산,130.44,0.01,0.14,13.95,46.05
2019-11-25,대구,185.13,0.03,0.04,4.85,35.01
2019-11-25,광주,162.12,0.01,-0.0,4.12,41.23
2019-11-25,대전,176.19,0.03,0.27,19.81,76.4
2019-11-25,세종,0.0,0.12,0.0,0.0,0.0
2019-11-25,울산,125.07,0.05,0.06,9.86,62.39
2019-11-25,강원,113.51,-0.2,-0.04,3.78,42.51
2019-11-25,충북,157.83,-0.01,0.0,4.23,38.35
2019-11-25,충남,153.6,-0.01,0.0,7.68,32.7
2019-11-25,전북,151.48,-0.03,-0.03,3.96,19.77
2019-11-25,전남,181.59,0.0,-0.0,12.5,50.9
2019-11-25,경북,157.2,-0.02,-0.0,4.52,30.43
2019-11-25,경남,131.73,-0.04,0.0,5.19,38.59
2019-11-25,제주,150.0,0.0,-0.0,0.0,37.5
2019-11-25,기타지방,148.94,-0.03,-0.01,5.61,35.79
2019-12-02,전국,,,0.09,,
2019-12-02,서울,151.12,0.09,0.25,37.02,125.19
2019-12-02,인천,164.07,0.04,0.02,9.42,56.09
2019-12-02,경기도,142.84,0.05,0.08,14.26,63.53
2019-12-02,부산,129.13,0.01,0.15,10.47,41.41
2019-12-02,대구,184.42,0.05,0.05,6.37,40.53
2019-12-02,광주,160.93,0.0,-0.01,5.68,37.36
2019-12-02,대전,173.11,0.04,0.31,21.85,83.54
2019-12-02,세종,0.0,0.01,0.0,0.0,0.0
2019-12-02,울산,139.69,0.07,0.09,13.43,71.23
2019-12-02,강원,117.09,-0.08,-0.04,3.83,30.67
2019-12-02,충북,145.07,-0.03,-0.04,5.36,47.01
2019-12-02,충남,158.61,0.01,-0.01,10.8,45.69
2019-12-02,전북,156.99,-0.0,-0.01,2.0,16.53
2019-12-02,전남,176.71,0.0,-0.01,14.49,59.11
2019-12-02,경북,144.88,0.0,-0.02,2.45,28.64
2019-12-02,경남,127.78,-0.01,0.0,8.06,41.45
2019-12-02,제주,147.06,0.03,-0.1,0.0,29.41
2019-12-02,기타지방,144.93,-0.01,-0.01,7.13,39.54
2019-12-09,전국,,,0.1,,
2019-12-09,서울,149.91,0.08,0.24,38.59,128.6
2019-12-09,인천,157.25,0.04,0.03,11.67,57.55
2019-12-09,경기도,141.28,0.06,0.12,15.85,66.72
2019-12-09,부산,124.37,-0.01,0.07,4.61,36.32
2019-12-09,대구,185.42,0.04,0.03,6.55,40.01
2019-12-09,광주,162.49,0.03,-0.02,5.84,36.61
2019-12-09,대전,178.74,0.08,0.4,21.8,88.87
2019-12-09,세종,0.0,0.07,0.0,0.0,0.0
2019-12-09,울산,138.25,0.03,0.06,21.0,75.81
2019-12-09,강원,107.36,-0.09,-0.02,2.1,32.94
2019-12-09,충북,146.96,-0.0,-0.0,13.9,45.14
2019-12-09,충남,158.95,-0.01,0.01,11.75,49.15
2019-12-09,전북,162.58,-0.07,-0.05,3.66,23.85
2019-12-09,전남,170.72,-0.01,0.04,11.02,73.63
2019-12-09,경북,137.35,-0.02,-0.06,5.28,33.58
2019-12-09,경남,135.33,-0.0,0.05,8.05,41.39
2019-12-09,제주,150.0,0.0,-0.01,0.0,31.25
2019-12-09,기타지방,146.2,-0.02,0.0,8.74,42.96
2019-12-16,전국,,,0.09,,
2019-12-16,서울,152.06,0.07,0.2,37.8,128.33
2019-12-16,인천,167.84,0.08,0.05,13.51,58.46
2019-12-16,경기도,140.87,0.06,0.09,17.79,73.17
2019-12-16,부산,123.44,0.01,0.11,3.63,35.48
2019-12-16,대구,183.42,0.05,0.07,9.41,47.88
2019-12-16,광주,153.24,0.01,0.0,6.09,43.17
2019-12-16,대전,179.47,0.09,0.34,25.97,98.58
2019-12-16,세종,0.0,0.19,0.17,0.0,0.0
2019-12-16,울산,125.92,0.01,0.1,20.49,80.49
2019-12-16,강원,112.41,-0.05,-0.01,4.9,35.0
2019-12-16,충북,179.9,0.0,-0.01,5.65,35.85
2019-12-16,충남,160.87,0.01,0.01,12.85,52.65
2019-12-16,전북,160.83,-0.04,-0.03,6.27,34.68
2019-12-16,전남,179.41,-0.01,0.02,10.9,66.86
2019-12-16,경북,138.46,-0.04,-0.05,7.61,38.4
2019-12-16,경남,124.86,0.0,0.01,6.41,44.41
2019-12-16,제주,157.14,0.01,0.0,4.76,57.14
2019-12-16,기타지방,148.59,-0.01,-0.0,8.5,45.7
2019-12-23,전국,,,0.11,,
2019-12-23,서울,153.8,0.09,0.19,23.7,108.45
2019-12-23,인천,169.88,-0.0,0.07,11.25,57.85
2019-12-23,경기도,139.87,0.07,0.12,15.06,68.57
2019-12-23,부산,128.01,0.01,0.08,4.49,32.89
2019-12-23,대구,182.68,0.02,0.03,6.2,46.81
2019-12-23,광주,161.57,-0.0,0.01,7.7,43.29
2019-12-23,대전,176.7,0.03,0.45,14.59,80.02
2019-12-23,세종,0.0,0.4,0.41,0.0,0.0
2019-12-23,울산,143.27,0.05,0.09,21.51,85.38
2019-12-23,강원,106.72,-0.06,-0.04,2.21,36.53
2019-12-23,충북,160.66,0.0,-0.0,10.08,53.62
2019-12-23,충남,154.66,0.02,0.07,10.66,53.56
2019-12-23,전북,158.1,-0.01,-0.01,3.98,31.35
2019-12-23,전남,178.28,0.04,0.04,16.38,64.32
2019-12-23,경북,154.82,-0.02,0.0,3.44,27.27
2019-12-23,경남,129.16,0.01,0.01,5.92,43.34
2019-12-23,제주,152.94,-0.0,0.0,0.0,23.53
2019-12-23,기타지방,148.13,0.01,0.02,8.1,45.8
2019-12-30,전국,,,0.09,,
2019-12-30,서울,156.59,0.1,0.17,21.72,108.47
2019-12-30,인천,169.25,0.0,0.05,12.95,61.52
2019-12-30,경기도,141.59,0.06,0.1,14.52,67.56
2019-12-30,부산,128.31,0.0,0.04,3.35,29.29
2019-12-30,대구,184.65,0.1,0.05,7.54,47.83
2019-12-30,광주,161.19,0.0,0.03,6.23,40.23
2019-12-30,대전,176.39,0.21,0.41,17.19,84.14
2019-12-30,세종,0.0,0.19,0.09,0.0,0.0
2019-12-30,울산,150.74,0.04,0.06,18.61,77.06
2019-12-30,강원,124.74,-0.06,-0.11,3.42,36.22
2019-12-30,충북,170.7,-0.0,0.0,13.81,63.02
2019-12-30,충남,157.93,-0.02,0.02,14.8,61.88
2019-12-30,전북,153.94,-0.02,0.0,4.32,28.03
2019-12-30,전남,177.1,-0.0,0.06,15.62,63.47
2019-12-30,경북,147.26,-0.01,-0.01,5.81,32.67
2019-12-30,경남,129.04,0.0,0.03,4.74,40.8
2019-12-30,제주,155.56,0.0,0.0,0.0,22.22
2019-12-30,기타지방,149.16,-0.01,0.01,8.69,46.14
2020-01-13,전국,,,0.1,,
2020-01-13,서울,153.02,0.08,0.15,20.07,104.29
2020-01-13,인천,165.94,0.08,0.06,11.97,62.24
2020-01-13,경기도,142.74,0.07,0.15,19.56,77.07
2020-01-13,부산,132.14,-0.0,0.03,2.39,36.86
2020-01-13,대구,188.36,0.05,0.12,14.28,64.65
2020-01-13,광주,167.47,0.04,0.03,4.7,35.23
2020-01-13,대전,178.95,0.39,0.55,17.42,94.09
2020-01-13,세종,182.61,0.49,0.54,52.17,126.09
2020-01-13,울산,130.26,0.11,0.12,15.05,74.45
2020-01-13,강원,138.03,-0.01,-0.02,2.9,46.32
2020-01-13,충북,161.03,-0.02,-0.08,7.7,61.55
2020-01-13,충남,155.29,0.13,0.02,13.19,53.48
2020-01-13,전북,158.92,-0.02,-0.02,6.04,35.87
2020-01-13,전남,185.24,0.0,0.01,13.32,65.89
2020-01-13,경북,154.47,-0.01,-0.06,3.78,29.31
2020-01-13,경남,136.32,-0.0,-0.05,5.06,42.86
2020-01-13,제주,161.9,0.0,-0.13,0.0,23.81
2020-01-13,기타지방,153.47,0.03,-0.01,8.58,48.55
2020-01-20,전국,,,0.11,,
2020-01-20,서울,153.61,0.1,0.16,18.88,102.26
2020-01-20,인천,161.68,0.07,0.09,17.45,75.64
2020-01-20,경기도,146.44,0.07,0.2,22.26,80.96
2020-01-20,부산,136.39,0.0,0.02,2.9,34.63
2020-01-20,대구,185.09,0.07,0.09,17.77,66.93
2020-01-20,광주,169.39,-0.0,0.0,7.4,39.09
2020-01-20,대전,178.08,0.16,0.27,20.36,97.25
2020-01-20,세종,181.82,0.18,0.58,50.0,122.73
2020-01-20,울산,134.22,0.04,0.03,17.93,65.66
2020-01-20,강원,132.26,-0.0,-0.02,3.31,59.89
2020-01-20,충북,159.84,-0.0,-0.02,4.52,53.67
2020-01-20,충남,161.32,-0.0,0.08,8.54,50.94
2020-01-20,전북,159.37,-0.01,-0.04,3.68,34.75
2020-01-20,전남,184.36,-0.06,0.09,11.24,62.11
2020-01-20,경북,161.49,-0.01,-0.06,6.03,38.08
2020-01-20,경남,139.06,-0.01,-0.01,2.33,40.49
2020-01-20,제주,157.89,0.0,-0.11,0.0,26.32
2020-01-20,기타지방,155.37,-0.0,0.02,6.6,48.42
2020-02-03,전국,,,0.17,,
2020-02-03,서울,156.83,0.08,0.22,19.26,101.25
2020-02-03,인천,159.03,0.11,0.11,17.25,73.79
2020-02-03,경기도,147.27,0.14,0.34,24.24,85.49
2020-02-03,부산,140.38,0.01,0.04,3.45,29.19
2020-02-03,대구,179.88,0.07,0.08,13.68,62.7
2020-02-03,광주,170.37,0.09,0.02,8.98,42.6
2020-02-03,대전,173.09,0.47,0.45,29.98,105.65
2020-02-03,세종,180.0,0.22,0.75,36.0,112.0
2020-02-03,울산,149.18,0.24,0.21,14.73,70.74
2020-02-03,강원,147.23,-0.04,-0.12,5.12,54.73
2020-02-03,충북,165.73,0.01,-0.04,10.47,59.17
2020-02-03,충남,161.64,0.03,0.07,10.69,54.56
2020-02-03,전북,166.41,-0.03,-0.04,4.82,36.12
2020-02-03,전남,184.8,0.03,-0.06,10.0,56.8
2020-02-03,경북,162.99,-0.02,-0.08,8.35,38.05
2020-02-03,경남,140.65,-0.03,-0.03,4.13,38.37
2020-02-03,제주,147.37,0.05,-0.03,0.0,15.79
2020-02-03,기타지방,158.61,-0.0,-0.01,8.09,47.83
2020-02-10,전국,,,0.17,,
2020-02-10,서울,158.13,0.07,0.14,19.78,101.5
2020-02-10,인천,158.67,0.07,0.2,18.94,71.43
2020-02-10,경기도,150.84,0.15,0.36,25.21,89.16
2020-02-10,부산,146.81,0.0,0.04,2.08,31.06
2020-02-10,대구,180.41,0.07,0.13,13.19,64.43
2020-02-10,광주,173.99,0.09,-0.0,5.57,33.6
2020-02-10,대전,169.64,0.18,0.37,28.44,102.24
2020-02-10,세종,179.17,0.69,0.48,33.33,104.17
2020-02-10,울산,151.62,0.1,0.1,14.48,75.58
2020-02-10,강원,155.47,-0.03,-0.0,11.04,62.92
2020-02-10,충북,163.54,0.0,-0.0,5.61,66.19
2020-02-10,충남,164.55,-0.01,0.06,8.1,50.75
2020-02-10,전북,169.64,0.0,-0.02,5.46,30.45
2020-02-10,전남,188.39,-0.0,-0.06,22.19,78.86
2020-02-10,경북,153.64,0.0,-0.03,5.62,32.57
2020-02-10,경남,147.4,-0.01,-0.02,5.85,42.57
2020-02-10,제주,120.0,-0.0,-0.03,0.0,20.0
2020-02-10,기타지방,160.24,0.02,0.01,8.71,49.95
2020-02-17,전국,,,0.16,,
2020-02-17,서울,155.49,0.04,0.17,21.51,103.62
2020-02-17,인천,154.51,0.03,0.21,23.64,81.45
2020-02-17,경기도,151.93,0.08,0.31,31.84,99.69
2020-02-17,부산,151.38,-0.01,0.04,2.43,29.57
2020-02-17,대구,181.28,0.03,0.07,14.93,66.5
2020-02-17,광주,172.89,0.03,0.01,2.18,24.72
2020-02-17,대전,184.2,0.14,0.29,26.36,101.14
2020-02-17,세종,185.71,0.15,0.46,57.14,138.1
2020-02-17,울산,163.52,0.03,0.15,15.82,76.39
2020-02-17,강원,150.97,-0.01,-0.01,5.92,60.61
2020-02-17,충북,167.41,-0.01,0.0,8.41,64.01
2020-02-17,충남,165.3,0.15,0.1,14.03,62.52
2020-02-17,전북,167.26,-0.01,-0.03,5.42,35.58
2020-02-17,전남,186.96,0.01,0.0,18.99,76.34
2020-02-17,경북,160.25,0.04,-0.03,6.33,41.52
2020-02-17,경남,152.06,0.0,-0.01,9.48,51.53
2020-02-17,제주,125.0,0.0,-0.09,0.0,20.0
2020-02-17,기타지방,162.41,0.03,0.02,11.09,56.47
2020-02-24,전국,,,0.15,,
2020-02-24,서울,157.53,0.05,0.16,21.73,103.13
2020-02-24,인천,155.87,0.1,0.27,28.8,96.51
2020-02-24,경기도,153.25,0.1,0.3,30.82,100.15
2020-02-24,부산,148.09,0.01,0.02,4.01,34.65
2020-02-24,대구,170.3,0.02,0.07,8.88,71.8
2020-02-24,광주,171.25,0.0,0.04,3.82,33.71
2020-02-24,대전,176.95,0.14,0.24,29.93,105.91
2020-02-24,세종,180.0,0.0,0.83,52.0,132.0
2020-02-24,울산,169.45,0.05,0.15,10.26,52.32
2020-02-24,강원,158.99,-0.0,-0.03,1.33,50.51
2020-02-24,충북,160.44,0.0,-0.01,6.23,63.2
2020-02-24,충남,163.11,0.05,0.0,10.52,55.34
2020-02-24,전북,165.18,-0.01,-0.02,6.58,36.84
2020-02-24,전남,184.18,-0.0,-0.03,17.48,75.93
2020-02-24,경북,167.07,0.0,-0.02,2.75,35.83
2020-02-24,경남,157.56,-0.01,-0.0,6.31,49.86
2020-02-24,제주,152.38,0.0,0.0,0.0,33.33
2020-02-24,기타지방,164.02,0.0,0.02,8.47,53.37
2020-03-02,전국,,,0.12,,
2020-03-02,서울,159.51,0.03,0.14,19.15,100.87
2020-03-02,인천,152.64,0.07,0.27,25.54,93.95
2020-03-02,경기도,149.82,0.07,0.25,22.53,92.13
2020-03-02,부산,144.19,0.0,-0.01,3.44,31.48
2020-03-02,대구,183.31,0.01,0.02,6.19,67.95
2020-03-02,광주,165.74,0.03,0.06,2.63,36.2
2020-03-02,대전,137.65,0.03,0.1,12.78,92.37
2020-03-02,세종,172.0,0.04,0.64,36.0,100.0
2020-03-02,울산,164.23,0.12,0.15,7.37,63.6
2020-03-02,강원,142.25,0.01,-0.09,1.51,57.06
2020-03-02,충북,151.02,0.0,0.0,3.77,61.29
2020-03-02,충남,166.94,0.07,0.0,10.2,62.27
2020-03-02,전북,170.9,-0.0,-0.05,3.82,39.07
2020-03-02,전남,187.1,-0.04,-0.01,20.83,84.38
2020-03-02,경북,166.25,-0.0,-0.03,0.0,34.48
2020-03-02,경남,153.85,-0.01,-0.01,1.6,42.17
2020-03-02,제주,140.0,0.0,-0.08,0.0,30.0
2020-03-02,기타지방,161.66,0.01,0.0,5.96,52.42
2020-03-09,전국,,,0.16,,
2020-03-09,서울,160.01,0.04,0.14,19.3,101.71
2020-03-09,인천,148.67,0.1,0.37,33.25,105.77
2020-03-09,경기도,148.08,0.11,0.29,23.99,91.93
2020-03-09,부산,141.72,-0.01,0.04,2.19,30.6
2020-03-09,대구,181.72,0.02,0.02,6.47,63.07
2020-03-09,광주,166.68,0.01,0.03,3.82,34.22
2020-03-09,대전,167.64,0.13,0.38,31.71,116.14
2020-03-09,세종,187.5,0.09,0.22,29.17,104.17
2020-03-09,울산,163.47,0.02,0.13,2.71,54.92
2020-03-09,강원,148.13,-0.01,-0.0,7.8,55.47
2020-03-09,충북,151.19,0.0,0.02,7.6,72.75
2020-03-09,충남,163.58,0.07,0.02,5.81,56.95
2020-03-09,전북,166.5,-0.0,-0.02,4.68,35.86
2020-03-09,전남,183.92,0.0,-0.01,17.93,86.89
2020-03-09,경북,156.46,-0.01,0.01,1.29,32.03
2020-03-09,경남,156.02,-0.0,-0.01,0.0,51.74
2020-03-09,제주,152.38,0.02,-0.09,0.0,28.57
2020-03-09,기타지방,160.74,0.01,0.01,5.61,54.82
2020-03-16,전국,,,0.13,,
2020-03-16,서울,155.29,0.03,0.12,13.22,91.75
2020-03-16,인천,141.91,0.13,0.36,25.06,95.15
2020-03-16,경기도,150.33,0.07,0.24,20.04,87.54
2020-03-16,부산,142.76,0.01,0.05,1.74,39.27
2020-03-16,대구,177.99,0.02,0.03,8.0,68.95
2020-03-16,광주,162.73,0.01,0.04,5.22,36.52
2020-03-16,대전,168.45,0.25,0.36,25.6,107.15
2020-03-16,세종,179.17,0.04,0.41,16.67,100.0
2020-03-16,울산,140.47,0.01,0.01,3.02,49.22
2020-03-16,강원,144.69,0.0,-0.0,4.03,50.63
2020-03-16,충북,152.43,-0.02,-0.03,11.63,85.27
2020-03-16,충남,159.2,0.04,0.02,10.69,56.77
2020-03-16,전북,167.9,-0.01,0.0,4.32,35.74
2020-03-16,전남,182.84,-0.04,-0.04,18.17,80.54
2020-03-16,경북,146.39,0.0,-0.04,3.94,54.42
2020-03-16,경남,156.85,-0.0,-0.0,1.72,50.04
2020-03-16,제주,140.0,0.0,-0.03,0.0,50.0
2020-03-16,기타지방,158.39,0.0,0.01,6.87,58.04
2020-03-23,전국,,,0.1,,
2020-03-23,서울,155.49,0.02,0.06,9.11,81.1
2020-03-23,인천,143.19,0.12,0.28,10.58,80.04
2020-03-23,경기도,145.69,0.04,0.2,12.94,77.54
2020-03-23,부산,139.64,0.02,0.05,1.73,39.04
2020-03-23,대구,172.74,0.02,0.03,5.26,61.35
2020-03-23,광주,161.45,-0.0,0.0,4.27,35.06
2020-03-23,대전,163.38,0.33,0.29,20.72,96.7
2020-03-23,세종,188.0,0.06,0.16,8.0,80.0
2020-03-23,울산,148.77,0.06,0.06,2.17,44.74
2020-03-23,강원,148.47,-0.0,-0.01,2.64,55.64
2020-03-23,충북,155.41,0.02,-0.02,11.45,79.99
2020-03-23,충남,166.57,0.0,-0.0,9.5,52.55
2020-03-23,전북,165.05,0.0,-0.01,2.06,35.05
2020-03-23,전남,177.82,0.0,0.0,12.22,66.7
2020-03-23,경북,143.0,-0.04,-0.04,5.86,54.94
2020-03-23,경남,155.51,-0.0,-0.02,1.9,49.16
2020-03-23,제주,147.37,0.05,-0.08,0.0,21.05
2020-03-23,기타지방,158.97,-0.0,-0.01,5.79,54.71
2020-03-30,전국,,,0.06,,
2020-03-30,서울,154.75,0.02,0.04,6.88,74.83
2020-03-30,인천,140.9,0.09,0.22,10.76,77.51
2020-03-30,경기도,144.15,0.03,0.12,8.21,68.68
2020-03-30,부산,139.97,-0.0,0.01,1.51,35.87
2020-03-30,대구,175.97,0.0,0.01,4.0,55.71
2020-03-30,광주,156.42,0.05,-0.02,1.76,35.9
2020-03-30,대전,159.48,0.16,0.2,19.41,96.41
2020-03-30,세종,184.0,0.04,0.24,16.0,88.0
2020-03-30,울산,161.68,0.06,0.03,4.35,49.11
2020-03-30,강원,150.99,0.0,-0.0,1.29,43.15
2020-03-30,충북,157.9,0.0,-0.0,3.13,65.54
2020-03-30,충남,167.78,0.03,-0.01,7.29,50.25
2020-03-30,전북,164.21,0.01,0.0,5.1,35.87
2020-03-30,전남,178.4,-0.01,0.02,8.65,66.83
2020-03-30,경북,142.89,0.0,-0.07,3.99,48.11
2020-03-30,경남,157.1,-0.0,-0.0,0.63,48.86
2020-03-30,제주,131.82,0.01,-0.12,0.0,50.0
2020-03-30,기타지방,159.61,0.01,-0.0,4.19,51.55
2020-04-06,전국,,,0.05,,
2020-04-06,서울,153.37,0.01,0.03,5.85,71.48
2020-04-06,인천,142.2,0.03,0.21,10.8,77.04
2020-04-06,경기도,144.94,0.02,0.09,6.06,62.87
2020-04-06,부산,140.76,0.01,0.02,1.63,30.48
2020-04-06,대구,169.81,-0.01,-0.0,4.53,49.71
2020-04-06,광주,153.48,0.01,-0.01,2.13,42.42
2020-04-06,대전,164.89,0.08,0.17,15.42,87.26
2020-04-06,세종,188.0,0.02,0.09,4.0,52.0
2020-04-06,울산,151.95,0.06,0.09,1.67,37.65
2020-04-06,강원,149.31,0.0,-0.03,1.45,49.22
2020-04-06,충북,162.86,-0.0,-0.01,7.34,71.99
2020-04-06,충남,166.93,0.0,0.03,7.22,52.18
2020-04-06,전북,159.87,-0.0,-0.02,2.9,35.77
2020-04-06,전남,178.4,0.0,-0.01,8.65,56.65
2020-04-06,경북,157.54,-0.01,-0.08,0.0,39.73
2020-04-06,경남,155.51,0.01,-0.02,1.09,47.61
2020-04-06,제주,155.0,0.02,-0.03,0.0,70.0
2020-04-06,기타지방,161.41,0.0,-0.01,3.55,49.79
2020-04-13,전국,,,0.03,,
2020-04-13,서울,153.16,0.02,0.02,4.38,66.1
2020-04-13,인천,147.22,0.0,0.03,10.89,79.15
2020-04-13,경기도,146.39,0.03,0.08,5.27,60.69
2020-04-13,부산,143.01,-0.0,0.0,2.71,34.92
2020-04-13,대구,175.61,0.0,0.01,4.85,50.34
2020-04-13,광주,156.45,0.01,0.0,3.57,40.98
2020-04-13,대전,172.54,0.14,0.12,19.06,89.4
2020-04-13,세종,195.65,0.04,0.01,8.7,60.87
2020-04-13,울산,159.86,0.07,0.02,7.15,44.8
2020-04-13,강원,152.25,0.0,-0.02,1.39,42.07
2020-04-13,충북,162.85,-0.01,-0.01,9.46,76.65
2020-04-13,충남,170.75,0.01,0.0,8.23,53.03
2020-04-13,전북,159.45,-0.03,-0.02,2.8,31.51
2020-04-13,전남,174.59,0.0,-0.0,9.64,69.04
2020-04-13,경북,158.23,-0.01,-0.05,4.65,44.5
2020-04-13,경남,160.71,-0.0,-0.01,0.6,44.23
2020-04-13,제주,133.33,-0.0,-0.05,0.0,33.33
2020-04-13,기타지방,163.25,-0.0,-0.01,4.67,49.89
2020-04-20,전국,,,0.04,,
2020-04-20,서울,152.19,0.03,0.0,4.46,68.29
2020-04-20,인천,145.51,0.06,0.13,7.9,76.92
2020-04-20,경기도,148.14,0.03,0.09,5.91,61.47
2020-04-20,부산,141.76,-0.01,-0.0,0.99,30.64
2020-04-20,대구,170.66,0.02,0.03,5.21,45.59
2020-04-20,광주,155.49,-0.0,-0.0,4.87,46.35
2020-04-20,대전,171.99,0.09,0.14,11.87,76.61
2020-04-20,세종,184.62,0.06,0.13,7.69,53.85
2020-04-20,울산,148.56,0.03,0.06,7.06,45.04
2020-04-20,강원,160.37,0.0,0.0,1.51,52.12
2020-04-20,충북,159.46,-0.0,-0.04,8.25,73.69
2020-04-20,충남,164.75,-0.01,0.02,5.7,45.67
2020-04-20,전북,159.96,-0.01,-0.0,2.84,31.86
2020-04-20,전남,178.29,0.0,0.0,8.65,67.63
2020-04-20,경북,159.72,-0.0,-0.04,6.28,47.31
2020-04-20,경남,162.3,0.02,-0.01,1.18,49.28
2020-04-20,제주,150.0,0.03,-0.03,0.0,22.73
2020-04-20,기타지방,163.47,0.0,-0.0,4.41,50.48
2020-05-04,전국,,,0.03,,
2020-05-04,서울,155.28,0.02,-0.0,4.41,65.0
2020-05-04,인천,146.27,0.03,0.12,9.8,76.87
2020-05-04,경기도,153.43,0.05,0.08,7.94,62.75
2020-05-04,부산,146.05,0.0,-0.02,2.47,33.43
2020-05-04,대구,174.72,0.03,0.02,8.61,48.08
2020-05-04,광주,150.01,-0.02,-0.01,3.97,40.14
2020-05-04,대전,173.31,0.12,0.08,14.49,85.42
2020-05-04,세종,186.96,0.05,0.07,13.04,73.91
2020-05-04,울산,152.45,-0.0,0.01,2.28,46.21
2020-05-04,강원,138.48,-0.0,-0.03,1.63,54.15
2020-05-04,충북,168.04,-0.0,-0.01,11.68,79.13
2020-05-04,충남,164.15,0.0,0.09,9.99,54.6
2020-05-04,전북,163.67,0.0,0.0,2.88,31.99
2020-05-04,전남,173.15,0.0,-0.02,8.09,57.81
2020-05-04,경북,167.43,0.0,-0.01,6.36,45.24
2020-05-04,경남,160.72,0.01,-0.02,0.6,45.67
2020-05-04,제주,141.18,-0.03,-0.03,0.0,41.18
2020-05-04,기타지방,163.2,0.0,0.0,5.46,51.53
2020-05-11,전국,,,0.03,,
2020-05-11,서울,156.31,0.01,0.0,4.61,65.83
2020-05-11,인천,147.92,0.04,0.15,11.41,78.46
2020-05-11,경기도,158.7,0.04,0.08,8.0,63.92
2020-05-11,부산,144.18,-0.0,-0.02,4.2,35.33
2020-05-11,대구,179.6,0.03,0.03,7.96,58.28
2020-05-11,광주,153.71,0.04,-0.04,2.29,43.46
2020-05-11,대전,170.41,0.06,0.11,16.04,89.44
2020-05-11,세종,196.0,0.07,0.06,12.0,80.0
2020-05-11,울산,152.68,0.04,0.07,4.73,57.02
2020-05-11,강원,152.52,0.02,-0.14,0.0,44.68
2020-05-11,충북,165.45,0.01,0.07,23.05,95.26
2020-05-11,충남,170.52,0.0,0.03,7.96,49.38
2020-05-11,전북,162.68,-0.0,-0.01,2.94,33.55
2020-05-11,전남,176.98,0.0,-0.01,11.8,72.58
2020-05-11,경북,164.48,-0.0,-0.09,3.23,23.58
2020-05-11,경남,163.72,-0.0,-0.02,3.17,42.79
2020-05-11,제주,143.48,0.0,-0.09,0.0,26.09
2020-05-11,기타지방,165.93,0.0,-0.02,6.8,49.47
2020-05-18,전국,,,0.06,,
2020-05-18,서울,158.24,0.02,0.03,7.09,72.13
2020-05-18,인천,146.96,0.03,0.09,15.03,82.28
2020-05-18,경기도,161.12,0.06,0.11,9.24,66.68
2020-05-18,부산,149.02,-0.0,-0.02,2.98,33.15
2020-05-18,대구,176.91,0.07,0.04,10.15,51.14
2020-05-18,광주,151.59,0.02,-0.02,1.64,38.02
2020-05-18,대전,175.38,0.27,0.27,17.61,93.77
2020-05-18,세종,186.96,0.24,0.32,8.7,78.26
2020-05-18,울산,151.42,0.1,0.12,4.67,52.12
2020-05-18,강원,152.31,0.01,-0.12,3.33,44.86
2020-05-18,충북,157.46,-0.01,0.13,39.84,114.58
2020-05-18,충남,168.2,0.01,0.02,8.78,46.77
2020-05-18,전북,158.67,-0.04,-0.02,3.97,37.68
2020-05-18,전남,174.96,0.0,0.06,5.12,67.2
2020-05-18,경북,161.44,0.0,-0.03,5.27,41.81
2020-05-18,경남,164.97,0.02,-0.01,4.62,47.05
2020-05-18,제주,150.0,0.0,-0.04,0.0,35.0
2020-05-18,기타지방,163.69,0.01,0.02,9.17,54.97
2020-05-25,전국,,,0.07,,
2020-05-25,서울,160.49,0.06,0.05,8.12,72.69
2020-05-25,인천,145.88,0.02,0.17,16.88,82.37
2020-05-25,경기도,163.49,0.07,0.1,10.98,68.02
2020-05-25,부산,152.49,0.01,0.02,4.79,33.61
2020-05-25,대구,172.77,0.02,0.08,10.87,56.77
2020-05-25,광주,149.41,-0.0,0.0,2.29,39.97
2020-05-25,대전,178.21,0.1,0.12,23.9,99.91
2020-05-25,세종,190.91,0.1,0.16,4.55,77.27
2020-05-25,울산,147.5,0.16,0.09,7.95,44.88
2020-05-25,강원,155.78,0.0,0.03,6.84,54.69
2020-05-25,충북,164.26,0.02,0.18,37.89,112.78
2020-05-25,충남,166.43,0.0,0.01,10.34,50.07
2020-05-25,전북,157.5,-0.01,-0.03,3.14,29.9
2020-05-25,전남,172.22,0.04,-0.02,6.75,69.0
2020-05-25,경북,149.84,0.01,0.03,6.9,39.4
2020-05-25,경남,167.69,0.01,-0.0,2.49,41.85
2020-05-25,제주,170.59,-0.01,-0.02,0.0,41.18
2020-05-25,기타지방,163.63,0.01,0.03,9.04,53.6
2020-06-01,전국,,,0.09,,
2020-06-01,서울,163.77,0.07,0.08,11.03,79.07
2020-06-01,인천,144.3,0.01,0.16,14.19,80.25
2020-06-01,경기도,167.86,0.09,0.12,14.23,72.68
2020-06-01,부산,153.99,0.0,0.01,5.81,37.39
2020-06-01,대구,178.16,0.0,0.04,8.5,51.49
2020-06-01,광주,149.0,0.0,-0.01,3.07,38.52
2020-06-01,대전,178.34,0.13,0.16,31.43,116.19
2020-06-01,세종,184.0,0.08,0.58,40.0,132.0
2020-06-01,울산,154.75,0.1,0.09,10.67,56.47
2020-06-01,강원,158.11,0.02,-0.01,11.91,68.64
2020-06-01,충북,161.37,0.04,0.33,29.49,108.57
2020-06-01,충남,163.12,-0.0,0.03,9.03,51.98
2020-06-01,전북,158.05,0.01,-0.01,3.05,32.93
2020-06-01,전남,182.77,-0.0,0.02,4.41,62.61
2020-06-01,경북,153.53,0.07,0.01,8.5,47.2
2020-06-01,경남,166.03,0.01,-0.01,4.64,44.82
2020-06-01,제주,150.0,0.0,-0.02,0.0,45.0
2020-06-01,기타지방,163.48,0.02,0.06,10.08,58.14
2020-06-08,전국,,,0.11,,
2020-06-08,서울,169.77,0.09,0.15,21.02,98.66
2020-06-08,인천,147.98,0.02,0.11,17.1,87.35
2020-06-08,경기도,170.13,0.1,0.17,21.42,86.4
2020-06-08,부산,151.99,0.0,0.02,8.5,41.38
2020-06-08,대구,179.63,0.06,0.08,8.73,52.28
2020-06-08,광주,151.22,0.0,0.0,2.06,41.91
2020-06-08,대전,177.68,0.17,0.23,42.36,130.76
2020-06-08,세종,186.36,0.06,0.26,68.18,168.18
2020-06-08,울산,177.84,0.13,0.05,16.32,63.74
2020-06-08,강원,165.81,0.02,-0.01,9.1,61.59
2020-06-08,충북,163.84,0.02,0.39,33.2,116.07
2020-06-08,충남,165.55,0.03,0.05,11.59,55.24
2020-06-08,전북,152.23,-0.0,-0.02,5.0,36.09
2020-06-08,전남,168.23,-0.01,-0.02,9.05,79.32
2020-06-08,경북,158.57,-0.01,-0.01,13.56,47.11
2020-06-08,경남,166.42,0.0,0.0,4.53,47.42
2020-06-08,제주,166.67,0.0,-0.03,0.0,38.89
2020-06-08,기타지방,163.91,0.01,0.06,12.91,62.49
2020-06-15,전국,,,0.16,,
2020-06-15,서울,173.06,0.12,0.21,44.62,133.47
2020-06-15,인천,149.01,0.04,0.18,22.74,96.05
2020-06-15,경기도,169.21,0.1,0.22,29.92,98.55
2020-06-15,부산,152.75,0.01,0.03,9.05,40.97
2020-06-15,대구,177.73,0.03,0.09,9.5,61.65
2020-06-15,광주,152.48,-0.0,0.01,4.82,48.51
2020-06-15,대전,176.46,0.07,0.18,49.4,138.03
2020-06-15,세종,188.0,0.75,0.91,72.0,164.0
2020-06-15,울산,167.54,0.19,0.12,23.63,73.71
2020-06-15,강원,158.09,-0.0,0.01,12.95,67.42
2020-06-15,충북,166.11,0.02,0.4,36.33,119.19
2020-06-15,충남,164.78,-0.01,0.02,16.24,64.52
2020-06-15,전북,155.97,0.0,-0.01,10.44,45.64
2020-06-15,전남,164.17,-0.01,0.03,6.75,64.94
2020-06-15,경북,155.73,0.03,0.1,17.69,59.63
2020-06-15,경남,167.44,0.01,0.06,15.44,67.02
2020-06-15,제주,160.87,0.0,-0.09,0.0,39.13
2020-06-15,기타지방,163.4,0.03,0.11,18.3,71.41
2020-06-22,전국,,,0.31,,
2020-06-22,서울,173.97,0.21,0.44,47.33,139.07
2020-06-22,인천,148.16,0.05,0.4,12.4,86.91
2020-06-22,경기도,170.04,0.24,0.49,25.27,96.45
2020-06-22,부산,152.64,0.05,0.12,11.11,47.77
2020-06-22,대구,177.0,0.04,0.15,11.76,57.02
2020-06-22,광주,158.72,0.01,-0.03,3.82,43.76
2020-06-22,대전,177.67,0.35,0.4,14.15,101.7
2020-06-22,세종,183.33,1.11,1.06,70.83,162.5
2020-06-22,울산,156.76,0.05,0.11,20.78,71.1
2020-06-22,강원,148.54,0.02,0.05,9.05,65.67
2020-06-22,충북,158.96,0.11,0.14,20.23,105.66
2020-06-22,충남,164.78,0.02,0.17,19.86,74.87
2020-06-22,전북,156.79,-0.0,-0.01,5.89,38.58
2020-06-22,전남,165.36,0.08,0.13,12.88,76.0
2020-06-22,경북,157.45,0.12,0.08,15.62,62.55
2020-06-22,경남,165.92,0.08,0.16,10.96,65.9
2020-06-22,제주,150.0,-0.17,-0.07,0.0,40.0
2020-06-22,기타지방,161.57,0.1,0.15,15.21,71.46
2020-06-29,전국,,,0.27,,
2020-06-29,서울,173.84,0.22,0.49,57.37,149.31
2020-06-29,인천,148.61,0.04,0.26,10.94,77.19
2020-06-29,경기도,169.6,0.2,0.37,28.93,101.86
2020-06-29,부산,156.51,0.04,0.13,13.42,52.06
2020-06-29,대구,176.45,0.08,0.14,21.08,74.3
2020-06-29,광주,155.55,0.01,0.03,6.74,45.03
2020-06-29,대전,175.89,0.13,0.21,14.1,103.88
2020-06-29,세종,187.5,0.77,1.52,75.0,170.83
2020-06-29,울산,161.52,0.15,0.14,21.92,78.66
2020-06-29,강원,140.34,0.02,0.09,6.22,60.4
2020-06-29,충북,159.56,0.0,0.04,11.96,89.62
2020-06-29,충남,162.47,0.07,0.11,19.79,69.65
2020-06-29,전북,159.11,0.0,0.02,7.19,41.13
2020-06-29,전남,170.8,0.03,0.16,14.29,79.21
2020-06-29,경북,146.83,-0.01,0.04,14.07,62.17
2020-06-29,경남,168.42,0.02,0.08,10.94,66.83
2020-06-29,제주,158.82,-0.0,-0.03,0.0,58.82
2020-06-29,기타지방,160.84,0.05,0.13,14.26,69.8
2020-07-06,전국,,,0.26,,
2020-07-06,서울,173.33,0.29,0.56,61.56,154.53
2020-07-06,인천,146.5,0.09,0.15,9.1,77.05
2020-07-06,경기도,175.46,0.18,0.33,31.54,109.27
2020-07-06,부산,153.18,0.03,0.11,12.87,49.56
2020-07-06,대구,175.94,0.05,0.22,18.83,72.43
2020-07-06,광주,184.31,0.0,-0.0,5.58,44.89
2020-07-06,대전,182.2,0.3,0.3,17.67,106.21
2020-07-06,세종,147.83,0.53,0.71,56.52,147.83
2020-07-06,울산,166.41,0.29,0.14,19.43,77.94
2020-07-06,강원,156.66,0.0,0.04,14.91,94.58
2020-07-06,충북,153.31,0.15,0.09,3.76,69.33
2020-07-06,충남,157.48,0.06,0.07,12.01,74.79
2020-07-06,전북,153.36,0.0,0.02,7.78,40.58
2020-07-06,전남,160.22,0.01,0.11,14.05,69.84
2020-07-06,경북,158.51,0.03,0.11,18.14,66.97
2020-07-06,경남,159.72,0.02,0.04,11.65,67.24
2020-07-06,제주,190.91,0.0,-0.01,0.0,31.82
2020-07-06,기타지방,157.54,0.06,0.09,13.03,69.82
2020-07-13,전국,,,0.27,,
2020-07-13,서울,175.73,0.27,0.63,44.94,136.52
2020-07-13,인천,154.57,0.01,0.1,7.19,64.25
2020-07-13,경기도,175.75,0.23,0.35,22.06,96.23
2020-07-13,부산,151.03,0.01,0.07,7.7,44.64
2020-07-13,대구,173.63,0.13,0.15,10.57,53.08
2020-07-13,광주,170.51,0.06,-0.0,7.04,51.35
2020-07-13,대전,178.81,0.1,0.2,9.13,79.89
2020-07-13,세종,162.5,0.65,1.1,41.67,129.17
2020-07-13,울산,171.74,0.07,0.14,6.13,63.01
2020-07-13,강원,166.86,0.02,0.01,10.21,73.94
2020-07-13,충북,165.0,0.02,0.03,6.02,70.57
2020-07-13,충남,167.33,0.02,0.09,10.7,63.5
2020-07-13,전북,157.88,0.01,0.05,6.75,43.37
2020-07-13,전남,173.8,-0.0,0.05,11.29,63.8
2020-07-13,경북,156.19,0.02,0.09,9.47,46.35
2020-07-13,경남,158.59,0.06,0.08,10.69,62.41
2020-07-13,제주,165.0,0.0,-0.01,0.0,30.0
2020-07-13,기타지방,162.39,0.05,0.1,10.41,61.69
2020-07-20,전국,,,0.24,,
2020-07-20,서울,180.07,0.26,0.58,40.82,132.97
2020-07-20,인천,161.23,0.03,0.15,6.24,61.93
2020-07-20,경기도,177.12,0.19,0.29,20.26,90.28
2020-07-20,부산,165.69,0.05,0.14,8.62,47.12
2020-07-20,대구,173.19,0.06,0.2,15.8,60.99
2020-07-20,광주,175.68,0.0,-0.02,4.53,54.38
2020-07-20,대전,185.19,0.07,0.22,7.5,91.2
2020-07-20,세종,162.5,0.36,0.58,37.5,125.0
2020-07-20,울산,168.16,0.06,0.07,7.39,53.79
2020-07-20,강원,174.6,0.01,0.05,11.21,82.91
2020-07-20,충북,173.27,0.02,0.0,3.52,56.38
2020-07-20,충남,174.08,0.03,0.06,8.97,56.53
2020-07-20,전북,158.51,0.01,0.02,2.91,36.69
2020-07-20,전남,168.26,0.01,0.05,11.26,65.97
2020-07-20,경북,150.41,0.0,0.07,7.89,42.5
2020-07-20,경남,164.07,0.05,0.03,6.83,66.48
2020-07-20,제주,164.71,0.0,-0.0,0.0,35.29
2020-07-20,기타지방,165.21,0.04,0.06,8.1,59.57
2020-07-27,전국,,,0.23,,
2020-07-27,서울,180.06,0.29,0.53,37.41,129.78
2020-07-27,인천,155.29,0.05,0.18,2.62,55.17
2020-07-27,경기도,180.3,0.21,0.29,19.43,89.56
2020-07-27,부산,163.86,0.08,0.12,7.72,46.55
2020-07-27,대구,178.12,0.09,0.16,15.78,60.86
2020-07-27,광주,178.6,0.01,0.0,6.17,42.79
2020-07-27,대전,185.52,0.23,0.06,12.15,95.47
2020-07-27,세종,168.0,0.13,1.34,68.0,168.0
2020-07-27,울산,183.82,0.1,0.17,7.78,57.86
2020-07-27,강원,171.02,0.0,-0.01,10.99,78.34
2020-07-27,충북,176.87,0.01,0.02,5.79,62.64
2020-07-27,충남,175.38,0.04,0.07,6.05,55.59
2020-07-27,전북,160.64,-0.0,0.0,2.19,28.85
2020-07-27,전남,173.2,0.03,0.11,11.39,61.5
2020-07-27,경북,158.69,0.0,0.04,5.37,43.04
2020-07-27,경남,161.16,0.07,0.04,5.55,49.69
2020-07-27,제주,184.21,0.0,-0.01,0.0,36.84
2020-07-27,기타지방,167.04,0.03,0.09,8.15,55.57
2020-08-03,전국,,,0.2,,
2020-08-03,서울,182.38,0.21,0.39,29.18,119.57
2020-08-03,인천,166.3,0.05,0.19,4.41,54.73
2020-08-03,경기도,184.16,0.1,0.18,16.25,86.51
2020-08-03,부산,169.63,0.07,0.14,8.69,48.23
2020-08-03,대구,187.27,0.1,0.21,10.98,56.39
2020-08-03,광주,175.85,0.02,0.01,0.96,44.7
2020-08-03,대전,189.72,0.08,0.11,14.55,97.43
2020-08-03,세종,172.0,2.25,2.62,76.0,176.0
2020-08-03,울산,171.77,0.08,0.12,5.25,65.99
2020-08-03,강원,166.02,0.07,0.05,12.78,80.06
2020-08-03,충북,177.53,0.01,0.03,6.49,64.08
2020-08-03,충남,175.18,0.01,0.03,6.81,54.54
2020-08-03,전북,161.58,0.0,0.02,2.06,27.9
2020-08-03,전남,168.35,0.07,0.09,13.01,65.94
2020-08-03,경북,165.16,0.04,0.03,8.63,47.62
2020-08-03,경남,165.16,0.05,0.1,2.29,45.96
2020-08-03,제주,189.47,0.0,-0.05,5.26,31.58
2020-08-03,기타지방,168.53,0.12,0.16,8.55,55.8
2020-08-10,전국,,,0.25,,
2020-08-10,서울,186.93,0.41,0.53,27.67,116.26
2020-08-10,인천,171.53,0.08,0.1,3.54,54.65
2020-08-10,경기도,186.2,0.26,0.3,15.53,84.35
2020-08-10,부산,168.12,0.06,0.08,8.54,43.95
2020-08-10,대구,188.7,0.14,0.14,12.28,63.99
2020-08-10,광주,193.1,0.04,0.03,2.92,16.01
2020-08-10,대전,188.38,0.23,0.27,13.18,100.45
2020-08-10,세종,179.17,1.17,3.06,79.17,175.0
2020-08-10,울산,174.09,0.11,0.1,5.15,64.86
2020-08-10,강원,177.82,0.02,0.04,13.73,78.52
2020-08-10,충북,177.34,0.08,0.03,3.07,64.57
2020-08-10,충남,179.06,0.05,0.04,6.7,51.15
2020-08-10,전북,169.72,0.01,0.02,3.8,31.04
2020-08-10,전남,172.19,0.04,0.1,9.14,56.97
2020-08-10,경북,170.32,0.04,0.04,8.62,56.83
2020-08-10,경남,165.84,0.07,0.01,6.33,47.43
2020-08-10,제주,183.33,0.2,-0.08,5.56,61.11
2020-08-10,기타지방,172.44,0.09,0.16,9.29,56.9
2020-08-17,전국,,,0.21,,
2020-08-17,서울,189.59,0.38,0.44,26.89,114.27
2020-08-17,인천,177.84,0.05,0.07,5.59,55.41
2020-08-17,경기도,189.28,0.26,0.26,15.06,84.39
2020-08-17,부산,175.07,0.06,0.12,7.09,47.63
2020-08-17,대구,182.29,0.15,0.14,16.17,66.36
2020-08-17,광주,190.16,0.01,0.01,1.14,63.11
2020-08-17,대전,188.71,0.23,0.25,14.16,98.0
2020-08-17,세종,172.73,1.91,1.64,54.55,150.0
2020-08-17,울산,171.97,0.13,0.07,5.07,66.06
2020-08-17,강원,178.85,-0.0,0.05,16.59,89.43
2020-08-17,충북,183.49,0.13,-0.01,8.46,66.02
2020-08-17,충남,182.3,0.1,0.1,9.53,61.6
2020-08-17,전북,163.72,0.0,0.02,2.53,31.54
2020-08-17,전남,170.24,-0.0,0.04,8.67,61.16
2020-08-17,경북,173.01,0.03,0.05,11.25,50.38
2020-08-17,경남,167.67,-0.0,0.03,9.8,59.01
2020-08-17,제주,181.25,0.0,0.0,6.25,37.5
2020-08-17,기타지방,173.38,0.11,0.11,10.79,60.9
2020-08-24,전국,,,0.23,,
2020-08-24,서울,190.08,0.4,0.43,21.88,109.73
2020-08-24,인천,175.63,0.26,0.1,3.97,46.82
2020-08-24,경기도,191.66,0.26,0.29,13.22,80.13
2020-08-24,부산,175.8,0.08,0.07,4.64,48.98
2020-08-24,대구,180.61,0.17,0.24,17.34,63.11
2020-08-24,광주,188.14,0.02,0.02,7.65,58.33
2020-08-24,대전,189.4,0.36,0.19,14.18,96.4
2020-08-24,세종,176.0,0.34,1.72,40.0,128.0
2020-08-24,울산,188.32,0.13,0.08,6.94,71.14
2020-08-24,강원,171.14,0.03,0.02,12.23,71.82
2020-08-24,충북,184.88,0.06,0.01,3.26,60.96
2020-08-24,충남,186.71,0.16,0.09,9.5,51.75
2020-08-24,전북,167.43,0.01,0.04,1.23,29.9
2020-08-24,전남,174.94,0.13,0.15,20.13,70.74
2020-08-24,경북,172.25,-0.0,0.01,7.76,40.8
2020-08-24,경남,171.33,0.16,0.04,7.04,48.42
2020-08-24,제주,181.25,0.07,0.0,0.0,37.5
2020-08-24,기타지방,175.41,0.1,0.12,8.88,53.19
2020-08-31,전국,,,0.19,,
2020-08-31,서울,189.79,0.42,0.38,18.29,101.5
2020-08-31,인천,175.33,0.19,0.17,2.56,55.49
2020-08-31,경기도,193.21,0.28,0.22,11.27,78.0
2020-08-31,부산,178.17,0.03,0.09,4.47,41.82
2020-08-31,대구,183.01,0.07,0.12,9.81,58.32
2020-08-31,광주,194.23,-0.0,-0.0,1.8,40.05
2020-08-31,대전,188.67,0.23,0.27,12.73,97.61
2020-08-31,세종,172.0,0.81,1.22,12.0,104.0
2020-08-31,울산,187.45,0.13,0.3,4.41,59.5
2020-08-31,강원,173.26,0.04,0.05,14.02,81.51
2020-08-31,충북,175.16,0.02,-0.04,8.42,56.85
2020-08-31,충남,188.28,0.06,0.06,7.28,48.62
2020-08-31,전북,174.87,-0.0,-0.0,3.98,32.86
2020-08-31,전남,179.41,0.0,0.06,7.2,61.98
2020-08-31,경북,176.72,0.07,0.07,13.82,48.3
2020-08-31,경남,170.74,0.12,0.04,6.73,51.0
2020-08-31,제주,189.47,0.0,-0.01,5.26,36.84
2020-08-31,기타지방,176.5,0.09,0.09,8.4,53.56
2020-09-07,전국,,,0.18,,
2020-09-07,서울,189.73,0.45,0.35,14.51,96.24
2020-09-07,인천,176.13,0.19,0.06,5.53,58.08
2020-09-07,경기도,194.44,0.28,0.21,10.89,80.08
2020-09-07,부산,179.19,0.05,0.09,5.2,45.51
2020-09-07,대구,186.15,0.21,0.23,15.19,69.2
2020-09-07,광주,189.79,0.01,0.03,6.64,68.15
2020-09-07,대전,191.94,0.22,0.12,16.65,105.4
2020-09-07,세종,176.0,0.34,0.96,12.0,92.0
2020-09-07,울산,193.71,0.11,0.11,7.43,70.45
2020-09-07,강원,183.57,0.05,0.18,16.67,81.05
2020-09-07,충북,183.5,0.15,-0.02,0.98,50.82
2020-09-07,충남,185.83,0.06,0.04,9.27,51.83
2020-09-07,전북,174.58,-0.0,0.01,3.06,36.5
2020-09-07,전남,173.79,0.0,0.07,8.05,53.14
2020-09-07,경북,170.45,0.05,0.04,19.13,63.1
2020-09-07,경남,167.03,0.15,0.06,8.36,57.93
2020-09-07,제주,184.21,0.0,-0.0,5.26,42.11
2020-09-07,기타지방,175.61,0.09,0.09,9.2,56.57
2020-09-14,전국,,,0.2,,
2020-09-14,서울,190.04,0.42,0.37,12.35,92.06
2020-09-14,인천,186.94,0.12,0.06,5.46,54.82
2020-09-14,경기도,194.54,0.32,0.24,12.14,79.44
2020-09-14,부산,180.4,0.06,0.08,7.36,47.36
2020-09-14,대구,192.13,0.21,0.35,18.34,82.81
2020-09-14,광주,194.73,0.01,-0.01,1.87,50.48
2020-09-14,대전,190.91,0.31,0.14,11.68,98.58
2020-09-14,세종,175.0,0.62,1.17,4.17,87.5
2020-09-14,울산,189.27,0.04,0.09,12.3,73.62
2020-09-14,강원,186.53,0.02,-0.02,11.82,74.48
2020-09-14,충북,189.58,0.17,0.02,0.9,48.99
2020-09-14,충남,181.7,0.25,0.06,11.31,65.59
2020-09-14,전북,178.83,0.08,0.05,5.34,37.08
2020-09-14,전남,178.15,0.03,-0.01,6.69,48.07
2020-09-14,경북,181.74,0.1,0.07,15.2,49.75
2020-09-14,경남,167.16,0.11,0.09,9.27,60.53
2020-09-14,제주,187.5,0.01,0.0,6.25,43.75
2020-09-14,기타지방,178.38,0.14,0.1,8.74,56.33
2020-09-21,전국,,,0.19,,
2020-09-21,서울,190.51,0.5,0.28,10.73,85.18
2020-09-21,인천,185.43,0.12,0.09,4.71,55.5
2020-09-21,경기도,194.86,0.33,0.25,13.11,81.11
2020-09-21,부산,182.52,0.15,0.14,7.21,43.75
2020-09-21,대구,190.39,0.12,0.18,18.75,86.15
2020-09-21,광주,196.85,0.06,0.02,5.83,61.29
2020-09-21,대전,189.63,0.45,0.28,8.25,94.0
2020-09-21,세종,178.26,0.62,1.41,0.0,86.96
2020-09-21,울산,174.97,0.11,0.09,9.36,74.15
2020-09-21,강원,182.67,0.07,0.02,9.06,60.86
2020-09-21,충북,187.18,0.12,0.0,0.87,51.96
2020-09-21,충남,183.76,0.1,0.11,6.76,54.24
2020-09-21,전북,176.31,0.06,0.07,6.31,36.94
2020-09-21,전남,176.95,0.12,0.05,11.42,50.38
2020-09-21,경북,185.27,0.04,0.08,16.45,56.37
2020-09-21,경남,171.46,0.09,0.07,8.06,59.14
2020-09-21,제주,185.71,-0.0,-0.03,14.29,57.14
2020-09-21,기타지방,179.39,0.1,0.12,8.17,54.71
2020-10-05,전국,,,0.2,,
2020-10-05,서울,191.98,0.44,0.24,8.1,83.69
2020-10-05,인천,189.46,0.4,0.17,3.51,57.61
2020-10-05,경기도,195.67,0.33,0.24,10.04,76.26
2020-10-05,부산,182.61,0.14,0.23,8.59,51.38
2020-10-05,대구,191.39,0.28,0.28,15.08,75.62
2020-10-05,광주,193.52,0.03,0.0,0.95,37.36
2020-10-05,대전,192.6,0.44,0.27,7.47,90.11
2020-10-05,세종,184.0,0.45,1.11,0.0,64.0
2020-10-05,울산,184.3,0.28,0.13,13.3,76.45
2020-10-05,강원,168.65,0.1,0.1,11.34,77.11
2020-10-05,충북,183.69,0.09,0.1,2.26,53.66
2020-10-05,충남,185.02,0.14,0.06,8.51,60.19
2020-10-05,전북,181.93,0.03,0.04,6.16,41.83
2020-10-05,전남,176.11,0.22,0.06,3.82,43.55
2020-10-05,경북,182.3,0.04,0.05,10.32,51.51
2020-10-05,경남,172.24,0.21,0.11,4.62,45.32
2020-10-05,제주,180.0,0.0,0.0,20.0,90.0
2020-10-05,기타지방,178.62,0.14,0.12,6.47,52.61
2020-10-12,전국,,,0.18,,
2020-10-12,서울,191.93,0.4,0.22,11.46,85.9
2020-10-12,인천,193.69,0.24,0.1,5.76,56.86
2020-10-12,경기도,195.99,0.27,0.23,13.49,82.29
2020-10-12,부산,186.65,0.04,0.12,11.22,63.85
2020-10-12,대구,196.9,0.27,0.3,19.2,78.77
2020-10-12,광주,196.97,0.04,0.01,7.67,68.35
2020-10-12,대전,192.02,0.17,0.25,14.11,98.82
2020-10-12,세종,188.0,0.71,1.04,4.0,64.0
2020-10-12,울산,188.05,0.07,0.14,18.54,85.47
2020-10-12,강원,185.72,0.04,0.09,5.69,54.67
2020-10-12,충북,190.63,0.03,0.11,8.09,67.21
2020-10-12,충남,187.64,0.06,0.01,16.25,68.93
2020-10-12,전북,179.53,0.01,0.06,7.63,46.3
2020-10-12,전남,175.85,0.0,0.04,8.64,50.55
2020-10-12,경북,184.69,0.06,0.13,9.78,54.19
2020-10-12,경남,179.12,0.12,0.13,11.19,63.52
2020-10-12,제주,200.0,0.0,-0.0,4.35,21.74
2020-10-12,기타지방,183.38,0.08,0.13,9.98,58.91
2020-10-19,전국,,,0.25,,
2020-10-19,서울,195.24,0.51,0.31,12.03,87.29
2020-10-19,인천,192.67,0.34,0.08,7.77,59.36
2020-10-19,경기도,196.48,0.56,0.36,15.83,84.92
2020-10-19,부산,184.71,0.13,0.23,16.86,65.17
2020-10-19,대구,192.37,0.29,0.35,30.69,99.14
2020-10-19,광주,194.92,0.25,0.16,15.72,50.71
2020-10-19,대전,196.28,0.24,0.39,13.66,100.18
2020-10-19,세종,188.0,0.22,0.4,4.0,76.0
2020-10-19,울산,189.43,0.41,0.18,16.0,84.6
2020-10-19,강원,189.7,0.08,0.1,12.47,69.81
2020-10-19,충북,193.78,0.14,0.02,8.38,53.57
2020-10-19,충남,188.97,0.11,0.12,17.45,68.53
2020-10-19,전북,183.15,0.06,0.02,7.89,43.58
2020-10-19,전남,170.2,0.04,0.05,14.05,56.63
2020-10-19,경북,187.32,0.17,0.13,13.62,54.35
2020-10-19,경남,182.84,0.24,0.13,9.26,62.72
2020-10-19,제주,188.24,0.2,-0.0,5.88,35.29
2020-10-19,기타지방,185.39,0.15,0.1,11.27,59.13
2020-10-26,전국,,,0.28,,
2020-10-26,서울,195.32,0.55,0.3,10.09,85.0
2020-10-26,인천,194.82,0.32,0.06,8.03,57.52
2020-10-26,경기도,196.96,0.48,0.4,18.34,87.34
2020-10-26,부산,185.49,0.18,0.32,25.51,81.08
2020-10-26,대구,195.64,0.3,0.47,28.25,100.36
2020-10-26,광주,195.64,0.14,0.21,18.1,66.85
2020-10-26,대전,195.88,0.5,0.38,13.11,101.4
2020-10-26,세종,192.0,0.91,0.36,8.0,68.0
2020-10-26,울산,192.17,0.69,0.32,23.37,89.9
2020-10-26,강원,185.91,0.01,0.09,23.22,78.39
2020-10-26,충북,195.09,0.13,0.04,6.82,49.24
2020-10-26,충남,192.9,0.1,0.06,13.27,67.2
2020-10-26,전북,185.77,0.08,0.01,12.47,53.42
2020-10-26,전남,173.31,0.06,0.1,14.33,58.77
2020-10-26,경북,186.75,0.16,0.19,18.23,62.74
2020-10-26,경남,182.47,0.14,0.07,19.18,68.44
2020-10-26,제주,195.0,0.09,0.02,20.0,55.0
2020-10-26,기타지방,186.49,0.14,0.09,15.48,63.22
2020-11-02,전국,,,0.3,,
2020-11-02,서울,194.19,0.7,0.33,8.06,80.29
2020-11-02,인천,193.34,0.34,0.15,9.71,62.7
2020-11-02,경기도,196.03,0.46,0.37,17.72,85.82
2020-11-02,부산,187.47,0.29,0.61,27.42,85.9
2020-11-02,대구,192.91,0.29,0.43,34.26,105.32
2020-11-02,광주,196.08,0.22,0.06,13.43,52.95
2020-11-02,대전,191.33,0.38,0.19,15.77,100.28
2020-11-02,세종,192.0,0.98,0.63,0.0,52.0
2020-11-02,울산,193.08,0.46,0.47,16.69,82.91
2020-11-02,강원,188.31,0.15,0.07,20.88,80.81
2020-11-02,충북,194.86,0.1,0.08,7.93,51.4
2020-11-02,충남,194.71,0.11,0.16,18.52,69.63
2020-11-02,전북,185.4,0.11,0.02,14.91,59.35
2020-11-02,전남,175.87,0.06,0.04,13.91,54.71
2020-11-02,경북,189.1,0.16,0.06,19.42,63.68
2020-11-02,경남,183.94,0.24,0.21,13.86,73.34
2020-11-02,제주,195.24,0.1,0.0,42.86,123.81
2020-11-02,기타지방,187.8,0.18,0.14,15.33,66.3
2020-11-09,전국,,,0.3,,
2020-11-09,서울,193.29,0.46,0.3,10.05,81.09
2020-11-09,인천,194.73,0.35,0.11,10.76,64.16
2020-11-09,경기도,195.55,0.42,0.3,16.7,85.89
2020-11-09,부산,186.22,0.35,0.68,34.18,95.93
2020-11-09,대구,191.62,0.29,0.43,34.12,108.88
2020-11-09,광주,191.82,0.21,0.23,20.57,73.38
2020-11-09,대전,194.25,0.3,0.41,17.06,103.8
2020-11-09,세종,196.0,0.63,0.75,0.0,48.0
2020-11-09,울산,193.44,0.49,0.52,34.13,107.12
2020-11-09,강원,186.25,0.15,0.13,14.69,78.55
2020-11-09,충북,194.35,0.09,0.07,3.93,49.14
2020-11-09,충남,194.78,0.15,0.08,12.93,73.38
2020-11-09,전북,185.32,0.13,0.11,14.3,50.99
2020-11-09,전남,178.65,0.11,0.3,14.77,65.94
2020-11-09,경북,185.37,0.13,0.14,21.68,66.7
2020-11-09,경남,182.19,0.27,0.23,22.95,79.56
2020-11-09,제주,194.44,0.04,-0.11,22.22,66.67
2020-11-09,기타지방,186.98,0.18,0.18,15.9,67.39
2020-11-16,전국,,,0.37,,
2020-11-16,서울,192.54,0.53,0.29,13.66,90.16
2020-11-16,인천,191.43,0.3,0.12,10.87,69.68
2020-11-16,경기도,193.14,0.4,0.43,22.35,92.15
2020-11-16,부산,179.98,0.39,1.02,35.23,100.04
2020-11-16,대구,191.03,0.3,0.42,44.19,128.01
2020-11-16,광주,196.53,0.08,0.17,21.6,79.06
2020-11-16,대전,194.06,0.32,0.33,21.93,110.12
2020-11-16,세종,195.83,0.64,0.1,12.5,66.67
2020-11-16,울산,197.27,0.63,0.74,42.26,119.24
2020-11-16,강원,180.76,0.06,0.18,20.22,93.17
2020-11-16,충북,196.07,0.08,0.15,10.61,57.24
2020-11-16,충남,197.13,0.16,0.05,10.56,72.46
2020-11-16,전북,186.51,0.13,0.04,17.88,65.58
2020-11-16,전남,172.78,-0.01,0.07,11.17,50.51
2020-11-16,경북,187.52,0.23,0.34,29.96,87.66
2020-11-16,경남,178.12,0.3,0.38,38.22,109.81
2020-11-16,제주,188.24,0.17,0.0,41.18,111.76
2020-11-16,기타지방,185.88,0.19,0.2,22.68,81.9
2020-11-23,전국,,,0.43,,
2020-11-23,서울,191.66,0.61,0.31,15.72,94.54
2020-11-23,인천,187.68,0.37,0.17,14.56,73.14
2020-11-23,경기도,192.98,0.4,0.43,26.79,98.23
2020-11-23,부산,180.0,0.3,1.06,26.3,89.73
2020-11-23,대구,187.65,0.19,0.51,33.27,117.47
2020-11-23,광주,196.12,0.35,0.31,22.59,90.85
2020-11-23,대전,191.45,0.52,0.54,22.18,109.31
2020-11-23,세종,196.0,1.16,0.87,28.0,88.0
2020-11-23,울산,193.0,0.7,1.25,56.75,140.29
2020-11-23,강원,178.71,0.1,0.1,16.68,79.52
2020-11-23,충북,194.26,0.08,0.16,14.59,63.95
2020-11-23,충남,197.09,0.04,0.14,15.13,77.21
2020-11-23,전북,185.61,0.07,0.1,17.96,67.44
2020-11-23,전남,173.58,0.29,0.37,11.42,61.89
2020-11-23,경북,174.51,0.31,0.39,40.19,102.15
2020-11-23,경남,180.71,0.26,0.35,35.5,111.02
2020-11-23,제주,188.24,0.1,0.1,29.41,82.35
2020-11-23,기타지방,184.37,0.22,0.28,24.61,86.05
2020-11-30,전국,,,0.4,,
2020-11-30,서울,189.22,0.45,0.27,18.07,100.41
2020-11-30,인천,184.76,0.2,0.24,16.9,73.56
2020-11-30,경기도,190.02,0.42,0.41,28.89,103.68
2020-11-30,부산,177.34,0.57,0.82,23.26,86.38
2020-11-30,대구,190.15,0.23,0.66,36.21,121.98
2020-11-30,광주,188.05,0.41,0.22,21.76,98.45
2020-11-30,대전,194.08,0.14,0.21,24.99,111.78
2020-11-30,세종,200.0,0.77,0.83,24.0,76.0
2020-11-30,울산,196.24,0.58,1.17,50.44,135.32
2020-11-30,강원,179.3,0.12,0.03,22.67,99.8
2020-11-30,충북,192.54,0.16,0.13,17.14,75.68
2020-11-30,충남,195.29,0.09,0.31,39.45,106.07
2020-11-30,전북,187.32,0.1,0.09,24.47,74.21
2020-11-30,전남,173.77,0.04,0.09,11.04,53.41
2020-11-30,경북,179.25,0.16,0.33,46.06,110.62
2020-11-30,경남,165.99,0.33,0.54,37.69,111.27
2020-11-30,제주,182.35,0.06,0.06,47.06,135.29
2020-11-30,기타지방,181.05,0.2,0.31,31.39,95.14
2020-12-07,전국,,,0.4,,
2020-12-07,서울,190.85,0.49,0.37,20.44,103.82
2020-12-07,인천,184.13,0.26,0.21,18.13,80.45
2020-12-07,경기도,189.35,0.34,0.44,30.47,105.94
2020-12-07,부산,174.15,0.39,0.69,18.02,79.14
2020-12-07,대구,187.89,0.33,0.52,43.25,126.53
2020-12-07,광주,193.56,0.38,0.28,31.92,101.72
2020-12-07,대전,190.54,0.2,0.25,23.27,114.17
2020-12-07,세종,196.15,0.61,1.08,23.08,88.46
2020-12-07,울산,194.06,0.46,0.48,47.42,132.81
2020-12-07,강원,178.4,0.2,0.23,16.55,79.13
2020-12-07,충북,189.77,0.11,0.36,21.8,83.36
2020-12-07,충남,196.2,0.1,0.36,29.58,99.02
2020-12-07,전북,186.04,0.07,0.18,23.96,77.65
2020-12-07,전남,171.78,0.05,0.09,10.57,57.6
2020-12-07,경북,180.8,0.25,0.49,43.37,112.68
2020-12-07,경남,169.17,0.22,0.33,31.43,104.06
2020-12-07,제주,185.71,0.07,0.21,78.57,178.57
2020-12-07,기타지방,181.44,0.17,0.35,28.23,93.49
2020-12-14,전국,,,0.47,,
2020-12-14,서울,187.2,0.43,0.36,22.68,109.86
2020-12-14,인천,176.74,0.29,0.26,21.91,86.8
2020-12-14,경기도,185.12,0.36,0.54,32.62,110.11
2020-12-14,부산,163.88,0.27,0.73,22.31,89.92
2020-12-14,대구,187.65,0.42,0.97,39.59,126.06
2020-12-14,광주,192.41,0.14,0.34,28.78,112.43
2020-12-14,대전,186.27,0.22,0.25,22.68,113.19
2020-12-14,세종,180.0,1.53,1.17,28.0,112.0
2020-12-14,울산,180.56,0.38,0.66,19.97,95.42
2020-12-14,강원,183.66,0.18,0.27,26.37,99.43
2020-12-14,충북,185.17,0.13,0.19,21.7,85.4
2020-12-14,충남,193.73,0.12,0.24,35.78,101.8
2020-12-14,전북,188.52,0.12,0.22,26.62,80.78
2020-12-14,전남,180.21,0.04,0.2,6.12,58.17
2020-12-14,경북,186.92,0.37,0.46,39.05,105.15
2020-12-14,경남,160.63,0.3,0.39,30.06,108.55
2020-12-14,제주,184.21,0.17,0.75,57.89,147.37
2020-12-14,기타지방,180.04,0.26,0.35,28.84,96.7
2020-12-21,전국,,,0.35,,
2020-12-21,서울,184.51,0.39,0.38,24.01,112.26
2020-12-21,인천,176.87,0.15,0.3,22.23,90.1
2020-12-21,경기도,184.36,0.28,0.43,31.96,112.51
2020-12-21,부산,170.05,0.14,0.36,12.02,62.41
2020-12-21,대구,187.15,0.25,0.46,27.63,110.35
2020-12-21,광주,187.11,0.02,0.08,7.5,87.66
2020-12-21,대전,191.92,0.17,0.27,14.03,95.03
2020-12-21,세종,188.89,0.75,0.39,33.33,111.11
2020-12-21,울산,180.73,0.42,0.57,22.71,98.46
2020-12-21,강원,183.45,-0.0,0.19,17.07,85.36
2020-12-21,충북,187.14,0.04,0.28,19.25,89.16
2020-12-21,충남,194.08,0.01,0.1,23.03,93.82
2020-12-21,전북,179.34,0.05,0.08,16.54,67.9
2020-12-21,전남,185.28,0.06,0.01,16.6,82.68
2020-12-21,경북,180.18,0.16,0.35,32.23,103.68
2020-12-21,경남,171.52,0.17,0.37,22.58,97.38
2020-12-21,제주,185.71,0.0,0.02,42.86,142.86
2020-12-21,기타지방,181.79,0.12,0.23,22.55,91.97
2020-12-28,전국,,,0.41,,
2020-12-28,서울,184.0,0.45,0.45,23.35,112.29
2020-12-28,인천,170.6,0.29,0.24,20.23,90.94
2020-12-28,경기도,180.7,0.29,0.51,31.62,113.44
2020-12-28,부산,167.71,0.21,0.41,9.28,64.37
2020-12-28,대구,188.43,0.13,0.44,15.6,103.53
2020-12-28,광주,189.25,0.18,0.09,14.91,94.29
2020-12-28,대전,192.11,0.13,0.31,19.93,111.8
2020-12-28,세종,188.0,1.56,1.52,32.0,112.0
2020-12-28,울산,174.26,0.27,0.75,14.56,90.31
2020-12-28,강원,181.24,0.05,0.19,17.56,91.38
2020-12-28,충북,186.61,0.18,0.25,21.22,82.76
2020-12-28,충남,195.2,0.36,0.27,21.08,93.05
2020-12-28,전북,180.37,0.09,0.24,21.86,86.45
2020-12-28,전남,179.98,0.04,0.01,9.61,67.58
2020-12-28,경북,178.75,0.17,0.51,21.31,87.67
2020-12-28,경남,168.32,0.23,0.31,21.69,94.84
2020-12-28,제주,190.0,0.02,0.45,35.0,130.0
2020-12-28,기타지방,180.41,0.24,0.34,20.72,89.72
2021-01-11,전국,,,0.41,,
2021-01-11,서울,172.11,0.3,0.38,27.2,114.61
2021-01-11,인천,168.13,0.16,0.24,24.1,99.1
2021-01-11,경기도,172.97,0.39,0.65,36.74,122.59
2021-01-11,부산,166.37,0.29,0.32,7.58,68.74
2021-01-11,대구,182.14,0.21,0.41,17.42,97.6
2021-01-11,광주,192.11,-0.0,0.36,8.5,96.01
2021-01-11,대전,181.12,0.22,0.41,16.21,109.14
2021-01-11,세종,170.37,1.1,0.45,14.81,70.37
2021-01-11,울산,175.71,0.23,0.3,16.17,89.41
2021-01-11,강원,172.48,-0.0,0.02,18.81,77.07
2021-01-11,충북,190.21,0.16,0.08,13.98,65.51
2021-01-11,충남,191.24,0.33,0.15,34.01,106.92
2021-01-11,전북,183.48,0.02,0.25,18.34,80.45
2021-01-11,전남,184.31,0.02,0.01,5.0,54.06
2021-01-11,경북,172.02,0.1,0.41,19.33,81.93
2021-01-11,경남,157.89,0.12,0.27,20.53,83.09
2021-01-11,제주,170.0,0.04,0.07,25.0,105.0
2021-01-11,기타지방,175.74,0.17,0.21,19.87,81.29
2021-01-18,전국,,,0.4,,
2021-01-18,서울,168.14,0.32,0.39,23.5,110.76
2021-01-18,인천,168.3,0.3,0.31,24.28,99.72
2021-01-18,경기도,168.84,0.37,0.66,35.61,119.87
2021-01-18,부산,168.24,0.12,0.36,6.44,53.85
2021-01-18,대구,176.39,0.24,0.32,13.5,96.15
2021-01-18,광주,191.19,0.01,0.18,7.53,87.15
2021-01-18,대전,171.88,0.23,0.42,21.23,111.52
2021-01-18,세종,150.0,0.55,0.48,19.23,76.92
2021-01-18,울산,169.77,0.26,0.3,14.47,87.92
2021-01-18,강원,177.04,0.01,0.07,20.15,79.22
2021-01-18,충북,194.31,0.08,0.15,11.55,65.6
2021-01-18,충남,188.26,0.05,0.07,16.58,90.43
2021-01-18,전북,187.82,0.18,0.17,16.69,79.35
2021-01-18,전남,184.91,0.03,0.01,7.18,67.8
2021-01-18,경북,172.98,0.09,0.18,17.17,80.19
2021-01-18,경남,168.18,0.18,0.21,19.66,84.92
2021-01-18,제주,161.9,0.08,0.12,14.29,100.0
2021-01-18,기타지방,178.71,0.13,0.16,16.48,80.33
2021-01-25,전국,,,0.39,,
2021-01-25,서울,163.16,0.26,0.38,24.88,113.36
2021-01-25,인천,169.3,0.16,0.23,30.82,106.57
2021-01-25,경기도,167.73,0.25,0.59,37.37,123.62
2021-01-25,부산,166.73,0.17,0.43,5.86,65.96
2021-01-25,대구,179.09,0.09,0.31,13.55,91.63
2021-01-25,광주,189.86,0.13,0.21,5.92,82.32
2021-01-25,대전,173.33,0.14,0.41,20.26,111.07
2021-01-25,세종,159.26,0.42,0.6,11.11,62.96
2021-01-25,울산,179.32,0.16,0.42,12.56,87.82
2021-01-25,강원,187.59,0.08,0.12,13.45,76.73
2021-01-25,충북,188.22,0.09,0.15,28.11,87.98
2021-01-25,충남,183.46,0.13,0.19,26.81,96.33
2021-01-25,전북,188.83,0.01,0.11,13.17,82.92
2021-01-25,전남,185.76,0.04,0.1,2.77,47.44
2021-01-25,경북,177.7,0.07,0.18,19.02,86.82
2021-01-25,경남,158.42,0.14,0.26,16.39,88.13
2021-01-25,제주,168.42,0.1,0.15,21.05,110.53
2021-01-25,기타지방,176.86,0.11,0.2,17.75,83.69
2021-02-01,전국,,,0.46,,
2021-02-01,서울,158.93,0.29,0.4,23.26,109.82
2021-02-01,인천,167.58,0.35,0.41,33.81,111.91
2021-02-01,경기도,163.91,0.32,0.75,38.55,125.48
2021-02-01,부산,167.36,0.15,0.38,5.87,63.33
2021-02-01,대구,179.73,0.14,0.43,14.37,91.12
2021-02-01,광주,191.56,0.1,0.27,8.84,88.88
2021-02-01,대전,164.59,0.34,0.83,21.13,105.3
2021-02-01,세종,137.04,0.34,0.23,7.41,51.85
2021-02-01,울산,176.59,0.14,0.21,12.13,73.74
2021-02-01,강원,190.67,0.19,0.25,15.66,86.83
2021-02-01,충북,188.08,0.1,0.09,20.96,91.37
2021-02-01,충남,186.18,0.06,0.1,28.38,101.62
2021-02-01,전북,183.93,-0.0,0.11,13.23,81.35
2021-02-01,전남,186.77,0.04,0.08,6.29,59.7
2021-02-01,경북,179.44,0.09,0.27,20.0,86.03
2021-02-01,경남,160.87,0.05,0.14,14.27,81.62
2021-02-01,제주,157.14,0.0,0.03,23.81,90.48
2021-02-01,기타지방,176.93,0.08,0.15,17.18,84.05
2021-02-15,전국,,,0.51,,
2021-02-15,서울,157.31,0.23,0.42,17.62,105.32
2021-02-15,인천,167.43,0.25,0.57,30.18,110.02
2021-02-15,경기도,162.58,0.37,0.88,32.98,118.43
2021-02-15,부산,166.41,0.17,0.39,6.2,63.28
2021-02-15,대구,177.4,0.27,0.32,11.08,89.03
2021-02-15,광주,190.42,0.27,0.24,5.4,85.94
2021-02-15,대전,166.87,0.27,0.42,15.96,102.23
2021-02-15,세종,137.04,0.02,0.52,14.81,70.37
2021-02-15,울산,177.75,0.13,0.37,8.57,71.22
2021-02-15,강원,191.09,0.12,0.33,20.43,99.01
2021-02-15,충북,186.05,0.13,0.25,23.6,105.25
2021-02-15,충남,185.79,0.04,0.29,26.24,96.81
2021-02-15,전북,191.25,0.03,0.1,15.26,83.92
2021-02-15,전남,186.95,-0.0,0.02,6.93,50.33
2021-02-15,경북,174.32,0.13,0.34,21.85,89.88
2021-02-15,경남,167.57,0.03,0.15,11.16,81.76
2021-02-15,제주,160.87,0.06,0.13,26.09,100.0
2021-02-15,기타지방,178.72,0.06,0.22,17.56,86.7
2021-02-22,전국,,,0.48,,
2021-02-22,서울,155.61,0.26,0.38,15.45,100.95
2021-02-22,인천,171.55,0.3,0.57,32.9,113.97
2021-02-22,경기도,163.53,0.36,0.83,33.09,119.41
2021-02-22,부산,161.44,0.19,0.25,3.72,60.15
2021-02-22,대구,183.38,0.26,0.49,10.48,82.72
2021-02-22,광주,184.63,0.02,0.22,9.21,92.94
2021-02-22,대전,167.1,0.46,0.63,18.87,104.1
2021-02-22,세종,140.0,0.19,0.42,0.0,56.0
2021-02-22,울산,172.23,0.09,0.33,7.41,71.98
2021-02-22,강원,184.09,0.11,0.2,12.0,84.71
2021-02-22,충북,194.45,0.12,0.2,26.7,102.41
2021-02-22,충남,186.18,0.19,0.15,21.87,96.0
2021-02-22,전북,190.99,-0.01,0.14,20.13,91.41
2021-02-22,전남,184.46,0.05,0.01,5.94,68.94
2021-02-22,경북,172.04,0.15,0.29,21.58,90.39
2021-02-22,경남,163.49,0.05,0.22,8.78,76.83
2021-02-22,제주,168.18,0.0,0.09,31.82,109.09
2021-02-22,기타지방,177.75,0.09,0.19,16.02,86.05
2021-03-01,전국,,,0.46,,
2021-03-01,서울,155.95,0.18,0.34,12.89,96.21
2021-03-01,인천,171.43,0.34,0.73,35.54,117.51
2021-03-01,경기도,162.79,0.25,0.8,28.68,113.8
2021-03-01,부산,168.89,0.13,0.17,3.71,58.81
2021-03-01,대구,183.01,0.17,0.38,6.35,74.1
2021-03-01,광주,186.09,0.05,0.13,5.08,87.74
2021-03-01,대전,174.51,0.21,0.7,15.99,105.74
2021-03-01,세종,118.52,0.19,0.31,11.11,51.85
2021-03-01,울산,168.31,0.2,0.28,5.26,77.92
2021-03-01,강원,189.08,0.01,0.1,12.47,81.26
2021-03-01,충북,191.45,0.09,0.21,20.15,84.95
2021-03-01,충남,187.94,0.14,0.23,18.92,96.97
2021-03-01,전북,192.76,0.06,0.14,12.84,84.99
2021-03-01,전남,190.01,0.05,0.01,6.57,63.22
2021-03-01,경북,176.3,0.13,0.2,23.16,91.11
2021-03-01,경남,163.77,0.06,0.2,8.89,71.52
2021-03-01,제주,170.0,0.09,0.02,25.0,100.0
2021-03-01,기타지방,178.73,0.09,0.18,14.53,81.14
2021-03-08,전국,,,0.4,,
2021-03-08,서울,153.7,0.21,0.32,10.06,90.34
2021-03-08,인천,172.86,0.4,0.63,33.28,113.89
2021-03-08,경기도,166.17,0.33,0.66,27.64,111.13
2021-03-08,부산,171.7,0.21,0.25,6.75,57.01
2021-03-08,대구,177.55,0.13,0.2,6.18,82.31
2021-03-08,광주,181.1,0.05,0.19,2.89,71.74
2021-03-08,대전,170.73,0.4,0.49,17.67,99.93
2021-03-08,세종,117.86,0.24,0.33,21.43,71.43
2021-03-08,울산,167.74,0.15,0.33,7.0,69.39
2021-03-08,강원,186.75,0.17,0.15,10.83,71.03
2021-03-08,충북,190.04,0.04,0.14,30.16,114.66
2021-03-08,충남,184.23,0.05,0.3,16.56,92.81
2021-03-08,전북,190.81,-0.01,0.12,13.21,92.07
2021-03-08,전남,189.72,0.08,0.05,7.8,62.81
2021-03-08,경북,173.86,0.06,0.19,17.61,84.03
2021-03-08,경남,168.59,0.17,0.18,8.39,63.43
2021-03-08,제주,176.19,0.08,0.1,14.29,90.48
2021-03-08,기타지방,178.53,0.09,0.18,14.6,81.28
2021-03-15,전국,,,0.38,,
2021-03-15,서울,148.52,0.14,0.28,6.97,82.44
2021-03-15,인천,172.2,0.6,0.74,35.98,119.23
2021-03-15,경기도,161.48,0.19,0.64,24.66,105.34
2021-03-15,부산,169.21,0.18,0.35,5.76,52.65
2021-03-15,대구,174.75,0.11,0.2,4.79,69.85
2021-03-15,광주,192.02,0.07,0.17,3.34,72.3
2021-03-15,대전,167.95,0.16,0.18,26.1,108.97
2021-03-15,세종,117.86,0.02,0.14,10.71,50.0
2021-03-15,울산,171.22,0.15,0.26,5.03,64.44
2021-03-15,강원,177.35,0.03,0.17,14.82,84.73
2021-03-15,충북,184.85,0.04,0.05,30.36,103.26
2021-03-15,충남,189.44,0.25,0.28,35.55,108.78
2021-03-15,전북,185.3,0.04,0.09,15.34,78.37
2021-03-15,전남,187.75,0.04,0.11,8.68,60.19
2021-03-15,경북,170.83,0.05,0.11,17.36,84.96
2021-03-15,경남,163.2,0.02,0.12,8.41,72.89
2021-03-15,제주,178.26,0.2,0.15,26.09,108.7
2021-03-15,기타지방,175.35,0.07,0.14,17.98,83.74
2021-03-22,전국,,,0.4,,
2021-03-22,서울,144.84,0.11,0.24,4.72,79.8
2021-03-22,인천,172.02,0.61,0.82,30.13,112.61
2021-03-22,경기도,162.92,0.26,0.6,19.85,98.51
2021-03-22,부산,168.31,0.15,0.37,4.84,57.47
2021-03-22,대구,170.54,0.16,0.32,3.94,76.84
2021-03-22,광주,188.39,0.03,0.21,2.39,69.35
2021-03-22,대전,173.05,0.19,0.36,19.94,92.58
2021-03-22,세종,111.11,-0.03,0.26,3.7,33.33
2021-03-22,울산,175.72,0.12,0.23,4.3,59.49
2021-03-22,강원,183.75,0.19,0.21,22.77,97.81
2021-03-22,충북,184.94,0.07,0.17,22.29,92.15
2021-03-22,충남,189.32,0.31,0.24,17.14,88.46
2021-03-22,전북,190.17,0.02,0.16,15.71,86.99
2021-03-22,전남,182.72,0.06,0.1,4.49,57.43
2021-03-22,경북,174.73,0.13,0.32,22.19,96.21
2021-03-22,경남,164.16,0.1,0.15,7.05,69.05
2021-03-22,제주,182.61,0.22,0.25,26.09,113.04
2021-03-22,기타지방,176.67,0.12,0.2,14.67,81.35
2021-03-29,전국,,,0.38,,
2021-03-29,서울,139.34,0.18,0.2,4.83,77.28
2021-03-29,인천,173.36,0.47,0.78,27.51,106.68
2021-03-29,경기도,161.15,0.27,0.59,18.88,94.94
2021-03-29,부산,162.11,0.11,0.19,5.73,57.27
2021-03-29,대구,167.81,0.14,0.34,4.56,71.88
2021-03-29,광주,187.07,-0.02,0.23,3.88,75.48
2021-03-29,대전,169.24,0.14,0.19,16.64,92.54
2021-03-29,세종,107.41,0.01,0.13,11.11,37.04
2021-03-29,울산,178.09,0.29,0.25,6.78,58.54
2021-03-29,강원,189.13,0.26,0.34,20.86,94.61
2021-03-29,충북,189.53,0.1,0.14,30.49,109.24
2021-03-29,충남,189.08,0.27,0.48,26.66,101.46
2021-03-29,전북,190.08,0.03,0.35,14.88,82.91
2021-03-29,전남,184.59,0.04,0.1,4.36,48.58
2021-03-29,경북,170.19,0.18,0.29,12.57,76.58
2021-03-29,경남,166.61,0.22,0.19,5.43,65.69
2021-03-29,제주,172.73,0.11,0.13,27.27,113.64
2021-03-29,기타지방,177.47,0.16,0.26,15.3,80.3
2021-04-05,전국,,,0.36,,
2021-04-05,서울,137.28,0.13,0.28,4.32,75.34
2021-04-05,인천,172.48,0.44,0.64,24.49,105.72
2021-04-05,경기도,161.03,0.26,0.55,15.69,90.21
2021-04-05,부산,158.91,0.12,0.26,4.79,58.87
2021-04-05,대구,167.32,0.13,0.24,3.53,61.31
2021-04-05,광주,181.46,0.2,0.23,6.03,83.75
2021-04-05,대전,174.63,0.19,0.25,9.0,81.45
2021-04-05,세종,117.86,-0.04,0.12,7.14,35.71
2021-04-05,울산,170.31,0.31,0.1,3.74,62.88
2021-04-05,강원,182.79,0.18,0.24,15.67,92.63
2021-04-05,충북,185.81,0.06,0.33,23.09,107.88
2021-04-05,충남,186.01,0.08,0.29,15.56,88.82
2021-04-05,전북,191.12,0.0,0.27,20.37,87.68
2021-04-05,전남,182.54,0.11,0.06,5.7,62.38
2021-04-05,경북,170.03,0.12,0.38,14.96,86.61
2021-04-05,경남,159.25,0.16,0.11,4.57,62.76
2021-04-05,제주,172.73,0.32,0.26,36.36,122.73
2021-04-05,기타지방,174.45,0.1,0.23,13.27,80.51
2021-04-12,전국,,,0.29,,
2021-04-12,서울,140.47,0.13,0.22,5.28,80.07
2021-04-12,인천,175.19,0.24,0.59,26.92,110.44
2021-04-12,경기도,162.74,0.23,0.43,16.14,91.06
2021-04-12,부산,166.51,0.08,0.19,6.43,49.8
2021-04-12,대구,165.99,0.08,0.16,6.91,65.52
2021-04-12,광주,178.26,0.08,0.16,3.64,74.69
2021-04-12,대전,172.49,0.02,0.13,10.93,86.99
2021-04-12,세종,119.23,0.12,0.2,0.0,30.77
2021-04-12,울산,177.2,0.38,0.2,2.69,60.99
2021-04-12,강원,183.18,0.06,0.1,22.6,93.45
2021-04-12,충북,187.26,0.15,0.2,27.75,111.15
2021-04-12,충남,190.19,0.04,0.36,29.98,103.05
2021-04-12,전북,189.49,0.03,0.12,20.48,99.82
2021-04-12,전남,172.32,0.03,0.15,6.79,55.87
2021-04-12,경북,171.12,0.11,0.24,14.56,77.21
2021-04-12,경남,167.87,0.13,0.14,5.5,68.94
2021-04-12,제주,180.95,0.0,0.1,42.86,133.33
2021-04-12,기타지방,176.78,0.08,0.19,16.7,84.43
2021-04-19,전국,,,0.33,,
2021-04-19,서울,139.97,0.13,0.22,6.28,83.11
2021-04-19,인천,178.59,0.32,0.67,27.89,114.32
2021-04-19,경기도,164.88,0.22,0.48,16.73,92.92
2021-04-19,부산,173.34,0.14,0.29,4.93,49.38
2021-04-19,대구,168.55,0.23,0.31,2.36,56.1
2021-04-19,광주,181.67,0.03,0.14,5.05,76.71
2021-04-19,대전,172.61,0.04,0.2,14.83,93.67
2021-04-19,세종,118.52,0.03,0.21,7.41,44.44
2021-04-19,울산,181.75,0.25,0.19,3.5,52.7
2021-04-19,강원,180.86,0.07,0.12,19.34,88.95
2021-04-19,충북,188.97,0.06,0.24,22.61,103.03
2021-04-19,충남,190.41,0.11,0.25,17.8,90.84
2021-04-19,전북,193.48,0.06,0.27,16.67,87.69
2021-04-19,전남,176.0,0.14,0.03,3.11,55.42
2021-04-19,경북,168.73,0.13,0.26,14.45,77.4
2021-04-19,경남,160.06,0.24,0.2,8.16,61.97
2021-04-19,제주,176.19,0.16,0.24,42.86,138.1
2021-04-19,기타지방,175.18,0.13,0.21,14.14,78.46
2021-04-26,전국,,,0.32,,
2021-04-26,서울,146.38,0.18,0.28,7.94,84.88
2021-04-26,인천,177.81,0.34,0.53,26.48,112.76
2021-04-26,경기도,163.65,0.23,0.43,17.13,94.18
2021-04-26,부산,169.16,0.15,0.4,8.0,56.37
2021-04-26,대구,167.49,0.18,0.27,1.89,59.06
2021-04-26,광주,185.97,0.02,0.16,8.0,85.82
2021-04-26,대전,173.56,0.05,0.23,18.54,100.23
2021-04-26,세종,123.08,0.2,0.19,15.38,57.69
2021-04-26,울산,185.67,0.16,0.1,1.79,52.07
2021-04-26,강원,178.92,0.11,0.06,13.65,91.81
2021-04-26,충북,185.02,0.31,0.41,19.78,107.59
2021-04-26,충남,188.39,0.05,0.1,26.23,104.56
2021-04-26,전북,191.34,0.13,0.3,19.64,86.34
2021-04-26,전남,170.91,0.02,0.03,4.96,44.21
2021-04-26,경북,168.18,0.01,0.16,17.26,78.83
2021-04-26,경남,168.84,0.13,0.16,13.87,78.2
2021-04-26,제주,161.9,0.22,0.27,38.1,123.81
2021-04-26,기타지방,175.74,0.12,0.18,17.26,84.85
2021-05-03,전국,,,0.28,,
2021-05-03,서울,152.03,0.17,0.23,8.58,87.13
2021-05-03,인천,178.29,0.28,0.5,31.2,117.14
2021-05-03,경기도,164.16,0.16,0.36,17.69,95.94
2021-05-03,부산,174.89,0.09,0.25,8.29,54.22
2021-05-03,대구,172.61,0.17,0.27,3.78,61.64
2021-05-03,광주,186.02,-0.0,0.18,5.33,82.09
2021-05-03,대전,175.07,0.18,0.26,15.52,100.66
2021-05-03,세종,130.77,0.2,0.21,7.69,46.15
2021-05-03,울산,182.27,0.31,0.15,3.81,49.45
2021-05-03,강원,180.36,0.2,0.15,19.59,97.67
2021-05-03,충북,189.37,0.19,0.16,21.66,110.25
2021-05-03,충남,184.25,0.06,0.34,37.8,114.47
2021-05-03,전북,190.71,0.04,0.23,18.39,82.64
2021-05-03,전남,177.14,0.02,0.12,1.14,42.36
2021-05-03,경북,172.44,0.16,0.18,14.82,84.38
2021-05-03,경남,167.24,0.11,0.16,9.13,63.79
2021-05-03,제주,176.19,0.16,0.33,38.1,128.57
2021-05-03,기타지방,176.77,0.11,0.2,17.41,83.2
2021-05-10,전국,,,0.32,,
2021-05-10,서울,153.41,0.25,0.28,10.21,86.15
2021-05-10,인천,177.91,0.38,0.62,37.91,121.73
2021-05-10,경기도,163.19,0.22,0.42,19.01,94.81
2021-05-10,부산,171.85,0.15,0.3,10.52,61.29
2021-05-10,대구,170.9,0.15,0.23,3.52,56.81
2021-05-10,광주,182.62,0.14,0.16,3.63,63.42
2021-05-10,대전,174.1,0.11,0.39,20.57,100.9
2021-05-10,세종,119.23,0.07,0.03,11.54,50.0
2021-05-10,울산,186.97,0.18,0.14,5.4,57.7
2021-05-10,강원,177.86,0.22,0.26,16.59,95.67
2021-05-10,충북,190.69,0.15,0.4,25.61,107.02
2021-05-10,충남,184.98,0.18,0.08,22.39,97.72
2021-05-10,전북,192.07,0.12,0.14,19.24,82.77
2021-05-10,전남,177.48,0.06,0.19,2.27,48.79
2021-05-10,경북,169.76,0.1,0.26,13.52,74.55
2021-05-10,경남,170.0,0.16,0.13,10.75,69.52
2021-05-10,제주,176.19,0.12,0.29,33.33,119.05
2021-05-10,기타지방,176.99,0.14,0.18,15.75,80.8
2021-05-17,전국,,,0.28,,
2021-05-17,서울,159.17,0.2,0.22,8.16,88.41
2021-05-17,인천,177.55,0.22,0.62,38.28,123.55
2021-05-17,경기도,164.14,0.22,0.38,18.28,95.26
2021-05-17,부산,175.18,0.11,0.24,7.91,53.69
2021-05-17,대구,172.46,0.34,0.24,2.02,57.94
2021-05-17,광주,184.55,0.1,0.19,2.13,74.51
2021-05-17,대전,170.0,0.1,0.22,16.45,96.35
2021-05-17,세종,128.0,0.06,0.12,8.0,52.0
2021-05-17,울산,185.96,0.23,0.16,4.34,54.09
2021-05-17,강원,172.17,0.14,0.12,20.21,107.71
2021-05-17,충북,189.82,0.11,0.14,31.39,118.1
2021-05-17,충남,182.08,0.04,0.17,20.87,96.7
2021-05-17,전북,189.04,0.19,0.22,23.22,94.76
2021-05-17,전남,184.18,0.14,0.15,2.37,42.3
2021-05-17,경북,167.36,0.1,0.27,11.01,77.47
2021-05-17,경남,166.34,0.14,0.07,11.91,70.98
2021-05-17,제주,177.27,0.41,0.46,31.82,118.18
2021-05-17,기타지방,175.2,0.12,0.16,16.78,84.66
2021-05-24,전국,,,0.39,,
2021-05-24,서울,161.49,0.3,0.35,11.61,92.81
2021-05-24,인천,180.43,0.4,0.81,34.82,120.66
2021-05-24,경기도,166.24,0.22,0.51,21.24,98.04
2021-05-24,부산,173.37,0.19,0.45,11.45,62.0
2021-05-24,대구,170.23,0.25,0.21,4.28,60.39
2021-05-24,광주,191.1,0.19,0.18,6.89,80.75
2021-05-24,대전,184.07,0.16,0.35,17.49,98.48
2021-05-24,세종,111.54,0.05,0.14,7.69,46.15
2021-05-24,울산,187.9,0.18,0.2,7.39,64.55
2021-05-24,강원,175.37,0.19,0.27,18.41,102.48
2021-05-24,충북,187.78,0.23,0.24,37.44,119.1
2021-05-24,충남,185.97,0.13,0.38,32.38,109.04
2021-05-24,전북,187.53,0.29,0.29,20.98,90.36
2021-05-24,전남,182.21,0.02,0.08,4.28,46.19
2021-05-24,경북,164.98,0.05,0.24,15.18,77.88
2021-05-24,경남,166.18,0.13,0.2,11.19,75.59
2021-05-24,제주,161.9,0.19,0.29,38.1,123.81
2021-05-24,기타지방,174.33,0.14,0.24,19.41,87.14
2021-05-31,전국,,,0.38,,
2021-05-31,서울,163.81,0.35,0.37,13.82,95.99
2021-05-31,인천,178.81,0.63,0.77,31.53,115.31
2021-05-31,경기도,169.76,0.28,0.53,19.4,96.98
2021-05-31,부산,180.09,0.1,0.4,11.88,68.74
2021-05-31,대구,170.11,0.19,0.28,2.54,49.3
2021-05-31,광주,185.6,0.19,0.2,9.47,80.41
2021-05-31,대전,179.93,0.21,0.2,12.0,95.65
2021-05-31,세종,119.23,0.06,0.16,0.0,50.0
2021-05-31,울산,178.09,0.24,0.12,2.32,44.98
2021-05-31,강원,170.69,0.21,0.18,15.45,106.17
2021-05-31,충북,182.58,0.13,0.21,36.66,118.34
2021-05-31,충남,185.87,0.1,0.1,23.17,99.81
2021-05-31,전북,186.1,0.16,0.21,24.45,98.3
2021-05-31,전남,182.21,0.12,0.08,2.37,48.56
2021-05-31,경북,172.17,0.09,0.17,18.11,86.01
2021-05-31,경남,171.72,0.12,0.25,11.06,79.51
2021-05-31,제주,163.64,0.4,0.55,40.91,122.73
2021-05-31,기타지방,175.89,0.13,0.19,18.11,89.39
2021-06-07,전국,,,0.42,,
2021-06-07,서울,164.39,0.36,0.38,15.39,97.58
2021-06-07,인천,180.65,0.42,0.76,32.85,119.56
2021-06-07,경기도,167.12,0.36,0.59,23.31,102.08
2021-06-07,부산,175.93,0.14,0.37,15.25,72.52
2021-06-07,대구,170.26,0.24,0.19,3.41,58.53
2021-06-07,광주,188.77,0.13,0.25,7.38,88.99
2021-06-07,대전,181.6,0.35,0.51,15.77,102.08
2021-06-07,세종,126.92,0.01,0.13,3.85,30.77
2021-06-07,울산,181.34,0.28,0.08,5.4,49.34
2021-06-07,강원,177.14,0.41,0.54,15.35,101.85
2021-06-07,충북,182.02,0.24,0.25,45.12,128.53
2021-06-07,충남,182.31,0.29,0.36,28.23,106.55
2021-06-07,전북,188.78,0.3,0.37,23.73,101.56
2021-06-07,전남,181.52,0.02,0.01,2.37,48.95
2021-06-07,경북,171.26,0.1,0.19,11.2,72.75
2021-06-07,경남,170.68,0.12,0.17,11.94,80.14
2021-06-07,제주,171.43,1.22,0.71,38.1,119.05
2021-06-07,기타지방,176.06,0.2,0.25,19.09,89.3
2021-06-14,전국,,,0.39,,
2021-06-14,서울,163.77,0.26,0.33,15.9,97.68
2021-06-14,인천,179.98,0.36,0.62,33.18,119.29
2021-06-14,경기도,168.43,0.35,0.56,21.77,101.91
2021-06-14,부산,173.7,0.15,0.39,15.24,76.31
2021-06-14,대구,173.4,0.17,0.12,4.1,59.89
2021-06-14,광주,186.77,0.16,0.26,11.78,88.63
2021-06-14,대전,181.11,0.2,0.39,20.23,107.28
2021-06-14,세종,123.08,-0.03,0.07,0.0,23.08
2021-06-14,울산,183.96,0.2,0.27,7.04,52.97
2021-06-14,강원,181.92,0.28,0.4,20.64,105.19
2021-06-14,충북,183.19,0.29,0.27,46.56,129.71
2021-06-14,충남,181.82,0.34,0.31,25.7,101.01
2021-06-14,전북,183.25,0.41,0.27,23.85,101.99
2021-06-14,전남,179.18,0.28,0.26,7.6,51.22
2021-06-14,경북,168.29,0.18,0.25,16.21,81.55
2021-06-14,경남,166.14,0.28,0.15,11.74,79.5
2021-06-14,제주,171.43,0.43,0.91,38.1,123.81
2021-06-14,기타지방,173.88,0.28,0.25,20.24,89.94
2021-06-21,전국,,,0.36,,
2021-06-21,서울,168.16,0.32,0.34,15.65,98.25
2021-06-21,인천,180.24,0.41,0.6,32.85,119.55
2021-06-21,경기도,171.43,0.33,0.5,23.0,104.37
2021-06-21,부산,172.75,0.14,0.38,13.55,77.15
2021-06-21,대구,168.96,0.08,0.13,5.63,66.52
2021-06-21,광주,194.39,0.22,0.17,8.34,91.31
2021-06-21,대전,180.03,0.25,0.32,19.46,109.98
2021-06-21,세종,107.69,0.03,0.08,3.85,34.62
2021-06-21,울산,181.82,0.33,0.11,6.13,60.38
2021-06-21,강원,171.59,0.14,0.31,23.94,109.25
2021-06-21,충북,183.15,0.4,0.35,40.64,122.22
2021-06-21,충남,181.24,0.27,0.14,36.03,118.29
2021-06-21,전북,181.7,0.24,0.3,31.23,113.54
2021-06-21,전남,178.98,0.28,0.17,7.6,53.08
2021-06-21,경북,171.92,0.21,0.28,19.17,81.29
2021-06-21,경남,170.18,0.31,0.21,12.5,82.47
2021-06-21,제주,172.73,0.3,0.61,40.91,127.27
2021-06-21,기타지방,173.79,0.26,0.24,23.15,94.89
2021-06-28,전국,,,0.42,,
2021-06-28,서울,167.46,0.33,0.4,16.36,99.69
2021-06-28,인천,176.98,0.6,0.78,25.58,111.9
2021-06-28,경기도,174.91,0.38,0.55,23.44,105.85
2021-06-28,부산,177.23,0.33,0.44,10.8,69.97
2021-06-28,대구,168.25,0.11,0.12,3.07,55.99
2021-06-28,광주,192.79,0.23,0.22,14.2,96.15
2021-06-28,대전,188.31,0.41,0.53,15.41,102.69
2021-06-28,세종,126.92,-0.06,0.05,3.85,34.62
2021-06-28,울산,184.97,0.39,0.24,11.92,71.05
2021-06-28,강원,174.68,0.14,0.43,29.38,111.62
2021-06-28,충북,176.23,0.48,0.3,40.66,122.35
2021-06-28,충남,179.99,0.2,0.22,31.14,113.37
2021-06-28,전북,187.12,0.52,0.3,29.04,108.59
2021-06-28,전남,182.24,0.17,0.16,7.6,49.3
2021-06-28,경북,169.54,0.18,0.23,18.46,81.32
2021-06-28,경남,172.18,0.11,0.17,13.1,89.18
2021-06-28,제주,168.18,0.53,0.66,31.82,118.18
2021-06-28,기타지방,174.82,0.23,0.24,22.49,95.01
2021-07-05,전국,,,0.35,,
2021-07-05,서울,172.71,0.22,0.27,18.73,102.0
2021-07-05,인천,189.53,0.21,0.54,28.32,113.59
2021-07-05,경기도,173.09,0.33,0.51,27.62,110.3
2021-07-05,부산,164.72,0.27,0.4,14.78,83.37
2021-07-05,대구,173.96,0.3,0.17,4.3,55.62
2021-07-05,광주,150.37,0.01,0.16,19.29,105.79
2021-07-05,대전,184.92,0.43,0.38,15.83,98.29
2021-07-05,세종,142.31,-0.0,0.0,7.69,57.69
2021-07-05,울산,189.5,0.16,0.14,7.9,80.68
2021-07-05,강원,184.9,0.05,0.38,32.17,122.85
2021-07-05,충북,183.66,0.24,0.41,46.61,126.48
2021-07-05,충남,182.55,0.14,0.32,26.92,109.92
2021-07-05,전북,184.94,0.2,0.16,23.52,105.51
2021-07-05,전남,176.66,0.05,0.04,9.42,53.15
2021-07-05,경북,167.57,0.22,0.16,16.92,91.9
2021-07-05,경남,169.82,0.21,0.15,17.78,89.52
2021-07-05,제주,190.0,0.27,0.31,20.0,110.0
2021-07-05,기타지방,176.07,0.17,0.21,23.14,97.96
2021-07-12,전국,,,0.38,,
2021-07-12,서울,171.19,0.22,0.27,19.95,104.88
2021-07-12,인천,186.3,0.31,0.55,22.87,109.28
2021-07-12,경기도,174.06,0.31,0.59,29.56,116.73
2021-07-12,부산,164.89,0.27,0.43,15.85,87.13
2021-07-12,대구,175.42,0.35,0.19,2.75,50.18
2021-07-12,광주,179.97,0.06,0.17,33.35,114.58
2021-07-12,대전,185.39,0.29,0.4,16.6,98.98
2021-07-12,세종,126.92,-0.03,-0.02,7.69,46.15
2021-07-12,울산,188.76,0.14,0.11,7.87,83.04
2021-07-12,강원,182.38,0.22,0.61,34.74,118.16
2021-07-12,충북,190.15,0.36,0.38,53.23,141.92
2021-07-12,충남,179.79,0.18,0.36,26.09,108.45
2021-07-12,전북,188.34,0.02,0.12,17.86,94.83
2021-07-12,전남,179.9,0.07,0.06,4.07,55.23
2021-07-12,경북,171.62,0.16,0.18,16.03,88.41
2021-07-12,경남,175.59,0.23,0.16,20.28,98.82
2021-07-12,제주,180.95,0.3,0.62,28.57,123.81
2021-07-12,기타지방,178.27,0.18,0.24,23.44,99.64
2021-07-19,전국,,,0.41,,
2021-07-19,서울,168.93,0.27,0.36,19.82,103.43
2021-07-19,인천,188.07,0.37,0.63,25.62,116.81
2021-07-19,경기도,175.14,0.44,0.6,29.81,117.52
2021-07-19,부산,169.95,0.29,0.4,17.49,93.56
2021-07-19,대구,171.65,0.13,0.1,2.73,48.6
2021-07-19,광주,159.18,0.05,0.16,23.81,108.82
2021-07-19,대전,184.71,0.38,0.54,13.16,97.68
2021-07-19,세종,138.46,-0.0,-0.01,7.69,46.15
2021-07-19,울산,190.41,0.19,0.22,6.29,80.99
2021-07-19,강원,185.59,0.09,0.56,42.76,129.16
2021-07-19,충북,192.47,0.09,0.32,50.85,138.6
2021-07-19,충남,182.97,0.13,0.18,28.9,112.33
2021-07-19,전북,186.98,0.1,0.24,25.41,102.2
2021-07-19,전남,184.86,0.14,0.06,5.72,48.1
2021-07-19,경북,169.35,0.3,0.21,18.79,91.87
2021-07-19,경남,174.26,0.33,0.25,22.05,96.78
2021-07-19,제주,190.48,0.34,0.57,33.33,128.57
2021-07-19,기타지방,179.38,0.19,0.24,26.25,101.11
2021-07-26,전국,,,0.39,,
2021-07-26,서울,173.79,0.24,0.27,20.49,106.8
2021-07-26,인천,188.55,0.28,0.58,23.3,111.42
2021-07-26,경기도,174.15,0.39,0.57,31.24,123.12
2021-07-26,부산,164.65,0.15,0.45,15.4,93.42
2021-07-26,대구,181.1,0.25,0.14,2.84,49.21
2021-07-26,광주,158.77,0.15,0.28,26.08,119.07
2021-07-26,대전,178.41,0.31,0.46,12.41,97.8
2021-07-26,세종,119.23,0.0,-0.03,3.85,46.15
2021-07-26,울산,189.91,0.23,0.16,8.95,83.89
2021-07-26,강원,188.61,0.34,0.29,39.28,125.74
2021-07-26,충북,190.4,0.31,0.38,51.55,138.85
2021-07-26,충남,187.24,0.34,0.33,35.57,120.99
2021-07-26,전북,188.11,0.2,0.29,22.58,98.87
2021-07-26,전남,184.25,0.15,0.08,4.13,49.88
2021-07-26,경북,177.44,0.12,0.16,14.73,95.57
2021-07-26,경남,179.22,0.22,0.24,19.3,94.37
2021-07-26,제주,181.82,0.46,1.21,27.27,122.73
2021-07-26,기타지방,181.76,0.23,0.26,25.09,101.71
2021-08-02,전국,,,0.33,,
2021-08-02,서울,184.7,0.17,0.23,15.97,107.19
2021-08-02,인천,193.74,0.26,0.62,27.74,117.67
2021-08-02,경기도,175.72,0.28,0.44,28.87,121.41
2021-08-02,부산,170.85,0.2,0.31,14.55,94.38
2021-08-02,대구,180.22,0.18,0.09,2.71,46.6
2021-08-02,광주,167.61,0.08,0.15,32.06,120.07
2021-08-02,대전,187.96,0.14,0.44,18.03,100.11
2021-08-02,세종,126.92,0.0,-0.01,3.85,50.0
2021-08-02,울산,186.4,0.13,0.21,10.13,86.25
2021-08-02,강원,181.95,0.43,0.41,33.19,118.06
2021-08-02,충북,194.14,0.21,0.39,60.01,147.44
2021-08-02,충남,188.85,0.27,0.3,27.12,114.4
2021-08-02,전북,186.03,0.21,0.31,19.98,98.68
2021-08-02,전남,179.72,0.12,0.03,5.14,58.33
2021-08-02,경북,182.7,0.07,0.06,14.95,95.75
2021-08-02,경남,183.43,0.17,0.26,24.44,106.62
2021-08-02,제주,177.27,0.22,0.16,22.73,118.18
2021-08-02,기타지방,183.26,0.19,0.24,25.3,104.99
2021-08-09,전국,,,0.45,,
2021-08-09,서울,174.63,0.24,0.38,22.92,112.0
2021-08-09,인천,188.93,0.67,0.71,36.14,125.04
2021-08-09,경기도,174.61,0.41,0.65,35.36,125.75
2021-08-09,부산,169.48,0.23,0.4,13.33,90.79
2021-08-09,대구,180.19,0.24,0.14,3.54,46.09
2021-08-09,광주,162.97,0.22,0.42,35.75,123.64
2021-08-09,대전,171.88,0.26,0.36,16.18,100.74
2021-08-09,세종,146.15,0.0,-0.05,7.69,61.54
2021-08-09,울산,187.87,0.36,0.45,4.09,79.32
2021-08-09,강원,188.17,0.2,0.4,33.56,121.08
2021-08-09,충북,185.92,0.23,0.43,62.41,155.91
2021-08-09,충남,188.27,0.25,0.27,27.56,113.39
2021-08-09,전북,183.99,0.1,0.31,27.4,107.3
2021-08-09,전남,175.51,0.03,0.06,3.55,42.78
2021-08-09,경북,172.95,0.13,0.09,28.99,106.84
2021-08-09,경남,186.82,0.28,0.26,25.78,107.11
2021-08-09,제주,177.27,0.7,0.91,22.73,113.64
2021-08-09,기타지방,182.34,0.19,0.25,28.87,107.77
2021-08-16,전국,,,0.39,,
2021-08-16,서울,174.74,0.18,0.34,24.03,112.34
2021-08-16,인천,188.24,0.38,0.81,44.06,133.59
2021-08-16,경기도,176.98,0.31,0.52,40.17,130.94
2021-08-16,부산,172.53,0.24,0.31,24.55,103.54
2021-08-16,대구,183.85,0.19,0.09,3.45,49.21
2021-08-16,광주,169.25,0.12,0.26,35.63,126.54
2021-08-16,대전,171.18,0.23,0.25,22.5,107.37
2021-08-16,세종,152.0,0.04,-0.02,8.0,32.0
2021-08-16,울산,190.47,0.18,0.2,8.48,71.88
2021-08-16,강원,189.49,0.07,0.36,44.26,129.94
2021-08-16,충북,194.31,0.49,0.67,66.9,156.27
2021-08-16,충남,185.2,0.27,0.37,40.72,131.87
2021-08-16,전북,188.5,0.05,0.3,27.09,108.04
2021-08-16,전남,181.62,0.12,0.06,13.98,68.11
2021-08-16,경북,173.97,0.03,0.14,28.2,109.62
2021-08-16,경남,186.56,0.18,0.23,28.69,116.39
2021-08-16,제주,178.95,0.1,0.51,47.37,136.84
2021-08-16,기타지방,184.28,0.17,0.28,34.09,115.71
2021-08-23,전국,,,0.51,,
2021-08-23,서울,171.96,0.29,0.45,23.66,112.25
2021-08-23,인천,184.87,0.47,1.12,42.13,133.1
2021-08-23,경기도,176.07,0.36,0.7,33.64,123.53
2021-08-23,부산,173.93,0.22,0.33,21.97,101.82
2021-08-23,대구,177.07,0.3,0.14,3.85,48.37
2021-08-23,광주,170.74,0.14,0.31,45.12,137.6
2021-08-23,대전,160.75,0.25,0.44,14.83,97.77
2021-08-23,세종,142.31,-0.0,-0.05,11.54,30.77
2021-08-23,울산,192.18,0.09,0.16,7.98,71.05
2021-08-23,강원,183.51,0.14,0.78,39.39,130.07
2021-08-23,충북,189.17,0.23,0.54,74.9,172.36
2021-08-23,충남,182.38,0.41,0.42,34.74,124.05
2021-08-23,전북,180.31,0.17,0.28,25.19,109.64
2021-08-23,전남,175.45,0.15,0.13,12.22,59.55
2021-08-23,경북,178.51,0.16,0.18,24.53,100.4
2021-08-23,경남,182.41,0.32,0.34,30.56,110.67
2021-08-23,제주,180.0,0.37,0.55,30.0,125.0
2021-08-23,기타지방,180.47,0.24,0.35,33.14,112.83
2021-08-30,전국,,,0.49,,
2021-08-30,서울,169.96,0.22,0.41,20.54,108.04
2021-08-30,인천,187.56,0.44,0.76,38.52,129.03
2021-08-30,경기도,174.25,0.38,0.66,31.03,119.07
2021-08-30,부산,174.11,0.23,0.37,19.71,96.46
2021-08-30,대구,180.67,0.34,0.14,0.65,42.01
2021-08-30,광주,179.3,0.21,0.43,43.85,134.01
2021-08-30,대전,160.59,0.47,0.48,18.74,102.62
2021-08-30,세종,134.62,0.0,-0.02,3.85,42.31
2021-08-30,울산,187.41,0.29,0.28,10.57,87.92
2021-08-30,강원,177.4,0.11,0.61,38.35,127.45
2021-08-30,충북,194.63,0.2,0.78,73.9,166.02
2021-08-30,충남,182.43,0.33,0.42,37.44,124.77
2021-08-30,전북,182.12,0.04,0.47,35.35,119.33
2021-08-30,전남,172.49,0.13,0.1,8.82,50.28
2021-08-30,경북,176.42,0.23,0.38,27.46,107.04
2021-08-30,경남,181.7,0.21,0.37,31.47,116.72
2021-08-30,제주,170.0,0.61,0.52,20.0,110.0
2021-08-30,기타지방,179.7,0.19,0.42,34.59,115.13
2021-09-06,전국,,,0.48,,
2021-09-06,서울,166.12,0.29,0.45,18.15,105.01
2021-09-06,인천,185.71,0.48,0.79,34.49,126.63
2021-09-06,경기도,173.7,0.42,0.64,32.07,122.7
2021-09-06,부산,171.71,0.23,0.42,17.1,96.28
2021-09-06,대구,176.74,0.31,0.17,1.04,44.86
2021-09-06,광주,174.33,0.19,0.3,47.84,141.17
2021-09-06,대전,161.63,0.46,0.47,14.85,94.91
2021-09-06,세종,153.85,0.0,-0.01,7.69,53.85
2021-09-06,울산,189.26,0.25,0.32,8.89,80.25
2021-09-06,강원,185.98,0.14,0.39,33.29,125.31
2021-09-06,충북,194.59,0.49,0.48,65.3,157.62
2021-09-06,충남,185.99,0.45,0.46,28.92,117.37
2021-09-06,전북,180.69,0.08,0.3,29.32,115.03
2021-09-06,전남,165.28,0.08,0.07,4.23,30.17
2021-09-06,경북,170.73,0.19,0.37,27.03,113.03
2021-09-06,경남,180.59,0.3,0.29,30.79,114.7
2021-09-06,제주,180.0,0.22,0.66,40.0,135.0
2021-09-06,기타지방,179.88,0.26,0.33,30.96,111.71
2021-09-13,전국,,,0.47,,
2021-09-13,서울,164.15,0.22,0.38,17.6,105.27
2021-09-13,인천,187.33,0.42,0.55,29.01,118.05
2021-09-13,경기도,174.38,0.37,0.64,31.23,120.42
2021-09-13,부산,170.11,0.14,0.36,19.2,98.61
2021-09-13,대구,175.22,0.25,0.17,2.45,41.6
2021-09-13,광주,158.08,0.29,0.52,43.54,133.87
2021-09-13,대전,168.41,0.41,0.46,13.41,84.81
2021-09-13,세종,136.0,0.0,-0.02,4.0,44.0
2021-09-13,울산,187.07,0.17,0.13,6.04,71.91
2021-09-13,강원,174.14,0.32,0.61,33.6,124.42
2021-09-13,충북,192.52,0.45,0.58,75.17,167.15
2021-09-13,충남,179.53,0.37,0.56,37.41,127.3
2021-09-13,전북,181.55,0.18,0.53,23.28,112.43
2021-09-13,전남,164.22,0.11,0.09,11.47,44.83
2021-09-13,경북,167.44,0.28,0.35,21.7,98.8
2021-09-13,경남,176.4,0.28,0.33,31.07,120.66
2021-09-13,제주,176.19,0.29,0.46,28.57,123.81
2021-09-13,기타지방,175.53,0.28,0.41,32.28,114.23
2021-09-27,전국,,,0.55,,
2021-09-27,서울,158.66,0.22,0.44,16.79,102.04
2021-09-27,인천,184.29,0.46,0.89,26.24,111.79
2021-09-27,경기도,169.47,0.43,0.7,24.85,109.93
2021-09-27,부산,173.34,0.22,0.44,17.77,93.39
2021-09-27,대구,174.57,0.1,0.1,1.15,43.21
2021-09-27,광주,167.01,0.46,0.89,42.49,135.49
2021-09-27,대전,170.88,0.47,0.58,14.03,80.04
2021-09-27,세종,144.0,0.0,-0.01,4.0,40.0
2021-09-27,울산,183.08,0.24,0.23,6.81,75.07
2021-09-27,강원,172.63,0.17,0.55,46.78,135.76
2021-09-27,충북,191.33,0.46,0.78,64.3,154.63
2021-09-27,충남,173.17,0.46,0.52,37.28,127.23
2021-09-27,전북,177.56,0.38,0.56,30.26,116.17
2021-09-27,전남,163.76,0.15,0.16,9.08,40.05
2021-09-27,경북,166.66,0.17,0.35,24.3,104.52
2021-09-27,경남,171.48,0.23,0.33,34.93,120.59
2021-09-27,제주,178.95,0.13,1.06,21.05,115.79
2021-09-27,기타지방,172.68,0.28,0.44,34.05,114.33
2021-10-04,전국,,,0.4,,
2021-10-04,서울,160.24,0.13,0.28,11.93,96.94
2021-10-04,인천,186.29,0.26,0.68,32.82,123.36
2021-10-04,경기도,167.23,0.27,0.55,21.07,106.42
2021-10-04,부산,171.02,0.17,0.3,14.27,92.77
2021-10-04,대구,172.84,0.05,0.04,1.31,48.51
2021-10-04,광주,172.96,0.14,0.4,35.53,127.01
2021-10-04,대전,161.62,0.41,0.44,12.32,76.27
2021-10-04,세종,130.77,0.0,0.0,3.85,23.08
2021-10-04,울산,188.63,0.23,0.24,6.47,74.69
2021-10-04,강원,184.37,0.14,0.28,30.1,124.33
2021-10-04,충북,197.29,0.13,0.36,56.1,149.81
2021-10-04,충남,175.53,0.1,0.38,31.93,126.65
2021-10-04,전북,186.88,0.15,0.46,13.36,105.11
2021-10-04,전남,169.06,0.05,0.1,8.29,37.16
2021-10-04,경북,150.55,0.06,0.23,16.65,93.53
2021-10-04,경남,168.51,0.31,0.36,23.15,104.98
2021-10-04,제주,171.43,0.69,0.6,23.81,119.05
2021-10-04,기타지방,172.75,0.16,0.32,24.69,105.06
2021-10-11,전국,,,0.36,,
2021-10-11,서울,157.1,0.14,0.32,11.02,94.5
2021-10-11,인천,185.8,0.43,0.67,24.48,110.63
2021-10-11,경기도,155.71,0.26,0.41,19.05,101.87
2021-10-11,부산,166.14,0.21,0.26,13.98,90.81
2021-10-11,대구,164.92,0.05,0.06,1.38,42.05
2021-10-11,광주,138.36,0.17,0.45,33.4,127.56
2021-10-11,대전,154.65,0.41,0.51,13.94,78.27
2021-10-11,세종,95.65,0.12,0.01,0.0,17.39
2021-10-11,울산,191.72,0.14,0.19,8.06,84.43
2021-10-11,강원,173.81,0.19,0.13,37.94,126.65
2021-10-11,충북,187.23,0.35,0.45,63.06,156.51
2021-10-11,충남,183.06,0.21,0.42,28.22,123.06
2021-10-11,전북,177.92,0.19,0.37,18.26,105.67
2021-10-11,전남,156.04,0.19,0.17,18.43,63.08
2021-10-11,경북,145.48,0.04,0.23,15.38,96.62
2021-10-11,경남,167.79,0.18,0.28,23.61,102.79
2021-10-11,제주,190.48,0.28,0.5,33.33,128.57
2021-10-11,기타지방,167.92,0.19,0.3,26.95,107.47
2021-10-18,전국,,,0.42,,
2021-10-18,서울,151.21,0.18,0.24,7.77,86.07
2021-10-18,인천,183.01,0.38,0.6,23.66,108.16
2021-10-18,경기도,152.37,0.32,0.5,13.67,90.81
2021-10-18,부산,156.32,0.13,0.39,10.26,84.78
2021-10-18,대구,162.88,0.16,0.19,1.06,42.36
2021-10-18,광주,140.65,0.08,0.63,30.06,117.68
2021-10-18,대전,155.11,0.32,0.58,13.9,74.84
2021-10-18,세종,107.69,0.03,0.01,3.85,38.46
2021-10-18,울산,188.71,0.13,0.27,7.19,73.79
2021-10-18,강원,172.69,0.36,0.43,27.32,116.06
2021-10-18,충북,180.78,0.23,0.58,54.39,149.72
2021-10-18,충남,174.79,0.24,0.44,25.39,115.91
2021-10-18,전북,173.2,0.27,0.57,14.15,92.3
2021-10-18,전남,165.59,0.15,0.07,12.02,51.18
2021-10-18,경북,149.5,0.39,0.42,18.53,99.28
2021-10-18,경남,165.83,0.42,0.5,17.56,95.86
2021-10-18,제주,172.73,0.16,0.84,0.0,95.45
2021-10-18,기타지방,166.24,0.3,0.44,22.14,100.87
2021-10-25,전국,,,0.35,,
2021-10-25,서울,147.64,0.21,0.25,6.29,79.41
2021-10-25,인천,181.1,0.24,0.6,16.38,95.75
2021-10-25,경기도,145.56,0.18,0.36,10.02,83.65
2021-10-25,부산,155.1,0.25,0.34,9.7,80.71
2021-10-25,대구,158.7,0.16,0.13,1.28,38.96
2021-10-25,광주,125.02,0.4,0.56,27.74,117.39
2021-10-25,대전,149.07,0.16,0.37,7.66,67.35
2021-10-25,세종,100.0,0.0,-0.01,3.85,34.62
2021-10-25,울산,179.71,0.27,0.26,1.98,61.53
2021-10-25,강원,174.07,0.12,0.64,27.2,121.28
2021-10-25,충북,173.87,0.46,0.46,44.45,133.56
2021-10-25,충남,170.85,0.3,0.46,18.45,106.81
2021-10-25,전북,181.55,0.1,0.2,14.29,93.75
2021-10-25,전남,155.53,0.14,0.14,13.97,49.02
2021-10-25,경북,152.28,0.17,0.21,11.11,88.96
2021-10-25,경남,171.44,0.31,0.39,14.83,95.19
2021-10-25,제주,190.0,0.41,1.06,20.0,120.0
2021-10-25,기타지방,167.03,0.24,0.35,18.72,96.75
2021-11-01,전국,,,0.29,,
2021-11-01,서울,142.02,0.22,0.22,4.48,74.04
2021-11-01,인천,178.04,0.21,0.54,9.13,88.47
2021-11-01,경기도,141.26,0.16,0.28,6.94,79.55
2021-11-01,부산,146.67,0.21,0.18,7.78,76.97
2021-11-01,대구,151.15,0.09,0.05,0.54,37.57
2021-11-01,광주,124.35,0.1,0.26,21.02,108.72
2021-11-01,대전,143.99,0.22,0.33,9.29,72.8
2021-11-01,세종,104.0,0.09,-0.03,0.0,16.0
2021-11-01,울산,184.36,0.2,0.2,2.74,62.98
2021-11-01,강원,169.65,0.15,0.54,28.39,116.62
2021-11-01,충북,173.74,0.33,0.51,37.89,125.51
2021-11-01,충남,173.0,0.41,0.57,21.98,108.15
2021-11-01,전북,176.3,0.26,0.48,11.66,89.23
2021-11-01,전남,149.16,0.07,0.06,12.64,49.44
2021-11-01,경북,162.49,0.25,0.26,10.88,85.29
2021-11-01,경남,165.12,0.36,0.32,13.78,89.86
2021-11-01,제주,171.43,0.69,1.01,0.0,80.95
2021-11-01,기타지방,165.4,0.29,0.38,17.46,92.06
2021-11-08,전국,,,0.25,,
2021-11-08,서울,140.66,0.17,0.19,3.72,68.58
2021-11-08,인천,173.89,0.15,0.26,5.78,78.62
2021-11-08,경기도,137.06,0.19,0.27,5.97,77.45
2021-11-08,부산,144.0,0.14,0.22,7.43,70.55
2021-11-08,대구,146.55,0.08,0.03,0.0,37.11
2021-11-08,광주,138.08,0.24,0.43,25.82,113.42
2021-11-08,대전,141.99,0.17,0.35,4.94,65.49
2021-11-08,세종,107.69,-0.0,-0.05,0.0,15.38
2021-11-08,울산,181.14,0.05,0.08,1.26,55.68
2021-11-08,강원,169.69,0.33,0.69,39.42,129.97
2021-11-08,충북,166.93,0.21,0.4,32.83,114.99
2021-11-08,충남,162.97,0.34,0.49,14.5,96.48
2021-11-08,전북,174.67,0.24,0.29,3.61,81.71
2021-11-08,전남,153.99,0.07,0.11,9.91,47.26
2021-11-08,경북,154.22,0.33,0.19,14.48,86.51
2021-11-08,경남,166.67,0.28,0.24,16.13,86.19
2021-11-08,제주,166.67,0.35,0.72,9.52,95.24
2021-11-08,기타지방,162.64,0.26,0.32,16.63,88.44
2021-11-15,전국,,,0.22,,
2021-11-15,서울,136.89,0.14,0.16,2.73,64.94
2021-11-15,인천,172.43,0.18,0.24,4.11,78.21
2021-11-15,경기도,128.16,0.12,0.21,5.18,73.73
2021-11-15,부산,142.56,0.21,0.16,5.78,67.45
2021-11-15,대구,141.55,0.14,0.04,0.64,30.56
2021-11-15,광주,138.47,0.12,0.4,18.5,99.25
2021-11-15,대전,134.22,0.24,0.3,4.67,64.22
2021-11-15,세종,91.67,-0.1,-0.04,0.0,20.83
2021-11-15,울산,178.2,0.22,0.18,2.92,53.33
2021-11-15,강원,162.83,0.36,0.53,35.18,125.65
2021-11-15,충북,179.03,0.1,0.3,33.62,117.12
2021-11-15,충남,164.11,0.31,0.28,17.36,106.61
2021-11-15,전북,169.6,0.17,0.18,4.59,80.77
2021-11-15,전남,143.28,0.15,0.18,7.78,50.26
2021-11-15,경북,162.61,0.09,0.35,11.24,82.77
2021-11-15,경남,160.83,0.33,0.35,13.79,85.37
2021-11-15,제주,181.82,0.31,0.62,9.09,104.55
2021-11-15,기타지방,161.37,0.22,0.3,15.7,89.61
2021-11-22,전국,,,0.19,,
2021-11-22,서울,140.16,0.15,0.15,3.37,60.24
2021-11-22,인천,171.93,0.25,0.28,4.94,66.87
2021-11-22,경기도,129.17,0.14,0.19,4.48,64.97
2021-11-22,부산,144.52,0.16,0.18,6.57,68.73
2021-11-22,대구,139.29,0.03,0.0,0.41,29.07
2021-11-22,광주,126.55,0.08,0.35,26.45,104.78
2021-11-22,대전,143.28,0.3,0.23,4.72,54.36
2021-11-22,세종,82.61,-0.0,-0.0,0.0,4.35
2021-11-22,울산,183.78,0.25,0.17,3.09,57.54
2021-11-22,강원,183.59,0.38,0.43,27.8,113.57
2021-11-22,충북,180.06,0.48,0.37,31.14,110.73
2021-11-22,충남,161.12,0.24,0.22,10.63,96.63
2021-11-22,전북,171.02,0.32,0.32,8.07,82.8
2021-11-22,전남,148.03,0.07,0.06,5.84,32.15
2021-11-22,경북,167.85,0.32,0.23,8.62,71.46
2021-11-22,경남,160.2,0.14,0.13,14.03,84.74
2021-11-22,제주,180.95,0.16,0.52,4.76,80.95
2021-11-22,기타지방,163.51,0.25,0.23,13.72,82.54
2021-11-29,전국,,,0.16,,
2021-11-29,서울,140.86,0.13,0.14,4.86,59.87
2021-11-29,인천,163.76,0.13,0.29,3.41,54.8
2021-11-29,경기도,129.84,0.11,0.15,3.69,64.37
2021-11-29,부산,139.24,0.15,0.14,4.14,67.22
2021-11-29,대구,133.97,-0.0,-0.0,0.0,28.7
2021-11-29,광주,127.06,0.08,0.21,20.27,99.4
2021-11-29,대전,139.07,0.16,0.16,4.67,47.45
2021-11-29,세종,86.96,0.0,-0.08,0.0,16.17
2021-11-29,울산,176.55,0.21,0.14,1.79,43.36
2021-11-29,강원,180.91,0.11,0.49,27.32,120.95
2021-11-29,충북,176.47,0.27,0.17,27.8,100.32
2021-11-29,충남,161.52,0.1,0.11,12.75,97.0
2021-11-29,전북,173.37,0.06,0.22,5.63,84.24
2021-11-29,전남,154.71,0.11,0.13,5.19,30.14
2021-11-29,경북,162.48,0.16,0.06,8.68,81.57
2021-11-29,경남,162.83,0.17,0.21,10.2,74.86
2021-11-29,제주,165.0,0.43,0.6,10.0,80.0
2021-11-29,기타지방,163.68,0.14,0.18,12.36,80.7
2021-12-06,전국,,,0.15,,
2021-12-06,서울,138.28,0.1,0.1,4.17,57.38
2021-12-06,인천,160.33,0.12,0.27,3.58,43.21
2021-12-06,경기도,128.65,0.15,0.16,3.44,59.86
2021-12-06,부산,135.01,0.11,0.11,3.57,63.53
2021-12-06,대구,136.18,0.01,-0.02,0.0,29.4
2021-12-06,광주,132.07,0.14,0.19,12.59,83.38
2021-12-06,대전,127.61,0.13,0.12,6.77,44.41
2021-12-06,세종,68.0,-0.14,-0.05,4.0,32.0
2021-12-06,울산,176.54,0.12,0.12,3.69,47.43
2021-12-06,강원,175.16,0.16,0.31,21.45,114.19
2021-12-06,충북,172.79,0.36,0.17,21.33,94.85
2021-12-06,충남,155.76,0.15,0.18,9.5,87.55
2021-12-06,전북,180.84,0.06,0.22,7.28,82.53
2021-12-06,전남,148.64,0.06,0.02,2.72,31.91
2021-12-06,경북,166.98,0.17,0.1,9.47,81.31
2021-12-06,경남,160.53,0.27,0.26,11.03,76.57
2021-12-06,제주,176.19,0.06,0.2,9.52,90.48
2021-12-06,기타지방,161.91,0.18,0.18,11.13,79.67
2021-12-13,전국,,,0.12,,
2021-12-13,서울,126.26,0.07,0.07,2.03,51.82
2021-12-13,인천,162.86,0.17,0.27,5.88,55.07
2021-12-13,경기도,123.86,0.09,0.11,1.98,59.51
2021-12-13,부산,130.46,0.16,0.07,4.15,65.5
2021-12-13,대구,133.38,0.04,-0.01,0.0,24.97
2021-12-13,광주,131.84,0.16,0.19,11.67,86.66
2021-12-13,대전,138.21,0.04,0.14,6.17,46.35
2021-12-13,세종,76.92,-0.16,-0.05,0.0,23.08
2021-12-13,울산,172.22,0.07,0.08,3.59,47.86
2021-12-13,강원,171.42,0.07,0.29,19.55,99.46
2021-12-13,충북,165.44,0.31,0.34,13.48,81.85
2021-12-13,충남,146.92,0.08,0.09,11.36,88.57
2021-12-13,전북,170.96,0.24,0.24,4.27,75.05
2021-12-13,전남,143.92,0.02,0.13,5.19,42.33
2021-12-13,경북,157.79,0.11,0.07,8.62,73.01
2021-12-13,경남,159.16,0.27,0.23,9.01,69.48
2021-12-13,제주,145.0,0.11,0.17,5.0,70.0
2021-12-13,기타지방,156.02,0.16,0.18,9.38,73.55
2021-12-20,전국,,,0.12,,
2021-12-20,서울,129.23,0.11,0.08,1.62,50.05
2021-12-20,인천,152.48,0.12,0.2,1.91,42.42
2021-12-20,경기도,121.85,0.08,0.1,1.95,55.62
2021-12-20,부산,130.27,0.17,0.12,2.6,65.51
2021-12-20,대구,123.86,-0.03,0.0,0.0,23.23
2021-12-20,광주,140.93,0.12,0.24,7.38,79.6
2021-12-20,대전,134.01,0.04,0.12,6.02,45.73
2021-12-20,세종,68.0,-0.24,-0.07,0.0,20.0
2021-12-20,울산,174.02,0.13,0.08,1.53,42.5
2021-12-20,강원,181.33,0.15,0.41,15.83,98.2
2021-12-20,충북,162.78,0.25,0.2,12.33,82.2
2021-12-20,충남,150.77,0.21,0.12,6.87,85.06
2021-12-20,전북,172.36,0.16,0.18,0.72,69.59
2021-12-20,전남,147.03,0.09,0.05,3.34,25.7
2021-12-20,경북,159.05,0.12,0.13,6.08,56.32
2021-12-20,경남,158.71,0.38,0.26,6.06,65.9
2021-12-20,제주,147.62,0.07,0.24,4.76,66.67
2021-12-20,기타지방,157.35,0.2,0.19,6.54,67.5
2021-12-27,전국,,,0.09,,
2021-12-27,서울,122.92,0.06,0.07,1.17,50.46
2021-12-27,인천,148.78,0.11,0.09,2.35,42.42
2021-12-27,경기도,118.92,0.06,0.07,1.59,55.19
2021-12-27,부산,125.74,0.08,0.09,3.18,65.51
2021-12-27,대구,123.35,-0.0,-0.02,0.64,25.06
2021-12-27,광주,153.86,0.18,0.34,4.89,74.93
2021-12-27,대전,122.54,0.03,0.1,5.37,46.32
2021-12-27,세종,84.0,-0.22,-0.06,0.0,24.0
2021-12-27,울산,171.54,0.02,0.03,0.0,37.65
2021-12-27,강원,182.23,0.12,0.25,10.73,98.34
2021-12-27,충북,157.11,0.12,0.13,9.83,68.5
2021-12-27,충남,145.64,0.17,0.04,2.53,75.6
2021-12-27,전북,169.01,0.04,0.18,4.89,63.91
2021-12-27,전남,138.25,0.04,0.01,1.3,23.42
2021-12-27,경북,168.99,0.13,0.11,3.81,60.88
2021-12-27,경남,163.85,0.21,0.14,3.1,65.73
2021-12-27,제주,152.38,0.12,0.23,14.29,85.71
2021-12-27,기타지방,158.15,0.12,0.11,4.6,64.63
2022-01-10,전국,,,0.05,,
2022-01-10,서울,119.36,0.06,0.03,1.24,53.17
2022-01-10,인천,135.59,0.06,0.09,0.56,36.05
2022-01-10,경기도,129.22,-0.0,0.03,2.41,48.23
2022-01-10,부산,135.71,0.12,0.08,2.33,51.25
2022-01-10,대구,126.52,-0.05,-0.01,1.23,24.12
2022-01-10,광주,159.03,0.22,0.21,7.52,46.52
2022-01-10,대전,114.65,0.03,-0.01,1.24,39.63
2022-01-10,세종,132.0,-0.18,-0.3,0.0,0.0
2022-01-10,울산,153.56,0.09,0.09,2.74,45.42
2022-01-10,강원,157.29,0.02,0.13,6.49,73.72
2022-01-10,충북,134.32,0.12,0.13,4.66,72.27
2022-01-10,충남,167.95,0.1,0.05,4.83,80.0
2022-01-10,전북,170.91,0.14,0.23,3.73,67.0
2022-01-10,전남,145.9,0.02,0.07,0.0,10.38
2022-01-10,경북,171.09,0.02,0.03,4.01,52.88
2022-01-10,경남,153.27,0.11,0.13,8.67,61.94
2022-01-10,제주,163.64,0.01,0.09,4.55,86.36
2022-01-10,기타지방,157.24,0.07,0.09,5.12,60.17
2022-01-17,전국,,,0.05,,
2022-01-17,서울,121.15,0.05,0.03,1.05,50.58
2022-01-17,인천,131.24,0.05,0.07,0.56,35.73
2022-01-17,경기도,126.4,0.01,0.04,1.77,43.97
2022-01-17,부산,137.2,0.09,0.03,3.12,49.4
2022-01-17,대구,120.3,-0.0,-0.01,2.54,24.79
2022-01-17,광주,157.23,0.15,0.16,6.88,44.31
2022-01-17,대전,118.38,0.03,-0.01,1.19,40.98
2022-01-17,세종,141.67,-0.05,-0.12,0.0,0.0
2022-01-17,울산,161.81,0.14,0.07,1.92,37.09
2022-01-17,강원,166.55,0.1,0.11,10.91,74.83
2022-01-17,충북,139.29,0.05,0.01,4.17,70.86
2022-01-17,충남,174.28,0.12,0.12,6.28,81.16
2022-01-17,전북,179.1,0.17,0.21,2.95,58.18
2022-01-17,전남,155.22,0.01,0.03,0.0,8.56
2022-01-17,경북,171.63,0.07,0.07,3.07,50.51
2022-01-17,경남,161.45,0.09,0.08,10.39,69.28
2022-01-17,제주,144.44,0.04,0.06,11.11,88.89
2022-01-17,기타지방,163.57,0.09,0.08,5.96,60.63
2022-01-24,전국,,,0.04,,
2022-01-24,서울,122.65,0.03,0.03,1.57,52.92
2022-01-24,인천,141.58,0.08,0.09,1.6,36.84
2022-01-24,경기도,128.53,0.02,0.02,1.6,40.29
2022-01-24,부산,139.22,0.12,0.03,3.31,49.62
2022-01-24,대구,119.86,-0.02,-0.03,1.57,22.31
2022-01-24,광주,145.84,0.03,0.06,3.89,37.65
2022-01-24,대전,117.48,0.0,-0.03,0.8,35.03
2022-01-24,세종,107.69,-0.75,-0.17,0.0,0.0
2022-01-24,울산,164.13,0.11,0.08,0.9,29.01
2022-01-24,강원,163.47,0.18,0.2,9.22,82.78
2022-01-24,충북,144.78,0.04,0.07,8.17,73.0
2022-01-24,충남,166.27,0.04,0.1,4.08,79.63
2022-01-24,전북,185.02,0.21,0.16,1.48,65.4
2022-01-24,전남,171.48,0.0,0.01,0.0,5.06
2022-01-24,경북,172.48,0.09,0.1,5.36,56.9
2022-01-24,경남,153.2,0.12,0.07,7.9,68.03
2022-01-24,제주,160.0,0.08,0.13,10.0,85.0
2022-01-24,기타지방,161.86,0.07,0.09,5.39,62.38
2022-02-07,전국,,,0.04,,
2022-02-07,서울,119.5,0.01,0.02,1.32,53.64
2022-02-07,인천,130.18,0.05,0.08,1.82,34.3
2022-02-07,경기도,128.21,0.04,0.01,2.12,42.52
2022-02-07,부산,143.6,0.12,0.04,3.5,53.89
2022-02-07,대구,116.94,-0.04,-0.04,3.64,25.68
2022-02-07,광주,162.69,0.15,0.08,10.03,58.2
2022-02-07,대전,102.45,0.04,-0.01,1.11,31.59
2022-02-07,세종,86.36,-0.74,-0.04,0.0,0.0
2022-02-07,울산,156.33,0.11,0.02,0.76,32.22
2022-02-07,강원,171.0,0.42,0.18,5.03,86.43
2022-02-07,충북,136.2,0.11,0.12,8.73,72.01
2022-02-07,충남,174.62,0.13,0.09,7.52,77.0
2022-02-07,전북,179.64,0.24,0.17,2.26,62.65
2022-02-07,전남,163.55,0.02,0.08,0.0,4.64
2022-02-07,경북,176.7,0.1,0.02,3.11,50.72
2022-02-07,경남,151.52,0.27,0.16,8.03,66.37
2022-02-07,제주,150.0,0.08,0.27,0.0,55.0
2022-02-07,기타지방,160.73,0.15,0.12,5.32,60.07
2022-02-14,전국,,,0.03,,
2022-02-14,서울,120.45,0.02,0.01,2.14,54.55
2022-02-14,인천,137.75,0.01,0.03,2.0,37.01
2022-02-14,경기도,129.17,-0.01,0.01,1.98,41.43
2022-02-14,부산,142.69,0.05,0.04,4.16,50.44
2022-02-14,대구,114.68,-0.06,-0.04,1.29,21.73
2022-02-14,광주,158.55,0.11,0.13,3.1,55.05
2022-02-14,대전,99.32,-0.01,-0.05,2.44,27.52
2022-02-14,세종,106.0,-0.04,-0.24,0.0,4.0
2022-02-14,울산,148.06,0.19,0.02,0.76,40.89
2022-02-14,강원,174.6,0.38,0.13,13.5,95.47
2022-02-14,충북,137.68,0.11,0.06,11.67,77.09
2022-02-14,충남,170.33,0.05,0.06,4.66,71.68
2022-02-14,전북,177.2,0.17,0.24,4.34,63.25
2022-02-14,전남,160.62,0.0,0.02,0.0,3.53
2022-02-14,경북,178.06,0.08,0.05,2.4,48.79
2022-02-14,경남,156.53,0.14,0.17,10.38,64.0
2022-02-14,제주,150.0,0.14,0.35,5.0,65.0
2022-02-14,기타지방,162.86,0.12,0.1,6.74,59.92
2022-02-21,전국,,,0.02,,
2022-02-21,서울,122.38,-0.02,0.01,1.73,52.44
2022-02-21,인천,133.89,0.07,0.04,2.55,34.93
2022-02-21,경기도,128.64,0.02,0.0,2.21,38.59
2022-02-21,부산,143.12,0.1,0.03,1.89,43.77
2022-02-21,대구,113.68,-0.06,-0.04,1.4,12.79
2022-02-21,광주,145.83,-0.0,0.07,3.33,33.05
2022-02-21,대전,102.17,-0.13,-0.09,2.24,28.97
2022-02-21,세종,116.67,-0.43,-0.3,0.0,0.0
2022-02-21,울산,144.2,0.16,0.0,0.8,34.35
2022-02-21,강원,170.54,0.28,0.15,14.74,101.63
2022-02-21,충북,152.42,0.05,0.06,13.31,85.88
2022-02-21,충남,169.52,0.03,0.04,6.78,71.23
2022-02-21,전북,177.97,0.2,0.28,8.15,69.66
2022-02-21,전남,171.48,0.08,0.04,0.0,7.25
2022-02-21,경북,171.57,0.05,0.02,5.7,54.47
2022-02-21,경남,156.65,0.16,0.11,10.02,66.55
2022-02-21,제주,152.63,-0.0,0.02,10.53,63.16
2022-02-21,기타지방,163.85,0.1,0.08,8.27,63.73
2022-02-28,전국,,,0.02,,
2022-02-28,서울,120.09,-0.0,0.01,1.99,55.56
2022-02-28,인천,129.23,0.03,0.01,1.03,34.24
2022-02-28,경기도,130.13,0.01,0.02,1.75,40.57
2022-02-28,부산,140.63,0.06,0.03,1.8,43.74
2022-02-28,대구,107.09,-0.06,-0.03,3.0,20.37
2022-02-28,광주,142.66,0.03,0.02,3.59,31.56
2022-02-28,대전,104.9,-0.02,-0.07,1.08,28.29
2022-02-28,세종,128.0,-0.25,-0.06,0.0,0.0
2022-02-28,울산,142.32,0.05,-0.01,0.76,29.12
2022-02-28,강원,167.99,0.35,0.14,14.56,102.94
2022-02-28,충북,150.08,0.06,0.06,13.73,81.1
2022-02-28,충남,173.75,0.09,0.03,4.31,72.58
2022-02-28,전북,176.51,0.15,0.13,8.75,68.41
2022-02-28,전남,158.39,0.02,0.04,0.0,3.49
2022-02-28,경북,171.4,0.09,0.07,3.32,53.63
2022-02-28,경남,154.28,0.16,0.11,9.05,68.11
2022-02-28,제주,157.14,0.19,0.13,9.52,76.19
2022-02-28,기타지방,162.56,0.11,0.08,7.41,63.52
2022-03-07,전국,,,0.02,,
2022-03-07,서울,120.58,-0.0,0.01,1.98,52.29
2022-03-07,인천,129.31,0.03,-0.01,3.6,38.23
2022-03-07,경기도,127.2,0.0,0.01,2.4,39.51
2022-03-07,부산,143.59,0.07,0.05,2.66,42.73
2022-03-07,대구,112.49,-0.03,-0.07,0.64,20.0
2022-03-07,광주,146.63,0.01,0.15,4.69,37.01
2022-03-07,대전,96.71,-0.0,-0.12,0.62,25.36
2022-03-07,세종,130.77,-0.44,-0.04,0.0,3.85
2022-03-07,울산,141.46,0.06,0.0,2.02,36.42
2022-03-07,강원,183.59,0.28,0.04,11.14,91.28
2022-03-07,충북,148.57,0.03,0.07,12.77,74.52
2022-03-07,충남,172.41,0.12,0.04,10.86,80.93
2022-03-07,전북,178.45,0.11,0.22,7.26,65.91
2022-03-07,전남,154.74,0.09,0.03,3.29,14.53
2022-03-07,경북,168.73,0.06,0.06,7.47,58.7
2022-03-07,경남,154.93,0.22,0.12,8.77,66.38
2022-03-07,제주,161.9,0.07,0.22,4.76,76.19
2022-03-07,기타지방,163.35,0.11,0.09,8.54,64.11
2022-03-14,전국,,,0.03,,
2022-03-14,서울,123.1,0.01,0.01,2.82,53.78
2022-03-14,인천,135.31,0.02,0.01,1.82,37.04
2022-03-14,경기도,128.37,0.02,0.01,2.45,41.21
2022-03-14,부산,143.15,0.07,0.06,2.56,45.82
2022-03-14,대구,105.89,-0.07,-0.04,1.31,24.9
2022-03-14,광주,147.55,0.04,0.1,1.23,38.51
2022-03-14,대전,99.18,-0.07,-0.02,2.97,35.27
2022-03-14,세종,123.08,-0.08,-0.09,0.0,0.0
2022-03-14,울산,142.12,0.04,0.03,0.76,36.98
2022-03-14,강원,181.75,0.34,0.18,12.91,98.49
2022-03-14,충북,144.61,0.1,0.09,13.69,80.73
2022-03-14,충남,170.12,0.16,0.09,6.75,70.81
2022-03-14,전북,183.04,0.21,0.24,10.57,69.48
2022-03-14,전남,159.75,0.05,0.05,4.61,15.73
2022-03-14,경북,165.92,0.1,0.08,9.03,62.49
2022-03-14,경남,147.23,0.16,0.13,9.06,64.05
2022-03-14,제주,142.11,0.1,0.22,5.26,73.68
2022-03-14,기타지방,160.48,0.15,0.12,8.98,64.12
2022-03-21,전국,,,0.04,,
2022-03-21,서울,123.24,0.01,0.02,2.78,57.66
2022-03-21,인천,138.52,0.05,-0.0,1.24,32.56
2022-03-21,경기도,127.78,0.02,0.02,2.95,42.7
2022-03-21,부산,139.15,0.13,0.04,3.18,45.6
2022-03-21,대구,108.52,-0.08,-0.06,1.28,17.97
2022-03-21,광주,142.69,0.11,0.13,2.52,40.48
2022-03-21,대전,102.81,-0.0,-0.0,2.21,30.75
2022-03-21,세종,115.38,-0.01,-0.14,0.0,3.85
2022-03-21,울산,141.36,0.11,0.04,2.9,32.44
2022-03-21,강원,185.04,0.26,0.2,10.14,90.48
2022-03-21,충북,143.2,0.1,0.08,14.43,88.16
2022-03-21,충남,167.4,0.06,0.03,9.14,74.69
2022-03-21,전북,174.3,0.17,0.32,8.11,66.84
2022-03-21,전남,146.34,0.02,0.02,2.72,11.49
2022-03-21,경북,175.03,0.07,0.04,15.8,66.81
2022-03-21,경남,149.02,0.19,0.16,9.7,61.24
2022-03-21,제주,161.11,0.02,0.15,11.11,83.33
2022-03-21,기타지방,159.67,0.12,0.12,9.91,64.34
2022-03-28,전국,,,0.05,,
2022-03-28,서울,123.5,0.01,0.02,3.31,59.28
2022-03-28,인천,140.72,0.08,0.03,1.85,30.16
2022-03-28,경기도,131.75,0.04,0.04,3.55,43.32
2022-03-28,부산,142.1,0.08,0.06,4.22,50.2
2022-03-28,대구,105.5,-0.06,-0.08,1.28,19.96
2022-03-28,광주,139.98,0.05,0.1,4.3,63.84
2022-03-28,대전,107.86,-0.03,-0.01,0.77,31.64
2022-03-28,세종,107.69,-0.08,-0.07,0.0,3.85
2022-03-28,울산,148.21,0.07,0.06,2.66,31.89
2022-03-28,강원,186.33,0.37,0.32,11.81,102.75
2022-03-28,충북,139.45,0.1,0.21,14.42,86.09
2022-03-28,충남,170.11,0.14,0.12,10.6,84.6
2022-03-28,전북,167.23,0.3,0.21,13.77,80.44
2022-03-28,전남,157.46,0.03,-0.01,0.0,5.1
2022-03-28,경북,168.73,0.06,0.07,8.16,55.19
2022-03-28,경남,151.17,0.13,0.1,7.33,62.18
2022-03-28,제주,155.0,0.1,0.13,0.0,65.0
2022-03-28,기타지방,159.15,0.14,0.13,8.94,66.2
2022-04-04,전국,,,0.05,,
2022-04-04,서울,123.55,0.01,0.03,4.9,62.19
2022-04-04,인천,136.82,0.04,0.04,1.96,38.02
2022-04-04,경기도,127.6,0.03,0.05,2.93,44.47
2022-04-04,부산,148.4,0.07,0.05,2.94,43.86
2022-04-04,대구,104.33,-0.05,-0.06,0.0,18.3
2022-04-04,광주,139.37,0.04,0.09,5.47,49.37
2022-04-04,대전,106.05,0.01,-0.01,1.33,24.02
2022-04-04,세종,96.0,-0.19,-0.04,0.0,4.0
2022-04-04,울산,146.39,0.06,0.02,3.33,29.11
2022-04-04,강원,174.62,0.28,0.33,22.03,103.29
2022-04-04,충북,137.69,0.04,0.13,19.6,88.63
2022-04-04,충남,168.55,0.16,0.03,9.73,73.13
2022-04-04,전북,176.67,0.17,0.26,12.77,80.83
2022-04-04,전남,164.19,-0.0,-0.01,1.43,16.38
2022-04-04,경북,162.81,0.14,0.12,9.75,48.85
2022-04-04,경남,144.3,0.15,0.12,9.32,62.35
2022-04-04,제주,157.89,0.13,0.07,0.0,68.42
2022-04-04,기타지방,156.59,0.13,0.12,10.93,64.99
2022-04-11,전국,,,0.05,,
2022-04-11,서울,125.54,0.03,0.04,3.68,60.5
2022-04-11,인천,135.61,0.09,0.04,2.2,33.89
2022-04-11,경기도,129.72,0.03,0.03,2.91,40.53
2022-04-11,부산,140.19,0.04,0.06,3.46,44.75
2022-04-11,대구,105.55,-0.07,-0.08,2.26,23.07
2022-04-11,광주,147.15,0.13,0.18,3.44,45.42
2022-04-11,대전,119.44,-0.01,-0.04,0.0,25.23
2022-04-11,세종,120.0,-0.15,-0.04,0.0,4.0
2022-04-11,울산,143.45,0.07,0.01,3.3,27.69
2022-04-11,강원,178.92,0.24,0.15,13.45,105.16
2022-04-11,충북,137.6,0.02,0.07,16.3,83.39
2022-04-11,충남,164.58,0.04,0.04,8.27,76.23
2022-04-11,전북,170.41,0.17,0.32,18.0,77.24
2022-04-11,전남,168.63,-0.01,-0.02,0.0,14.68
2022-04-11,경북,176.31,0.14,0.14,10.3,59.68
2022-04-11,경남,143.33,0.15,0.08,11.21,67.73
2022-04-11,제주,157.89,0.03,0.38,0.0,78.95
2022-04-11,기타지방,158.3,0.1,0.11,10.76,67.47
2022-04-18,전국,,,0.06,,
2022-04-18,서울,127.53,0.05,0.04,3.52,60.58
2022-04-18,인천,141.59,0.09,0.07,3.01,32.77
2022-04-18,경기도,130.37,0.04,0.04,4.04,42.03
2022-04-18,부산,142.28,0.05,0.05,2.69,40.89
2022-04-18,대구,100.11,-0.12,-0.02,1.11,20.56
2022-04-18,광주,142.69,0.12,0.13,4.26,44.21
2022-04-18,대전,113.57,-0.03,-0.01,0.77,22.55
2022-04-18,세종,88.0,-0.19,-0.09,0.0,4.0
2022-04-18,울산,134.61,0.12,0.04,4.22,34.93
2022-04-18,강원,179.76,0.37,0.27,18.88,101.69
2022-04-18,충북,138.79,0.07,0.21,17.47,83.27
2022-04-18,충남,170.4,0.05,0.05,6.02,72.41
2022-04-18,전북,173.42,0.21,0.32,13.57,77.34
2022-04-18,전남,176.29,-0.01,-0.03,0.0,9.65
2022-04-18,경북,175.41,0.09,0.1,7.8,51.92
2022-04-18,경남,141.01,0.15,0.11,10.78,68.61
2022-04-18,제주,155.56,0.01,0.19,0.0,77.78
2022-04-18,기타지방,158.57,0.11,0.13,9.97,65.33
2022-04-25,전국,,,0.05,,
2022-04-25,서울,126.38,0.04,0.04,2.96,61.97
2022-04-25,인천,139.5,0.1,0.06,1.38,25.98
2022-04-25,경기도,127.84,0.06,0.04,3.35,40.8
2022-04-25,부산,138.09,0.05,0.04,2.02,42.21
2022-04-25,대구,104.09,-0.07,-0.03,1.23,21.0
2022-04-25,광주,139.41,0.09,0.16,4.91,42.44
2022-04-25,대전,110.01,-0.01,-0.06,0.77,25.21
2022-04-25,세종,108.0,-0.19,-0.29,0.0,4.0
2022-04-25,울산,141.36,0.11,0.03,5.03,30.95
2022-04-25,강원,177.18,0.3,0.23,12.11,95.79
2022-04-25,충북,142.45,0.1,0.16,11.3,74.47
2022-04-25,충남,173.87,0.06,0.1,11.48,74.18
2022-04-25,전북,166.06,0.22,0.23,10.6,77.86
2022-04-25,전남,168.56,-0.04,-0.01,1.78,5.0
2022-04-25,경북,173.65,0.11,0.07,8.26,54.38
2022-04-25,경남,142.38,0.18,0.12,11.97,72.34
2022-04-25,제주,161.11,0.03,0.26,0.0,66.67
2022-04-25,기타지방,158.59,0.12,0.11,9.72,64.98
2022-05-02,전국,,,0.05,,
2022-05-02,서울,128.24,0.04,0.05,2.94,61.15
2022-05-02,인천,132.87,0.08,0.06,1.99,26.36
2022-05-02,경기도,129.07,0.06,0.03,3.53,42.62
2022-05-02,부산,138.25,0.03,0.02,1.89,41.35
2022-05-02,대구,97.99,-0.18,-0.07,1.06,20.62
2022-05-02,광주,136.08,0.13,0.19,1.97,27.01
2022-05-02,대전,105.9,-0.02,-0.04,0.8,23.49
2022-05-02,세종,96.15,-0.16,-0.18,0.0,3.85
2022-05-02,울산,148.16,0.08,0.05,3.63,30.71
2022-05-02,강원,181.48,0.38,0.21,20.7,113.12
2022-05-02,충북,133.43,0.13,0.12,18.29,87.96
2022-05-02,충남,168.02,0.1,0.08,9.59,69.5
2022-05-02,전북,159.68,0.14,0.28,8.79,69.21
2022-05-02,전남,149.42,-0.01,-0.02,0.0,4.78
2022-05-02,경북,173.91,0.08,0.07,9.73,50.78
2022-05-02,경남,142.79,0.22,0.15,7.13,64.35
2022-05-02,제주,165.0,0.09,0.19,0.0,70.0
2022-05-02,기타지방,154.43,0.14,0.12,9.46,63.51
2022-05-09,전국,,,0.05,,
2022-05-09,서울,131.4,0.07,0.04,3.25,60.46
2022-05-09,인천,140.33,0.07,0.06,1.4,25.09
2022-05-09,경기도,127.23,0.04,0.04,2.83,37.46
2022-05-09,부산,140.07,0.03,0.05,4.18,42.38
2022-05-09,대구,99.41,-0.2,-0.05,0.0,19.99
2022-05-09,광주,131.06,0.08,0.18,3.29,31.03
2022-05-09,대전,110.11,-0.04,0.02,0.73,22.09
2022-05-09,세종,100.0,-0.57,-0.05,0.0,4.0
2022-05-09,울산,149.2,0.11,0.03,2.48,34.51
2022-05-09,강원,190.08,0.25,0.19,16.8,110.88
2022-05-09,충북,135.0,0.11,0.14,16.34,80.26
2022-05-09,충남,165.65,0.02,0.08,8.58,62.79
2022-05-09,전북,165.21,0.22,0.24,13.47,76.1
2022-05-09,전남,169.44,-0.02,-0.03,0.0,4.74
2022-05-09,경북,175.08,0.05,0.0,6.74,53.45
2022-05-09,경남,140.12,0.15,0.09,7.41,61.42
2022-05-09,제주,150.0,0.05,0.29,0.0,77.78
2022-05-09,기타지방,156.68,0.09,0.1,9.04,62.03
2022-05-16,전국,,,0.03,,
2022-05-16,서울,132.71,0.07,0.04,2.98,57.18
2022-05-16,인천,134.62,0.03,0.01,0.8,21.27
2022-05-16,경기도,126.27,0.05,0.01,2.23,34.66
2022-05-16,부산,135.4,0.03,0.01,2.48,37.18
2022-05-16,대구,100.61,-0.23,-0.11,1.28,21.3
2022-05-16,광주,135.73,0.08,0.2,5.27,37.3
2022-05-16,대전,109.03,-0.1,-0.06,2.04,19.48
2022-05-16,세종,80.0,-0.36,-0.45,0.0,4.0
2022-05-16,울산,135.68,0.09,0.03,2.48,32.13
2022-05-16,강원,169.26,0.39,0.23,10.9,101.62
2022-05-16,충북,145.29,0.04,0.03,18.26,81.01
2022-05-16,충남,173.83,0.09,0.05,6.69,65.71
2022-05-16,전북,167.52,0.19,0.23,9.14,68.4
2022-05-16,전남,164.87,0.04,-0.02,3.03,13.79
2022-05-16,경북,171.98,0.1,0.06,4.91,57.35
2022-05-16,경남,142.13,0.13,0.12,6.98,65.42
2022-05-16,제주,155.0,0.06,0.5,5.0,75.0
2022-05-16,기타지방,156.82,0.11,0.08,7.9,63.13
2022-05-23,전국,,,0.03,,
2022-05-23,서울,131.31,0.06,0.05,2.88,52.26
2022-05-23,인천,136.28,-0.04,-0.08,2.35,22.6
2022-05-23,경기도,122.89,0.06,0.01,1.93,31.34
2022-05-23,부산,132.23,0.03,0.04,2.38,32.49
2022-05-23,대구,88.9,-0.21,-0.1,1.36,19.62
2022-05-23,광주,127.72,0.05,0.19,2.44,33.4
2022-05-23,대전,98.99,-0.16,-0.09,0.8,13.03
2022-05-23,세종,73.08,-0.35,-0.15,0.0,3.85
2022-05-23,울산,134.33,0.14,0.01,3.02,32.32
2022-05-23,강원,166.23,0.38,0.33,18.13,102.45
2022-05-23,충북,139.35,0.03,-0.04,17.66,78.23
2022-05-23,충남,167.38,0.07,0.01,4.58,54.44
2022-05-23,전북,155.23,0.2,0.3,10.12,72.6
2022-05-23,전남,159.95,-0.07,-0.04,3.29,18.62
2022-05-23,경북,174.58,0.09,0.09,4.56,56.84
2022-05-23,경남,140.2,0.08,0.13,8.76,66.57
2022-05-23,제주,155.56,0.09,0.49,0.0,72.22
2022-05-23,기타지방,152.58,0.08,0.1,8.58,62.28
2022-05-30,전국,,,0.01,,
2022-05-30,서울,129.49,0.05,0.04,2.03,46.73
2022-05-30,인천,132.38,-0.05,-0.07,0.89,23.66
2022-05-30,경기도,123.84,0.02,-0.01,2.7,33.66
2022-05-30,부산,132.39,0.01,0.05,3.81,34.95
2022-05-30,대구,83.94,-0.26,-0.11,0.7,16.28
2022-05-30,광주,131.51,0.03,0.17,3.3,38.08
2022-05-30,대전,101.77,0.01,-0.13,2.15,20.45
2022-05-30,세종,83.33,-0.11,-0.02,0.0,4.17
2022-05-30,울산,121.63,0.13,-0.01,3.15,35.02
2022-05-30,강원,165.3,0.31,0.24,15.85,106.39
2022-05-30,충북,145.64,0.03,-0.0,21.26,83.76
2022-05-30,충남,166.21,0.05,0.03,8.92,70.53
2022-05-30,전북,152.82,0.13,0.2,15.32,71.17
2022-05-30,전남,157.09,0.0,-0.01,3.21,20.49
2022-05-30,경북,170.24,0.11,0.08,4.37,50.71
2022-05-30,경남,141.48,0.1,0.08,7.58,65.44
2022-05-30,제주,147.06,0.1,0.17,11.76,88.24
2022-05-30,기타지방,152.44,0.09,0.08,9.95,64.77
2022-06-06,전국,,,0.01,,
2022-06-06,서울,128.34,0.04,0.03,2.17,47.42
2022-06-06,인천,131.94,-0.08,-0.12,1.62,22.54
2022-06-06,경기도,122.3,0.03,-0.01,2.07,30.7
2022-06-06,부산,134.8,0.04,0.03,1.11,32.07
2022-06-06,대구,90.05,-0.14,-0.15,1.61,17.63
2022-06-06,광주,130.9,0.03,0.12,1.81,32.71
2022-06-06,대전,106.3,-0.08,-0.07,2.25,19.32
2022-06-06,세종,80.0,-0.15,-0.18,0.0,4.0
2022-06-06,울산,128.34,0.05,0.01,1.16,25.18
2022-06-06,강원,162.57,0.35,0.31,16.06,100.33
2022-06-06,충북,143.85,0.04,0.01,15.57,69.94
2022-06-06,충남,170.31,0.02,0.01,6.27,62.39
2022-06-06,전북,153.04,0.13,0.13,11.67,69.62
2022-06-06,전남,165.41,0.02,-0.02,0.0,20.18
2022-06-06,경북,167.49,0.05,0.02,9.74,58.37
2022-06-06,경남,136.89,0.15,0.1,5.84,63.22
2022-06-06,제주,162.5,0.13,0.3,6.25,68.75
2022-06-06,기타지방,151.92,0.1,0.07,8.4,61.46
2022-06-13,전국,,,-0.01,,
2022-06-13,서울,126.29,0.02,0.02,1.81,39.4
2022-06-13,인천,127.81,-0.06,-0.16,0.26,20.54
2022-06-13,경기도,121.97,0.03,-0.04,1.6,28.82
2022-06-13,부산,134.95,0.03,0.01,1.59,28.83
2022-06-13,대구,89.54,-0.27,-0.16,0.68,15.2
2022-06-13,광주,137.48,0.12,0.13,3.49,32.72
2022-06-13,대전,108.59,-0.08,-0.05,2.25,23.53
2022-06-13,세종,100.0,-0.13,-0.12,0.0,8.0
2022-06-13,울산,125.25,0.0,-0.01,0.0,25.47
2022-06-13,강원,160.67,0.28,0.18,13.82,96.16
2022-06-13,충북,136.9,0.0,0.03,15.15,72.9
2022-06-13,충남,167.95,0.05,0.06,3.85,64.36
2022-06-13,전북,159.07,0.18,0.22,12.25,66.08
2022-06-13,전남,161.44,-0.02,-0.03,6.28,24.1
2022-06-13,경북,170.86,0.17,0.03,9.11,59.73
2022-06-13,경남,141.07,0.05,0.07,9.12,62.98
2022-06-13,제주,157.89,0.13,0.32,10.53,73.68
2022-06-13,기타지방,153.22,0.08,0.08,9.23,61.96
2022-06-20,전국,,,-0.01,,
2022-06-20,서울,124.77,0.05,0.02,1.12,37.41
2022-06-20,인천,125.67,-0.14,-0.12,1.2,18.19
2022-06-20,경기도,120.6,0.02,-0.01,1.26,26.82
2022-06-20,부산,130.84,0.02,0.0,1.66,30.85
2022-06-20,대구,82.29,-0.3,-0.14,1.92,14.25
2022-06-20,광주,129.48,0.08,0.06,5.62,35.56
2022-06-20,대전,107.55,0.0,-0.07,0.56,21.22
2022-06-20,세종,80.0,-0.29,-0.08,4.0,12.0
2022-06-20,울산,133.6,0.05,-0.07,0.0,23.41
2022-06-20,강원,154.42,0.25,0.22,22.81,102.27
2022-06-20,충북,137.12,0.02,-0.0,10.34,66.77
2022-06-20,충남,165.34,0.17,0.0,2.72,58.98
2022-06-20,전북,158.82,0.21,0.16,9.8,59.57
2022-06-20,전남,162.0,-0.02,-0.03,8.6,26.46
2022-06-20,경북,169.1,0.08,0.07,3.5,48.96
2022-06-20,경남,139.59,0.12,0.07,5.04,55.87
2022-06-20,제주,152.63,0.09,0.13,5.26,63.16
2022-06-20,기타지방,150.98,0.1,0.06,7.36,56.98
2022-06-27,전국,,,-0.01,,
2022-06-27,서울,119.53,0.02,0.0,1.33,37.21
2022-06-27,인천,114.92,-0.07,-0.06,0.33,14.2
2022-06-27,경기도,116.98,0.01,-0.02,1.33,26.04
2022-06-27,부산,135.81,0.03,-0.04,1.49,23.79
2022-06-27,대구,79.71,-0.13,-0.11,1.94,16.16
2022-06-27,광주,132.23,0.05,0.08,2.39,25.93
2022-06-27,대전,108.31,-0.05,-0.04,1.5,22.79
2022-06-27,세종,86.96,-0.11,-0.03,0.0,4.35
2022-06-27,울산,133.53,0.06,-0.06,2.22,21.18
2022-06-27,강원,157.9,0.21,0.21,17.6,100.75
2022-06-27,충북,146.62,0.05,0.04,11.72,71.11
2022-06-27,충남,157.39,0.05,0.03,4.63,61.18
2022-06-27,전북,151.07,0.23,0.16,7.58,65.42
2022-06-27,전남,161.37,0.03,0.01,2.87,21.58
2022-06-27,경북,170.92,0.16,0.07,6.05,50.57
2022-06-27,경남,138.46,0.11,0.02,2.97,43.29
2022-06-27,제주,165.0,-0.0,-0.0,10.0,70.0
2022-06-27,기타지방,150.43,0.11,0.06,6.37,54.8
2022-07-04,전국,,,-0.03,,
2022-07-04,서울,119.18,-0.0,0.0,0.69,33.87
2022-07-04,인천,108.04,-0.08,-0.11,0.87,17.57
2022-07-04,경기도,108.46,-0.03,-0.06,1.79,23.25
2022-07-04,부산,126.88,0.02,0.01,1.3,20.15
2022-07-04,대구,85.39,-0.25,-0.08,0.0,17.41
2022-07-04,광주,98.77,0.07,0.04,3.87,37.2
2022-07-04,대전,91.73,-0.08,-0.11,0.0,17.3
2022-07-04,세종,68.0,-0.05,-0.14,0.0,4.0
2022-07-04,울산,132.82,0.04,-0.06,1.58,20.9
2022-07-04,강원,151.05,0.13,0.11,2.9,73.98
2022-07-04,충북,136.16,0.02,0.03,5.39,46.66
2022-07-04,충남,142.5,0.05,0.04,2.83,52.58
2022-07-04,전북,142.92,0.02,0.02,10.18,52.01
2022-07-04,전남,137.26,-0.01,-0.07,6.57,38.71
2022-07-04,경북,172.7,0.12,0.08,0.0,35.94
2022-07-04,경남,139.46,0.06,0.02,4.46,51.84
2022-07-04,제주,160.0,0.0,-0.01,6.67,73.33
2022-07-04,기타지방,143.18,0.05,0.03,4.36,48.61
2022-07-11,전국,,,-0.03,,
2022-07-11,서울,116.71,-0.01,0.0,0.98,32.18
2022-07-11,인천,105.18,-0.09,-0.08,0.54,14.36
2022-07-11,경기도,105.69,-0.02,-0.06,1.26,22.19
2022-07-11,부산,121.3,0.03,-0.03,3.3,20.97
2022-07-11,대구,89.6,-0.2,-0.15,1.52,15.68
2022-07-11,광주,97.48,0.02,0.05,3.68,37.81
2022-07-11,대전,98.94,-0.04,-0.07,0.0,9.76
2022-07-11,세종,68.0,-0.53,-0.22,0.0,8.0
2022-07-11,울산,120.88,0.04,-0.03,0.86,30.09
2022-07-11,강원,148.86,0.14,0.07,4.34,73.7
2022-07-11,충북,147.47,0.2,0.02,12.72,62.05
2022-07-11,충남,145.97,0.04,0.0,2.21,54.68
2022-07-11,전북,135.63,0.0,0.03,6.97,40.04
2022-07-11,전남,149.13,-0.01,-0.12,2.87,29.17
2022-07-11,경북,176.0,0.14,0.02,1.28,32.44
2022-07-11,경남,145.88,0.03,0.02,5.21,52.93
2022-07-11,제주,146.15,0.0,-0.0,15.38,69.23
2022-07-11,기타지방,146.77,0.05,0.0,4.98,48.18
2022-07-18,전국,,,-0.05,,
2022-07-18,서울,112.95,-0.01,-0.02,0.79,31.06
2022-07-18,인천,102.23,-0.05,-0.13,0.88,20.76
2022-07-18,경기도,97.13,-0.05,-0.08,1.39,22.12
2022-07-18,부산,116.87,-0.01,-0.04,1.57,21.56
2022-07-18,대구,84.81,-0.1,-0.06,0.64,14.06
2022-07-18,광주,90.52,0.01,0.0,0.81,34.35
2022-07-18,대전,92.9,-0.05,-0.18,0.62,19.62
2022-07-18,세종,72.0,-0.28,-0.03,0.0,4.0
2022-07-18,울산,128.72,0.03,-0.03,0.0,19.37
2022-07-18,강원,154.86,0.18,0.15,3.02,80.02
2022-07-18,충북,141.1,0.07,0.02,5.9,44.4
2022-07-18,충남,145.84,0.04,0.01,1.53,57.12
2022-07-18,전북,139.95,0.04,0.08,6.36,40.08
2022-07-18,전남,141.65,-0.0,-0.1,3.34,29.03
2022-07-18,경북,169.34,0.09,0.04,2.14,30.83
2022-07-18,경남,147.97,0.02,-0.01,5.3,56.11
2022-07-18,제주,158.82,0.0,0.02,5.88,70.59
2022-07-18,기타지방,146.41,0.04,0.02,3.97,47.59
2022-07-25,전국,,,-0.05,,
2022-07-25,서울,109.88,-0.02,-0.03,0.83,29.59
2022-07-25,인천,96.24,-0.1,-0.06,1.88,20.26
2022-07-25,경기도,97.45,-0.05,-0.05,0.97,21.09
2022-07-25,부산,114.71,0.03,-0.02,1.45,16.85
2022-07-25,대구,79.91,-0.22,-0.17,0.76,11.11
2022-07-25,광주,98.14,0.02,0.05,3.06,24.57
2022-07-25,대전,92.64,-0.19,-0.27,0.0,15.5
2022-07-25,세종,72.0,-0.43,-0.31,0.0,8.0
2022-07-25,울산,129.26,0.05,-0.05,1.53,26.14
2022-07-25,강원,137.95,0.14,0.16,3.09,78.25
2022-07-25,충북,141.35,-0.01,-0.08,8.75,46.06
2022-07-25,충남,144.42,-0.0,0.02,2.14,53.87
2022-07-25,전북,135.61,0.05,0.08,5.77,36.35
2022-07-25,전남,136.45,-0.0,-0.02,0.0,27.35
2022-07-25,경북,170.44,0.06,0.02,1.24,35.67
2022-07-25,경남,146.34,0.03,-0.01,4.71,52.47
2022-07-25,제주,147.37,0.0,-0.0,5.26,57.89
2022-07-25,기타지방,143.43,0.02,0.0,3.75,46.19
2022-08-01,전국,,,-0.03,,
2022-08-01,서울,107.69,-0.01,-0.01,0.7,28.91
2022-08-01,인천,102.96,-0.04,-0.06,1.29,18.2
2022-08-01,경기도,100.04,-0.03,-0.04,0.86,19.2
2022-08-01,부산,117.9,0.0,-0.03,1.42,16.06
2022-08-01,대구,83.69,-0.04,-0.05,0.0,12.74
2022-08-01,광주,99.27,0.0,0.03,0.0,18.36
2022-08-01,대전,88.9,-0.07,-0.13,0.0,10.42
2022-08-01,세종,88.46,-0.05,-0.16,0.0,3.85
2022-08-01,울산,127.44,0.05,-0.02,1.88,30.52
2022-08-01,강원,129.48,0.11,0.06,1.18,79.87
2022-08-01,충북,135.34,0.02,0.02,6.87,40.71
2022-08-01,충남,145.45,0.03,0.04,3.69,55.52
2022-08-01,전북,137.79,0.02,0.02,7.24,39.81
2022-08-01,전남,142.33,-0.03,-0.1,0.0,28.87
2022-08-01,경북,174.3,0.06,0.03,4.14,37.36
2022-08-01,경남,144.64,0.02,-0.02,6.1,57.72
2022-08-01,제주,142.24,0.0,0.0,0.0,42.24
2022-08-01,기타지방,143.02,0.03,0.0,4.45,47.69
2022-08-08,전국,,,-0.06,,
2022-08-08,서울,101.6,-0.05,-0.04,1.08,28.58
2022-08-08,인천,95.0,-0.07,-0.06,0.36,16.18
2022-08-08,경기도,93.2,-0.1,-0.08,1.15,18.62
2022-08-08,부산,111.43,-0.04,-0.12,0.82,20.81
2022-08-08,대구,79.63,-0.27,-0.16,0.75,8.65
2022-08-08,광주,96.82,0.01,0.03,1.1,16.22
2022-08-08,대전,82.05,-0.08,-0.11,1.74,16.44
2022-08-08,세종,68.0,-0.11,-0.16,0.0,8.0
2022-08-08,울산,126.6,0.01,-0.03,0.71,27.9
2022-08-08,강원,135.08,0.04,0.02,0.0,69.74
2022-08-08,충북,134.54,0.01,-0.01,1.21,23.77
2022-08-08,충남,139.89,0.03,0.0,2.98,48.98
2022-08-08,전북,135.73,0.04,0.03,5.4,41.23
2022-08-08,전남,135.3,-0.05,-0.06,1.45,31.04
2022-08-08,경북,171.14,0.07,0.01,2.2,33.95
2022-08-08,경남,147.05,0.0,-0.02,1.92,48.8
2022-08-08,제주,138.92,0.0,-0.0,0.0,44.46
2022-08-08,기타지방,141.09,0.02,-0.01,2.16,41.74
2022-08-15,전국,,,-0.05,,
2022-08-15,서울,107.77,-0.04,-0.04,1.3,31.5
2022-08-15,인천,108.62,-0.08,-0.06,0.56,22.09
2022-08-15,경기도,96.69,-0.07,-0.08,1.6,19.53
2022-08-15,부산,108.37,-0.01,-0.02,1.33,19.73
2022-08-15,대구,83.24,-0.18,-0.09,0.61,13.54
2022-08-15,광주,93.36,-0.03,-0.02,0.0,11.56
2022-08-15,대전,83.5,-0.04,-0.09,0.0,14.09
2022-08-15,세종,78.57,-0.23,-0.15,0.0,7.14
2022-08-15,울산,123.29,0.01,-0.05,1.72,24.77
2022-08-15,강원,137.75,0.04,0.01,0.0,70.69
2022-08-15,충북,143.07,-0.01,0.01,5.05,24.71
2022-08-15,충남,136.8,0.03,0.01,2.24,46.36
2022-08-15,전북,135.42,0.06,0.03,3.44,32.26
2022-08-15,전남,145.83,-0.01,-0.01,1.12,30.03
2022-08-15,경북,163.39,0.06,0.02,3.39,31.02
2022-08-15,경남,149.33,0.0,-0.01,2.56,51.6
2022-08-15,제주,139.14,0.0,0.04,4.31,47.93
2022-08-15,기타지방,142.63,0.01,0.0,2.59,40.68
2022-08-22,전국,,,-0.06,,
2022-08-22,서울,100.82,-0.04,-0.04,0.85,26.33
2022-08-22,인천,88.06,-0.06,-0.07,1.03,16.68
2022-08-22,경기도,90.05,-0.09,-0.08,1.09,17.05
2022-08-22,부산,107.85,-0.02,-0.05,1.39,18.28
2022-08-22,대구,78.8,-0.12,-0.13,0.0,9.78
2022-08-22,광주,86.19,0.0,-0.03,1.38,16.47
2022-08-22,대전,71.94,-0.05,-0.14,1.46,10.94
2022-08-22,세종,69.23,-0.2,-0.11,0.0,7.69
2022-08-22,울산,128.91,-0.0,-0.03,3.15,29.27
2022-08-22,강원,135.96,0.04,0.0,4.04,62.31
2022-08-22,충북,142.42,-0.07,-0.02,6.18,29.37
2022-08-22,충남,135.57,0.02,-0.02,3.11,53.11
2022-08-22,전북,128.4,0.07,0.01,2.7,31.41
2022-08-22,전남,137.86,-0.0,0.01,1.38,26.65
2022-08-22,경북,168.89,0.04,0.01,2.86,29.92
2022-08-22,경남,145.67,0.04,-0.02,4.31,44.96
2022-08-22,제주,147.85,0.0,0.02,0.0,37.07
2022-08-22,기타지방,140.23,0.01,-0.01,3.46,39.18
2022-08-29,전국,,,-0.09,,
2022-08-29,서울,94.53,-0.08,-0.07,0.72,26.11
2022-08-29,인천,88.08,-0.09,-0.1,0.99,16.31
2022-08-29,경기도,87.52,-0.11,-0.14,1.35,16.92
2022-08-29,부산,100.27,-0.02,-0.06,0.32,13.73
2022-08-29,대구,77.53,-0.14,-0.22,0.0,7.92
2022-08-29,광주,87.85,-0.05,-0.04,1.43,19.17
2022-08-29,대전,86.12,-0.15,-0.12,1.64,12.95
2022-08-29,세종,72.0,-0.4,-0.08,0.0,4.0
2022-08-29,울산,129.77,-0.06,-0.05,0.0,12.92
2022-08-29,강원,127.73,0.06,0.05,1.17,60.46
2022-08-29,충북,140.5,-0.03,-0.05,3.56,20.76
2022-08-29,충남,136.06,-0.0,-0.02,1.08,37.98
2022-08-29,전북,128.42,0.02,0.03,4.41,40.55
2022-08-29,전남,132.76,-0.01,-0.05,2.92,25.58
2022-08-29,경북,170.31,0.1,0.01,2.68,27.5
2022-08-29,경남,145.31,0.04,-0.03,4.6,47.87
2022-08-29,제주,144.46,0.0,0.03,0.0,33.38
2022-08-29,기타지방,139.14,0.01,-0.01,2.99,37.06
2022-09-05,전국,,,-0.1,,
2022-09-05,서울,93.26,-0.07,-0.08,0.58,24.85
2022-09-05,인천,95.3,-0.11,-0.14,1.78,19.89
2022-09-05,경기도,89.28,-0.14,-0.14,0.97,16.54
2022-09-05,부산,97.69,-0.03,-0.03,1.31,15.5
2022-09-05,대구,75.22,-0.08,-0.14,0.0,7.85
2022-09-05,광주,77.46,-0.01,-0.05,0.57,16.52
2022-09-05,대전,73.1,-0.08,-0.2,0.0,12.78
2022-09-05,세종,85.19,-0.64,-0.35,3.7,14.81
2022-09-05,울산,123.18,-0.16,-0.03,2.95,19.8
2022-09-05,강원,140.1,0.05,0.06,1.25,59.08
2022-09-05,충북,149.61,-0.01,-0.03,4.4,21.59
2022-09-05,충남,133.87,-0.02,-0.06,1.82,33.71
2022-09-05,전북,120.2,0.02,0.02,2.69,28.27
2022-09-05,전남,146.08,-0.05,-0.08,1.12,32.81
2022-09-05,경북,167.97,0.04,-0.02,1.49,30.63
2022-09-05,경남,133.63,0.04,-0.04,1.93,38.6
2022-09-05,제주,145.12,0.01,0.03,0.0,32.19
2022-09-05,기타지방,138.16,-0.01,-0.04,2.14,33.86
2022-09-19,전국,,,-0.22,,
2022-09-19,서울,83.23,-0.18,-0.22,1.39,23.86
2022-09-19,인천,81.62,-0.24,-0.27,0.92,11.81
2022-09-19,경기도,80.72,-0.34,-0.36,1.25,16.65
2022-09-19,부산,97.34,-0.07,-0.12,1.86,15.13
2022-09-19,대구,75.49,-0.34,-0.35,1.15,11.56
2022-09-19,광주,75.17,-0.05,-0.08,0.0,11.51
2022-09-19,대전,69.91,-0.14,-0.21,1.75,14.43
2022-09-19,세종,76.92,-0.54,-0.2,0.0,3.85
2022-09-19,울산,124.48,-0.06,-0.07,1.55,12.01
2022-09-19,강원,135.87,-0.01,0.04,3.18,63.44
2022-09-19,충북,140.78,-0.05,-0.06,2.24,21.13
2022-09-19,충남,128.47,-0.06,-0.12,4.87,36.6
2022-09-19,전북,116.82,0.06,0.04,2.07,26.99
2022-09-19,전남,133.66,-0.11,-0.08,4.76,30.92
2022-09-19,경북,162.15,0.03,-0.03,1.62,27.96
2022-09-19,경남,141.25,0.01,-0.09,5.22,49.3
2022-09-19,제주,130.34,0.02,-0.08,5.17,49.66
2022-09-19,기타지방,135.21,-0.03,-0.06,3.54,36.51
2022-09-26,전국,,,-0.19,,
2022-09-26,서울,78.21,-0.15,-0.18,1.2,20.39
2022-09-26,인천,82.02,-0.25,-0.3,1.69,13.23
2022-09-26,경기도,77.39,-0.3,-0.3,0.64,13.82
2022-09-26,부산,95.93,-0.13,-0.11,1.45,13.72
2022-09-26,대구,72.14,-0.3,-0.22,0.73,9.33
2022-09-26,광주,73.38,-0.06,-0.02,1.4,12.09
2022-09-26,대전,70.0,-0.17,-0.23,0.0,13.05
2022-09-26,세종,69.23,-0.21,-0.57,0.0,3.85
2022-09-26,울산,119.44,-0.09,-0.03,1.55,13.91
2022-09-26,강원,141.14,0.08,0.03,1.25,46.73
2022-09-26,충북,148.2,-0.04,-0.07,7.28,28.04
2022-09-26,충남,129.61,-0.0,-0.15,1.87,35.04
2022-09-26,전북,107.8,0.06,-0.01,2.96,26.12
2022-09-26,전남,134.97,-0.14,-0.06,3.11,24.94
2022-09-26,경북,162.06,0.01,-0.0,2.41,23.95
2022-09-26,경남,138.24,0.01,-0.04,4.15,40.73
2022-09-26,제주,129.09,0.02,0.0,0.0,30.61
2022-09-26,기타지방,134.54,-0.0,-0.07,3.22,32.03
2022-10-03,전국,,,-0.17,,
2022-10-03,서울,76.72,-0.18,-0.15,1.15,19.95
2022-10-03,인천,85.2,-0.37,-0.31,1.03,8.59
2022-10-03,경기도,74.19,-0.26,-0.25,1.19,13.93
2022-10-03,부산,93.0,-0.18,-0.11,1.4,10.92
2022-10-03,대구,70.19,-0.2,-0.18,0.0,7.29
2022-10-03,광주,61.38,-0.08,-0.03,0.67,9.37
2022-10-03,대전,75.65,-0.16,-0.17,0.6,13.73
2022-10-03,세종,73.08,-0.05,-0.1,0.0,3.85
2022-10-03,울산,121.95,-0.06,-0.04,0.0,8.88
2022-10-03,강원,137.49,-0.04,0.01,0.0,43.56
2022-10-03,충북,133.66,-0.05,-0.13,2.4,29.17
2022-10-03,충남,136.69,-0.01,-0.05,0.63,23.48
2022-10-03,전북,97.57,0.1,0.01,2.83,24.6
2022-10-03,전남,118.41,-0.08,-0.09,4.5,40.76
2022-10-03,경북,155.85,0.04,-0.01,1.98,25.9
2022-10-03,경남,136.67,-0.01,-0.1,4.07,41.3
2022-10-03,제주,128.73,0.03,0.0,0.0,37.7
2022-10-03,기타지방,130.01,-0.0,-0.06,2.39,31.7
2022-10-10,전국,,,-0.16,,
2022-10-10,서울,79.84,-0.16,-0.12,1.12,22.99
2022-10-10,인천,72.84,-0.32,-0.26,1.53,10.59
2022-10-10,경기도,72.2,-0.27,-0.2,1.41,14.25
2022-10-10,부산,85.27,-0.16,-0.09,0.37,10.6
2022-10-10,대구,70.25,-0.33,-0.36,1.11,11.4
2022-10-10,광주,66.64,-0.0,-0.05,1.08,14.16
2022-10-10,대전,70.18,-0.04,-0.11,0.48,16.43
2022-10-10,세종,76.67,-1.73,-1.58,0.0,3.33
2022-10-10,울산,115.35,-0.11,-0.11,1.89,9.58
2022-10-10,강원,138.47,-0.03,0.0,0.0,47.26
2022-10-10,충북,127.75,-0.07,-0.07,2.63,35.2
2022-10-10,충남,131.63,-0.11,-0.14,0.0,28.61
2022-10-10,전북,100.27,0.04,0.0,0.0,19.84
2022-10-10,전남,131.88,-0.09,-0.19,2.15,33.5
2022-10-10,경북,151.72,0.01,-0.03,0.65,21.09
2022-10-10,경남,129.82,-0.04,-0.04,2.52,38.7
2022-10-10,제주,117.75,0.01,-0.01,0.0,35.5
2022-10-10,기타지방,127.74,-0.1,-0.12,1.21,30.95
2022-10-17,전국,,,-0.19,,
2022-10-17,서울,69.35,-0.3,-0.23,1.3,21.38
2022-10-17,인천,56.56,-0.3,-0.42,0.32,8.58
2022-10-17,경기도,64.88,-0.31,-0.21,1.91,13.64
2022-10-17,부산,74.91,-0.2,-0.13,1.91,13.76
2022-10-17,대구,62.88,-0.31,-0.24,0.0,7.02
2022-10-17,광주,64.14,-0.04,-0.12,0.6,9.88
2022-10-17,대전,60.44,-0.21,-0.24,0.0,11.87
2022-10-17,세종,61.54,-0.13,-0.14,0.0,3.85
2022-10-17,울산,88.1,-0.16,-0.1,0.0,6.93
2022-10-17,강원,135.76,0.01,-0.06,1.4,49.09
2022-10-17,충북,112.23,-0.08,-0.09,5.7,41.92
2022-10-17,충남,123.67,-0.11,-0.06,0.0,17.8
2022-10-17,전북,98.17,0.04,-0.01,0.0,18.58
2022-10-17,전남,121.44,-0.01,-0.03,1.3,25.04
2022-10-17,경북,152.05,0.0,-0.03,2.12,30.57
2022-10-17,경남,135.19,-0.2,-0.11,2.47,36.11
2022-10-17,제주,111.01,-0.03,-0.03,0.0,33.38
2022-10-17,기타지방,124.19,-0.08,-0.06,1.79,29.96
2022-10-24,전국,,,-0.21,,
2022-10-24,서울,65.67,-0.36,-0.21,1.37,19.85
2022-10-24,인천,65.42,-0.55,-0.44,0.36,8.94
2022-10-24,경기도,62.72,-0.33,-0.25,1.02,11.27
2022-10-24,부산,74.71,-0.31,-0.18,1.25,9.49
2022-10-24,대구,58.25,-0.22,-0.21,0.0,6.85
2022-10-24,광주,61.33,-0.25,-0.15,0.58,14.68
2022-10-24,대전,59.91,-0.44,-0.47,0.0,12.1
2022-10-24,세종,66.67,-0.18,-0.26,0.0,7.41
2022-10-24,울산,120.71,-0.53,-0.2,0.86,8.31
2022-10-24,강원,132.97,-0.01,-0.02,1.6,29.29
2022-10-24,충북,115.25,-0.05,-0.05,2.25,32.93
2022-10-24,충남,126.61,-0.16,-0.1,0.65,23.23
2022-10-24,전북,85.38,0.01,0.01,0.0,16.62
2022-10-24,전남,115.42,-0.08,-0.16,1.46,25.73
2022-10-24,경북,146.1,-0.02,-0.11,0.72,23.63
2022-10-24,경남,128.67,-0.15,-0.09,2.53,34.42
2022-10-24,제주,116.62,0.0,-0.01,0.0,37.12
2022-10-24,기타지방,120.45,-0.09,-0.08,1.36,26.72
2022-10-31,전국,,,-0.28,,
2022-10-31,서울,64.18,-0.41,-0.3,0.7,18.47
2022-10-31,인천,60.38,-0.36,-0.39,0.63,8.41
2022-10-31,경기도,60.14,-0.52,-0.41,1.26,11.43
2022-10-31,부산,73.13,-0.2,-0.16,0.55,8.12
2022-10-31,대구,59.83,-0.22,-0.33,0.75,8.8
2022-10-31,광주,52.14,-0.3,-0.28,1.66,14.85
2022-10-31,대전,60.98,-0.17,-0.35,0.6,14.21
2022-10-31,세종,76.92,-0.1,-0.31,0.0,3.85
2022-10-31,울산,114.16,-0.13,-0.09,0.0,7.07
2022-10-31,강원,114.84,0.01,-0.0,1.46,22.69
2022-10-31,충북,120.18,-0.01,-0.04,3.78,36.94
2022-10-31,충남,122.56,-0.01,-0.02,0.0,18.12
2022-10-31,전북,88.19,-0.04,-0.03,0.0,17.11
2022-10-31,전남,111.24,-0.07,-0.12,1.38,27.45
2022-10-31,경북,139.52,-0.01,-0.05,0.8,20.29
2022-10-31,경남,120.99,-0.17,-0.15,1.39,26.51
2022-10-31,제주,105.54,0.02,0.02,0.0,33.31
2022-10-31,기타지방,116.24,-0.06,-0.08,1.13,23.35
2022-11-07,전국,,,-0.3,,
2022-11-07,서울,62.95,-0.54,-0.32,1.01,18.7
2022-11-07,인천,58.08,-0.51,-0.41,0.82,7.73
2022-11-07,경기도,58.01,-0.66,-0.39,1.72,12.54
2022-11-07,부산,70.26,-0.26,-0.19,0.6,9.5
2022-11-07,대구,53.54,-0.43,-0.27,0.77,6.32
2022-11-07,광주,42.29,-0.2,-0.18,2.05,13.26
2022-11-07,대전,51.16,-0.21,-0.61,0.56,9.11
2022-11-07,세종,70.37,-0.86,-0.59,0.0,3.7
2022-11-07,울산,108.7,-0.16,-0.14,0.0,7.62
2022-11-07,강원,126.74,-0.01,-0.03,0.0,19.83
2022-11-07,충북,118.5,-0.04,-0.07,0.0,35.23
2022-11-07,충남,119.74,-0.18,-0.08,0.0,19.06
2022-11-07,전북,81.95,-0.03,-0.04,0.0,15.63
2022-11-07,전남,100.69,-0.13,-0.46,1.38,17.66
2022-11-07,경북,136.0,-0.04,-0.08,0.72,24.28
2022-11-07,경남,114.8,-0.05,-0.14,0.58,26.18
2022-11-07,제주,125.17,0.02,0.01,0.0,44.49
2022-11-07,기타지방,112.93,-0.1,-0.13,0.36,22.65
2022-11-14,전국,,,-0.45,,
2022-11-14,서울,54.36,-0.59,-0.36,2.27,19.94
2022-11-14,인천,57.85,-0.99,-0.96,1.5,11.04
2022-11-14,경기도,50.36,-0.72,-0.59,2.6,13.26
2022-11-14,부산,55.38,-0.45,-0.39,1.93,10.81
2022-11-14,대구,48.05,-0.62,-0.51,2.76,11.78
2022-11-14,광주,54.46,-0.45,-0.33,1.39,10.94
2022-11-14,대전,55.55,-0.38,-0.68,1.79,16.53
2022-11-14,세종,59.26,-1.18,-1.27,3.7,14.81
2022-11-14,울산,94.11,-0.16,-0.19,0.67,8.72
2022-11-14,강원,110.07,-0.08,-0.16,8.01,32.69
2022-11-14,충북,113.66,-0.29,-0.32,2.33,29.22
2022-11-14,충남,109.7,-0.38,-0.25,4.47,23.74
2022-11-14,전북,82.96,-0.16,-0.23,3.87,22.81
2022-11-14,전남,106.94,-0.11,-0.3,3.05,21.17
2022-11-14,경북,128.0,-0.07,-0.18,3.63,28.19
2022-11-14,경남,111.74,-0.32,-0.25,2.34,26.15
2022-11-14,제주,120.58,0.04,-0.02,0.0,39.97
2022-11-14,기타지방,108.46,-0.25,-0.27,3.68,26.04
2022-11-21,전국,,,-0.39,,
2022-11-21,서울,50.36,-0.75,-0.33,2.41,18.55
2022-11-21,인천,53.86,-0.85,-0.59,2.79,12.86
2022-11-21,경기도,48.27,-0.84,-0.59,2.75,13.06
2022-11-21,부산,62.93,-0.42,-0.37,1.1,9.97
2022-11-21,대구,49.26,-0.51,-0.4,0.78,6.56
2022-11-21,광주,37.09,-0.41,-0.32,1.65,9.93
2022-11-21,대전,47.95,-0.34,-0.36,1.67,10.02
2022-11-21,세종,61.36,-0.73,-0.82,2.27,11.36
2022-11-21,울산,97.69,-0.32,-0.31,0.0,6.28
2022-11-21,강원,126.58,-0.08,-0.1,2.66,16.34
2022-11-21,충북,115.13,-0.09,-0.13,1.92,30.44
2022-11-21,충남,102.24,-0.29,-0.18,3.19,24.8
2022-11-21,전북,74.59,-0.25,-0.3,0.0,11.79
2022-11-21,전남,105.04,-0.19,-0.19,1.14,14.19
2022-11-21,경북,121.19,-0.13,-0.24,1.58,27.52
2022-11-21,경남,115.59,-0.4,-0.22,2.89,26.72
2022-11-21,제주,124.04,0.02,-0.09,0.0,29.45
2022-11-21,기타지방,107.92,-0.25,-0.22,2.06,22.62
2022-11-28,전국,,,-0.32,,
2022-11-28,서울,49.33,-0.74,-0.33,1.86,15.83
2022-11-28,인천,51.53,-0.76,-0.46,3.26,11.56
2022-11-28,경기도,44.74,-0.78,-0.48,2.06,11.63
2022-11-28,부산,56.88,-0.5,-0.32,1.71,10.88
2022-11-28,대구,41.91,-0.57,-0.49,0.97,6.8
2022-11-28,광주,34.73,-0.28,-0.16,1.98,9.02
2022-11-28,대전,45.58,-0.35,-0.3,1.59,13.74
2022-11-28,세종,58.97,-0.26,-0.28,0.0,5.13
2022-11-28,울산,87.58,-0.4,-0.34,0.0,8.62
2022-11-28,강원,114.91,-0.05,-0.13,4.22,21.55
2022-11-28,충북,121.56,-0.2,-0.09,5.04,35.96
2022-11-28,충남,105.02,-0.12,-0.1,2.36,24.15
2022-11-28,전북,77.65,-0.13,-0.14,1.75,13.48
2022-11-28,전남,113.6,-0.15,-0.05,2.07,21.94
2022-11-28,경북,128.2,-0.09,-0.06,3.59,28.2
2022-11-28,경남,104.09,-0.34,-0.24,0.42,22.03
2022-11-28,제주,115.29,-0.11,-0.07,0.0,25.0
2022-11-28,기타지방,107.07,-0.18,-0.14,2.33,23.15
2022-12-05,전국,,,-0.48,,
2022-12-05,서울,46.57,-0.89,-0.42,2.79,18.28
2022-12-05,인천,47.27,-0.6,-0.66,4.13,15.91
2022-12-05,경기도,43.9,-1.03,-0.68,2.41,12.73
2022-12-05,부산,52.26,-0.6,-0.46,2.83,12.71
2022-12-05,대구,40.47,-0.7,-0.51,3.96,11.58
2022-12-05,광주,41.98,-0.38,-0.29,4.02,15.2
2022-12-05,대전,47.9,-0.58,-0.62,2.13,11.58
2022-12-05,세종,52.27,-0.74,-0.77,0.0,6.82
2022-12-05,울산,88.78,-0.54,-0.66,0.99,7.05
2022-12-05,강원,121.1,-0.07,-0.14,4.15,19.94
2022-12-05,충북,100.44,-0.16,-0.16,0.88,23.45
2022-12-05,충남,98.18,-0.23,-0.19,2.6,22.31
2022-12-05,전북,76.37,-0.2,-0.34,2.07,13.62
2022-12-05,전남,124.67,-0.45,-0.31,1.44,24.83
2022-12-05,경북,113.95,-0.24,-0.28,4.15,25.69
2022-12-05,경남,104.28,-0.37,-0.27,4.04,28.68
2022-12-05,제주,96.96,-0.23,-0.2,0.0,32.75
2022-12-05,기타지방,102.64,-0.27,-0.26,2.89,23.06
2022-12-12,전국,,,-0.33,,
2022-12-12,서울,46.53,-0.95,-0.36,3.34,20.48
2022-12-12,인천,48.28,-0.72,-0.48,3.92,16.52
2022-12-12,경기도,44.07,-0.78,-0.46,3.74,15.73
2022-12-12,부산,51.68,-0.5,-0.33,1.73,11.09
2022-12-12,대구,40.81,-0.58,-0.39,1.14,6.41
2022-12-12,광주,41.77,-0.21,-0.21,2.23,9.33
2022-12-12,대전,54.99,-0.52,-0.3,1.57,12.26
2022-12-12,세종,39.22,-0.43,-0.53,1.96,9.8
2022-12-12,울산,80.74,-0.55,-0.31,0.0,5.79
2022-12-12,강원,114.35,-0.07,-0.13,8.4,29.0
2022-12-12,충북,105.19,-0.19,-0.18,7.36,35.63
2022-12-12,충남,98.5,-0.41,-0.19,3.81,22.54
2022-12-12,전북,73.4,-0.06,-0.15,3.87,16.4
2022-12-12,전남,117.33,-0.19,-0.13,2.34,21.64
2022-12-12,경북,112.47,-0.15,-0.11,3.45,23.61
2022-12-12,경남,103.43,-0.3,-0.14,3.57,27.05
2022-12-12,제주,118.65,-0.19,-0.19,0.0,30.01
2022-12-12,기타지방,100.84,-0.22,-0.16,4.3,24.65
2022-12-19,전국,,,-0.43,,
2022-12-19,서울,41.29,-0.9,-0.46,3.29,19.52
2022-12-19,인천,49.4,-0.66,-0.42,3.75,13.87
2022-12-19,경기도,39.65,-0.99,-0.65,2.96,12.46
2022-12-19,부산,51.81,-0.62,-0.4,0.92,9.12
2022-12-19,대구,37.54,-0.46,-0.44,1.4,7.16
2022-12-19,광주,34.64,-0.39,-0.36,1.97,11.93
2022-12-19,대전,49.59,-0.4,-0.38,1.85,12.99
2022-12-19,세종,47.92,-1.17,-1.04,2.08,10.42
2022-12-19,울산,68.54,-0.63,-0.37,2.12,7.5
2022-12-19,강원,115.53,-0.09,-0.17,9.45,29.74
2022-12-19,충북,105.58,-0.58,-0.28,5.78,29.57
2022-12-19,충남,99.66,-0.57,-0.37,4.37,27.16
2022-12-19,전북,69.27,-0.15,-0.23,3.45,17.4
2022-12-19,전남,96.7,-0.29,-0.06,3.15,17.72
2022-12-19,경북,118.38,-0.27,-0.18,7.39,32.38
2022-12-19,경남,101.8,-0.22,-0.18,3.96,26.76
2022-12-19,제주,112.94,-0.12,-0.13,0.0,24.71
2022-12-19,기타지방,99.78,-0.33,-0.24,5.05,25.82
2022-12-26,전국,,,-0.37,,
2022-12-26,서울,43.26,-0.9,-0.39,2.9,18.79
2022-12-26,인천,49.35,-0.68,-0.43,3.99,15.57
2022-12-26,경기도,41.44,-0.92,-0.52,2.58,12.94
2022-12-26,부산,44.64,-0.56,-0.38,2.17,11.83
2022-12-26,대구,40.89,-0.61,-0.29,1.0,6.63
2022-12-26,광주,35.79,-0.44,-0.35,2.72,17.18
2022-12-26,대전,49.26,-0.5,-0.39,2.97,14.27
2022-12-26,세종,44.9,-0.5,-0.64,4.08,16.33
2022-12-26,울산,84.49,-0.32,-0.26,0.0,10.0
2022-12-26,강원,106.87,-0.24,-0.28,4.12,27.39
2022-12-26,충북,99.14,-0.36,-0.27,5.82,24.6
2022-12-26,충남,92.63,-0.37,-0.27,2.95,25.37
2022-12-26,전북,76.19,-0.2,-0.27,2.78,19.05
2022-12-26,전남,100.89,-0.19,-0.06,4.31,23.36
2022-12-26,경북,118.26,-0.24,-0.23,2.83,21.34
2022-12-26,경남,100.38,-0.22,-0.14,2.81,29.46
2022-12-26,제주,82.59,-0.36,-0.32,4.31,26.04
2022-12-26,기타지방,97.54,-0.27,-0.23,3.47,24.63
2023-01-09,전국,,,-0.37,,
2023-01-09,서울,43.41,-0.8,-0.38,2.76,20.49
2023-01-09,인천,45.23,-0.84,-0.52,3.75,16.84
2023-01-09,경기도,45.64,-0.89,-0.58,2.99,14.69
2023-01-09,부산,54.25,-0.45,-0.29,1.88,15.15
2023-01-09,대구,34.15,-0.4,-0.37,2.65,11.06
2023-01-09,광주,58.76,-0.12,-0.2,1.1,10.95
2023-01-09,대전,56.49,-0.42,-0.26,1.56,8.11
2023-01-09,세종,53.66,-0.22,-0.41,0.0,19.51
2023-01-09,울산,62.14,-0.4,-0.22,1.44,9.2
2023-01-09,강원,110.56,-0.1,-0.04,12.99,56.06
2023-01-09,충북,101.17,-0.18,-0.26,1.67,19.39
2023-01-09,충남,80.32,-0.36,-0.22,1.65,20.61
2023-01-09,전북,96.15,-0.31,-0.21,2.28,25.35
2023-01-09,전남,112.06,-0.11,-0.11,0.38,16.71
2023-01-09,경북,106.15,-0.19,-0.13,3.62,22.57
2023-01-09,경남,101.11,-0.31,-0.34,2.71,28.17
2023-01-09,제주,45.58,-0.42,-0.13,0.0,9.04
2023-01-09,기타지방,97.7,-0.24,-0.21,3.19,26.1
2023-01-16,전국,,,-0.38,,
2023-01-16,서울,44.99,-0.79,-0.54,2.7,20.91
2023-01-16,인천,42.91,-0.95,-0.62,2.44,12.58
2023-01-16,경기도,46.3,-0.9,-0.49,2.8,16.27
2023-01-16,부산,50.33,-0.42,-0.28,1.36,11.47
2023-01-16,대구,34.29,-0.46,-0.34,1.31,7.86
2023-01-16,광주,63.57,-0.16,-0.25,0.0,7.07
2023-01-16,대전,61.87,-0.39,-0.17,1.92,9.11
2023-01-16,세종,43.48,-0.53,-0.53,6.52,30.43
2023-01-16,울산,69.75,-0.31,-0.3,0.0,10.89
2023-01-16,강원,113.48,-0.1,-0.09,7.69,48.01
2023-01-16,충북,101.19,-0.12,-0.23,1.32,18.87
2023-01-16,충남,95.35,-0.53,-0.3,1.43,16.48
2023-01-16,전북,97.14,-0.15,-0.14,1.46,24.71
2023-01-16,전남,107.6,-0.16,-0.19,3.81,34.33
2023-01-16,경북,98.97,-0.11,-0.09,3.91,25.49
2023-01-16,경남,97.71,-0.31,-0.24,2.3,23.43
2023-01-16,제주,58.34,-0.01,-0.21,0.0,13.89
2023-01-16,기타지방,97.82,-0.24,-0.2,3.02,25.93
2023-01-30,전국,,,-0.4,,
2023-01-30,서울,45.21,-1.19,-0.51,2.87,21.78
2023-01-30,인천,41.68,-1.56,-0.69,2.8,14.25
2023-01-30,경기도,45.51,-1.4,-0.55,2.37,15.1
2023-01-30,부산,49.39,-0.58,-0.27,1.81,11.64
2023-01-30,대구,32.29,-0.67,-0.35,0.69,6.21
2023-01-30,광주,73.37,-0.24,-0.27,0.87,10.73
2023-01-30,대전,62.91,-0.64,-0.4,0.54,7.44
2023-01-30,세종,56.52,-1.29,-0.88,8.7,39.13
2023-01-30,울산,75.19,-0.83,-0.4,4.56,21.36
2023-01-30,강원,107.37,-0.18,-0.08,8.63,44.55
2023-01-30,충북,99.59,-0.27,-0.26,1.71,14.97
2023-01-30,충남,78.47,-0.53,-0.19,1.05,19.72
2023-01-30,전북,90.02,-0.3,-0.13,0.82,18.79
2023-01-30,전남,112.88,-0.16,-0.07,2.97,33.41
2023-01-30,경북,98.82,-0.23,-0.1,2.45,27.53
2023-01-30,경남,100.17,-0.41,-0.21,2.1,28.85
2023-01-30,제주,57.47,-0.58,-0.16,4.85,28.35
2023-01-30,기타지방,95.22,-0.36,-0.18,2.81,27.04
2023-02-06,전국,,,-0.41,,
2023-02-06,서울,47.42,-0.86,-0.39,3.14,23.19
2023-02-06,인천,43.52,-1.34,-0.75,3.12,17.96
2023-02-06,경기도,50.21,-1.12,-0.54,2.94,17.01
2023-02-06,부산,53.49,-0.52,-0.29,1.79,13.14
2023-02-06,대구,35.13,-0.69,-0.53,1.35,9.83
2023-02-06,광주,75.03,-0.43,-0.31,1.56,10.76
2023-02-06,대전,58.78,-0.48,-0.42,0.52,10.21
2023-02-06,세종,56.52,-1.0,-0.45,13.04,52.17
2023-02-06,울산,69.49,-0.48,-0.24,0.62,14.1
2023-02-06,강원,103.61,-0.11,-0.13,5.49,39.41
2023-02-06,충북,109.16,-0.22,-0.25,1.65,18.3
2023-02-06,충남,86.2,-0.82,-0.33,2.52,20.66
2023-02-06,전북,93.2,-0.26,-0.1,2.81,23.2
2023-02-06,전남,110.08,-0.36,-0.32,4.59,33.08
2023-02-06,경북,99.21,-0.26,-0.17,7.86,32.37
2023-02-06,경남,96.69,-0.46,-0.33,2.75,25.78
2023-02-06,제주,53.89,-0.16,-0.04,4.09,25.29
2023-02-06,기타지방,96.25,-0.4,-0.25,4.23,27.91
2023-02-13,전국,,,-0.36,,
2023-02-13,서울,51.1,-0.59,-0.3,3.31,25.15
2023-02-13,인천,47.96,-0.8,-0.71,2.71,16.26
2023-02-13,경기도,53.41,-0.65,-0.46,3.36,19.58
2023-02-13,부산,56.15,-0.31,-0.24,1.11,9.47
2023-02-13,대구,37.73,-0.65,-0.49,2.26,10.91
2023-02-13,광주,72.34,-0.18,-0.23,3.2,12.75
2023-02-13,대전,61.44,-0.46,-0.45,2.44,13.91
2023-02-13,세종,58.49,-0.3,-0.28,7.55,41.51
2023-02-13,울산,81.16,-0.29,-0.22,2.13,18.93
2023-02-13,강원,109.19,-0.14,-0.1,8.71,50.67
2023-02-13,충북,112.86,-0.26,-0.44,5.99,35.25
2023-02-13,충남,96.45,-0.79,-0.38,1.74,21.4
2023-02-13,전북,104.75,-0.25,-0.19,1.97,23.67
2023-02-13,전남,111.26,-0.21,-0.19,5.25,26.52
2023-02-13,경북,111.32,-0.12,-0.15,2.99,27.91
2023-02-13,경남,101.8,-0.32,-0.22,2.5,23.67
2023-02-13,제주,61.32,-0.13,-0.3,0.0,23.24
2023-02-13,기타지방,103.54,-0.31,-0.24,3.77,28.78
2023-02-20,전국,,,-0.36,,
2023-02-20,서울,51.36,-0.52,-0.36,3.07,25.35
2023-02-20,인천,49.39,-0.52,-0.57,2.42,16.64
2023-02-20,경기도,55.17,-0.49,-0.44,3.21,19.92
2023-02-20,부산,57.28,-0.37,-0.36,2.1,13.07
2023-02-20,대구,40.2,-0.67,-0.47,1.85,10.41
2023-02-20,광주,79.98,-0.26,-0.42,2.32,8.81
2023-02-20,대전,65.56,-0.25,-0.41,2.5,18.34
2023-02-20,세종,58.33,-0.3,-0.34,12.5,47.92
2023-02-20,울산,78.33,-0.45,-0.28,1.37,14.84
2023-02-20,강원,113.11,-0.09,-0.1,6.55,36.01
2023-02-20,충북,105.68,-0.31,-0.36,0.92,12.43
2023-02-20,충남,89.12,-0.34,-0.22,1.94,24.1
2023-02-20,전북,104.97,-0.33,-0.16,2.12,24.28
2023-02-20,전남,108.42,-0.04,-0.11,6.4,27.71
2023-02-20,경북,114.78,-0.06,-0.1,6.78,32.68
2023-02-20,경남,106.91,-0.36,-0.26,2.59,24.36
2023-02-20,제주,59.93,-0.11,-0.19,0.0,22.96
2023-02-20,기타지방,103.57,-0.24,-0.2,3.96,26.65
2023-02-27,전국,,,-0.27,,
2023-02-27,서울,54.37,-0.4,-0.23,2.62,22.31
2023-02-27,인천,46.53,-0.41,-0.47,3.84,19.16
2023-02-27,경기도,54.34,-0.43,-0.38,3.24,18.81
2023-02-27,부산,59.27,-0.27,-0.15,2.22,13.89
2023-02-27,대구,43.5,-0.53,-0.35,1.29,8.64
2023-02-27,광주,70.81,-0.1,-0.31,0.43,6.52
2023-02-27,대전,61.02,-0.35,-0.32,0.43,11.39
2023-02-27,세종,47.73,-0.05,-0.02,11.36,52.27
2023-02-27,울산,75.95,-0.24,-0.27,0.0,14.74
2023-02-27,강원,110.0,-0.05,-0.09,6.34,37.56
2023-02-27,충북,102.18,-0.18,-0.31,0.0,18.66
2023-02-27,충남,90.34,-0.24,-0.14,2.71,21.46
2023-02-27,전북,102.8,-0.21,-0.13,2.17,25.43
2023-02-27,전남,109.82,-0.27,-0.13,3.87,28.81
2023-02-27,경북,102.24,-0.07,-0.09,1.63,24.76
2023-02-27,경남,106.22,-0.2,-0.14,2.66,29.01
2023-02-27,제주,71.06,-0.12,-0.37,3.88,27.76
2023-02-27,기타지방,100.6,-0.17,-0.14,2.98,27.45
2023-03-06,전국,,,-0.27,,
2023-03-06,서울,56.63,-0.45,-0.3,2.5,24.37
2023-03-06,인천,45.17,-0.39,-0.56,1.73,15.73
2023-03-06,경기도,58.83,-0.38,-0.36,3.31,20.84
2023-03-06,부산,56.62,-0.37,-0.33,1.63,12.14
2023-03-06,대구,37.61,-0.48,-0.31,2.73,11.59
2023-03-06,광주,65.26,-0.12,-0.19,2.72,12.47
2023-03-06,대전,58.71,-0.35,-0.24,2.51,15.3
2023-03-06,세종,51.16,-0.17,-0.09,11.63,44.19
2023-03-06,울산,75.1,-0.19,-0.12,2.1,17.8
2023-03-06,강원,110.06,-0.08,-0.07,14.57,58.54
2023-03-06,충북,119.94,-0.19,-0.23,8.4,27.28
2023-03-06,충남,96.25,-0.26,-0.14,1.9,26.12
2023-03-06,전북,108.36,-0.22,-0.1,3.07,28.66
2023-03-06,전남,107.57,-0.18,-0.07,3.04,28.41
2023-03-06,경북,110.61,-0.08,-0.05,3.99,31.94
2023-03-06,경남,107.51,-0.15,-0.14,2.29,32.85
2023-03-06,제주,56.39,-0.22,-0.55,0.0,17.41
2023-03-06,기타지방,105.39,-0.16,-0.12,4.83,33.04
2023-03-13,전국,,,-0.33,,
2023-03-13,서울,63.18,-0.44,-0.29,2.88,26.75
2023-03-13,인천,50.33,-0.46,-0.5,3.33,19.51
2023-03-13,경기도,61.42,-0.39,-0.53,1.81,18.05
2023-03-13,부산,60.68,-0.31,-0.36,1.46,11.56
2023-03-13,대구,37.13,-0.45,-0.33,2.7,12.2
2023-03-13,광주,68.02,-0.12,-0.12,1.41,8.25
2023-03-13,대전,64.85,-0.24,-0.32,0.91,10.82
2023-03-13,세종,67.31,-0.21,-0.33,11.54,50.0
2023-03-13,울산,76.7,-0.37,-0.12,1.9,19.59
2023-03-13,강원,117.38,-0.05,-0.13,6.9,42.97
2023-03-13,충북,119.52,-0.13,-0.18,1.47,22.18
2023-03-13,충남,102.13,-0.24,-0.18,1.76,24.41
2023-03-13,전북,101.98,-0.22,-0.11,4.12,35.89
2023-03-13,전남,117.8,-0.04,-0.11,4.2,26.46
2023-03-13,경북,106.6,-0.07,-0.08,4.54,31.99
2023-03-13,경남,108.8,-0.2,-0.2,4.18,32.79
2023-03-13,제주,74.38,-0.22,-0.26,0.0,17.24
2023-03-13,기타지방,107.42,-0.15,-0.16,4.08,31.6
2023-03-20,전국,,,-0.43,,
2023-03-20,서울,62.0,-0.34,-0.28,3.59,27.75
2023-03-20,인천,50.46,-0.59,-0.67,3.57,19.39
2023-03-20,경기도,60.52,-0.41,-0.68,2.77,19.47
2023-03-20,부산,56.97,-0.45,-0.52,1.97,13.2
2023-03-20,대구,39.33,-0.41,-0.48,1.66,9.35
2023-03-20,광주,68.25,-0.09,-0.16,4.3,13.76
2023-03-20,대전,61.87,-0.34,-0.55,1.6,9.45
2023-03-20,세종,54.0,-0.36,-0.62,6.0,42.0
2023-03-20,울산,78.26,-0.21,-0.27,0.79,20.17
2023-03-20,강원,113.89,-0.09,-0.09,5.17,34.17
2023-03-20,충북,113.15,-0.09,-0.09,5.26,29.2
2023-03-20,충남,101.09,-0.13,-0.2,1.98,23.39
2023-03-20,전북,94.78,-0.18,-0.22,1.35,27.5
2023-03-20,전남,114.84,-0.1,-0.19,1.74,18.1
2023-03-20,경북,115.34,-0.2,-0.18,3.75,31.5
2023-03-20,경남,110.62,-0.16,-0.35,4.26,36.87
2023-03-20,제주,65.84,-0.11,-0.32,4.09,24.91
2023-03-20,기타지방,106.45,-0.15,-0.23,3.54,30.32
2023-03-27,전국,,,-0.24,,
2023-03-27,서울,66.89,-0.33,-0.26,2.67,25.46
2023-03-27,인천,51.78,-0.36,-0.32,2.54,18.49
2023-03-27,경기도,60.03,-0.32,-0.35,2.89,20.71
2023-03-27,부산,61.8,-0.26,-0.27,1.43,11.77
2023-03-27,대구,37.85,-0.41,-0.33,2.17,11.59
2023-03-27,광주,64.61,-0.07,-0.13,1.08,6.35
2023-03-27,대전,70.27,-0.18,-0.43,4.78,18.48
2023-03-27,세종,61.7,-0.35,-0.06,8.51,42.55
2023-03-27,울산,84.75,-0.2,-0.13,0.0,16.14
2023-03-27,강원,112.77,-0.11,-0.02,8.0,43.0
2023-03-27,충북,110.05,-0.12,-0.12,6.83,29.5
2023-03-27,충남,90.87,-0.21,-0.13,0.5,18.73
2023-03-27,전북,91.8,-0.12,-0.16,2.21,27.28
2023-03-27,전남,114.51,-0.12,-0.03,0.74,15.11
2023-03-27,경북,106.81,-0.16,-0.11,5.16,26.76
2023-03-27,경남,104.53,-0.15,-0.12,2.99,27.23
2023-03-27,제주,74.02,-0.02,-0.04,4.09,24.91
2023-03-27,기타지방,101.73,-0.15,-0.1,3.8,27.25
2023-04-03,전국,,,-0.28,,
2023-04-03,서울,69.12,-0.3,-0.24,2.89,28.46
2023-04-03,인천,54.04,-0.29,-0.36,4.17,20.35
2023-04-03,경기도,63.37,-0.27,-0.41,3.32,22.17
2023-04-03,부산,59.71,-0.27,-0.31,1.48,12.58
2023-04-03,대구,40.32,-0.54,-0.34,1.36,10.97
2023-04-03,광주,67.7,-0.1,-0.1,2.19,9.18
2023-04-03,대전,78.28,-0.3,-0.21,0.57,13.15
2023-04-03,세종,62.0,-0.2,-0.03,10.0,42.0
2023-04-03,울산,81.22,-0.2,-0.21,3.23,23.87
2023-04-03,강원,117.39,-0.02,-0.1,0.87,27.11
2023-04-03,충북,112.86,-0.1,-0.13,5.93,28.93
2023-04-03,충남,91.06,-0.17,-0.23,1.17,23.51
2023-04-03,전북,100.22,-0.09,-0.15,4.11,25.03
2023-04-03,전남,109.1,-0.12,-0.09,1.28,18.72
2023-04-03,경북,125.1,-0.12,-0.2,2.6,25.91
2023-04-03,경남,108.02,-0.25,-0.27,2.28,30.63
2023-04-03,제주,79.18,-0.11,-0.03,4.09,29.0
2023-04-03,기타지방,106.78,-0.14,-0.18,2.85,27.04
2023-04-10,전국,,,-0.19,,
2023-04-10,서울,70.61,-0.27,-0.19,2.29,28.23
2023-04-10,인천,56.0,-0.2,-0.19,1.98,17.25
2023-04-10,경기도,65.82,-0.27,-0.26,3.18,22.63
2023-04-10,부산,60.64,-0.23,-0.24,1.55,13.64
2023-04-10,대구,41.34,-0.43,-0.35,1.4,9.02
2023-04-10,광주,66.94,-0.08,-0.09,0.96,7.8
2023-04-10,대전,86.68,-0.24,-0.16,1.98,17.22
2023-04-10,세종,64.71,-0.03,-0.1,5.88,39.22
2023-04-10,울산,79.71,-0.26,-0.15,1.98,23.36
2023-04-10,강원,112.54,-0.08,-0.09,9.7,34.84
2023-04-10,충북,111.0,-0.1,-0.06,0.71,18.86
2023-04-10,충남,95.24,-0.21,-0.16,1.3,22.23
2023-04-10,전북,96.36,-0.1,-0.13,4.09,22.49
2023-04-10,전남,113.31,-0.04,-0.04,0.0,15.76
2023-04-10,경북,118.31,-0.12,-0.11,4.21,30.88
2023-04-10,경남,108.66,-0.14,-0.11,2.86,33.48
2023-04-10,제주,67.22,-0.1,-0.18,3.89,25.0
2023-04-10,기타지방,105.61,-0.12,-0.11,3.3,27.32
2023-04-17,전국,,,-0.25,,
2023-04-17,서울,70.55,-0.23,-0.26,2.79,27.57
2023-04-17,인천,52.87,-0.25,-0.24,2.33,21.09
2023-04-17,경기도,67.48,-0.24,-0.35,3.39,24.84
2023-04-17,부산,59.33,-0.11,-0.23,1.61,13.21
2023-04-17,대구,41.16,-0.42,-0.39,1.91,8.72
2023-04-17,광주,71.54,-0.05,-0.11,0.46,5.65
2023-04-17,대전,85.06,-0.14,-0.3,1.1,15.58
2023-04-17,세종,77.78,-0.05,-0.0,11.11,50.0
2023-04-17,울산,81.71,-0.31,-0.28,3.5,24.78
2023-04-17,강원,117.24,-0.14,-0.26,4.21,36.74
2023-04-17,충북,119.5,-0.06,-0.04,0.86,21.23
2023-04-17,충남,87.06,-0.12,-0.16,0.96,18.68
2023-04-17,전북,91.08,-0.08,-0.13,1.26,21.66
2023-04-17,전남,114.41,-0.02,-0.11,2.27,19.8
2023-04-17,경북,125.77,-0.05,-0.07,4.28,25.78
2023-04-17,경남,110.59,-0.15,-0.17,2.32,31.02
2023-04-17,제주,89.32,-0.1,-0.17,4.32,26.81
2023-04-17,기타지방,107.63,-0.09,-0.13,2.67,26.5
2023-04-24,전국,,,-0.17,,
2023-04-24,서울,71.93,-0.17,-0.19,2.4,27.61
2023-04-24,인천,53.5,-0.25,-0.21,3.4,21.75
2023-04-24,경기도,69.1,-0.2,-0.19,3.2,25.49
2023-04-24,부산,63.6,-0.11,-0.19,1.44,12.33
2023-04-24,대구,39.19,-0.42,-0.25,3.5,12.47
2023-04-24,광주,71.79,-0.09,-0.08,1.06,8.62
2023-04-24,대전,76.82,-0.3,-0.26,3.49,23.38
2023-04-24,세종,74.51,-0.23,-0.07,9.8,47.06
2023-04-24,울산,78.0,-0.18,-0.19,2.69,19.94
2023-04-24,강원,108.92,-0.06,-0.04,5.89,35.92
2023-04-24,충북,115.91,-0.09,-0.07,3.34,23.38
2023-04-24,충남,91.64,-0.05,-0.05,2.53,24.55
2023-04-24,전북,92.06,-0.18,-0.16,1.82,21.86
2023-04-24,전남,117.37,-0.05,-0.06,0.95,17.46
2023-04-24,경북,107.38,-0.14,-0.1,3.68,29.99
2023-04-24,경남,108.13,-0.14,-0.12,2.24,29.03
2023-04-24,제주,85.17,-0.24,-0.09,4.32,20.99
2023-04-24,기타지방,103.82,-0.11,-0.09,3.1,27.27
2023-05-01,전국,,,-0.13,,
2023-05-01,서울,75.47,-0.12,-0.13,2.54,29.0
2023-05-01,인천,54.47,-0.12,-0.11,3.99,23.15
2023-05-01,경기도,72.5,-0.17,-0.17,3.03,23.92
2023-05-01,부산,61.25,-0.11,-0.16,2.03,14.18
2023-05-01,대구,39.31,-0.3,-0.25,1.43,9.35
2023-05-01,광주,69.49,-0.12,-0.07,0.43,8.27
2023-05-01,대전,81.13,-0.17,-0.13,1.62,19.2
2023-05-01,세종,66.0,-0.04,-0.11,10.0,52.0
2023-05-01,울산,85.27,-0.1,-0.13,0.7,22.18
2023-05-01,강원,114.31,-0.04,-0.03,6.08,44.36
2023-05-01,충북,125.32,-0.0,-0.03,1.65,15.53
2023-05-01,충남,99.35,-0.1,-0.09,2.31,23.58
2023-05-01,전북,93.53,-0.2,-0.15,0.94,23.89
2023-05-01,전남,132.2,-0.07,-0.05,0.95,19.49
2023-05-01,경북,125.19,-0.04,-0.03,2.02,25.73
2023-05-01,경남,113.28,-0.12,-0.11,3.5,33.66
2023-05-01,제주,82.33,-0.03,-0.18,4.32,21.73
2023-05-01,기타지방,111.56,-0.09,-0.08,2.88,28.31
2023-05-08,전국,,,-0.13,,
2023-05-08,서울,75.86,-0.13,-0.12,2.87,29.07
2023-05-08,인천,57.07,-0.08,-0.11,2.12,22.67
2023-05-08,경기도,72.3,-0.12,-0.16,2.82,26.01
2023-05-08,부산,61.42,-0.14,-0.14,1.03,11.34
2023-05-08,대구,44.69,-0.41,-0.32,2.04,11.58
2023-05-08,광주,79.26,-0.15,-0.1,2.27,12.46
2023-05-08,대전,83.38,-0.17,-0.11,3.14,25.01
2023-05-08,세종,78.72,-0.09,0.09,6.38,38.3
2023-05-08,울산,77.34,-0.17,-0.13,2.14,30.07
2023-05-08,강원,111.61,-0.02,-0.08,10.68,52.08
2023-05-08,충북,123.02,-0.03,0.0,0.78,18.39
2023-05-08,충남,95.17,-0.11,-0.12,2.67,22.27
2023-05-08,전북,100.71,-0.09,-0.08,1.32,28.7
2023-05-08,전남,111.48,-0.06,-0.04,0.99,19.01
2023-05-08,경북,121.28,-0.05,-0.03,2.94,26.98
2023-05-08,경남,112.48,-0.14,-0.15,1.67,26.33
2023-05-08,제주,88.49,-0.03,-0.02,0.0,15.98
2023-05-08,기타지방,109.35,-0.08,-0.07,2.87,27.54
2023-05-15,전국,,,-0.17,,
2023-05-15,서울,80.37,-0.09,-0.17,3.27,32.24
2023-05-15,인천,63.48,-0.2,-0.23,3.38,24.93
2023-05-15,경기도,72.93,-0.14,-0.2,2.62,25.49
2023-05-15,부산,64.22,-0.1,-0.18,1.7,12.53
2023-05-15,대구,45.11,-0.36,-0.29,2.64,13.25
2023-05-15,광주,76.36,-0.05,-0.14,1.34,7.97
2023-05-15,대전,92.7,-0.19,-0.24,0.94,15.53
2023-05-15,세종,77.36,-0.04,-0.01,3.77,41.51
2023-05-15,울산,80.72,-0.16,-0.17,2.81,31.93
2023-05-15,강원,119.66,-0.07,-0.05,12.16,41.85
2023-05-15,충북,134.14,-0.09,-0.08,2.69,21.45
2023-05-15,충남,95.37,-0.13,-0.09,0.78,22.29
2023-05-15,전북,107.56,-0.08,-0.16,3.1,37.05
2023-05-15,전남,117.94,-0.0,-0.07,0.0,16.7
2023-05-15,경북,118.25,-0.15,-0.17,2.81,29.32
2023-05-15,경남,117.31,-0.17,-0.16,1.5,27.12
2023-05-15,제주,80.56,-0.18,-0.01,0.0,14.44
2023-05-15,기타지방,113.1,-0.11,-0.12,2.9,28.32
2023-05-22,전국,,,-0.11,,
2023-05-22,서울,79.68,-0.07,-0.11,2.91,29.04
2023-05-22,인천,57.7,-0.13,-0.1,3.36,22.22
2023-05-22,경기도,76.1,-0.06,-0.12,2.81,25.82
2023-05-22,부산,66.49,-0.21,-0.18,1.4,13.35
2023-05-22,대구,44.68,-0.17,-0.18,1.61,12.18
2023-05-22,광주,73.74,-0.1,-0.08,0.43,6.99
2023-05-22,대전,86.65,-0.1,-0.12,3.63,24.77
2023-05-22,세종,91.11,-0.0,-0.05,6.67,46.67
2023-05-22,울산,73.43,-0.2,-0.09,1.35,20.34
2023-05-22,강원,123.54,-0.07,-0.07,4.02,38.03
2023-05-22,충북,131.33,-0.05,-0.04,6.44,28.79
2023-05-22,충남,103.61,-0.07,-0.07,3.22,25.61
2023-05-22,전북,96.13,-0.08,-0.12,3.13,30.89
2023-05-22,전남,112.55,-0.02,-0.04,1.15,14.45
2023-05-22,경북,117.74,-0.11,-0.07,10.26,39.35
2023-05-22,경남,114.49,-0.08,-0.08,1.79,26.01
2023-05-22,제주,68.33,-0.3,-0.11,0.0,13.6
2023-05-22,기타지방,112.39,-0.07,-0.07,4.3,29.71
2023-05-29,전국,,,-0.07,,
2023-05-29,서울,85.46,-0.03,-0.04,3.64,32.93
2023-05-29,인천,61.19,-0.09,-0.06,2.21,22.05
2023-05-29,경기도,77.45,-0.06,-0.09,2.84,27.73
2023-05-29,부산,69.74,-0.1,-0.1,1.1,13.37
2023-05-29,대구,53.46,-0.21,-0.12,1.84,10.94
2023-05-29,광주,74.26,-0.12,-0.08,1.41,10.47
2023-05-29,대전,82.8,-0.13,-0.08,1.17,27.73
2023-05-29,세종,93.02,0.0,-0.05,4.65,41.86
2023-05-29,울산,75.31,-0.31,-0.08,2.23,26.35
2023-05-29,강원,136.69,-0.05,-0.04,3.44,34.13
2023-05-29,충북,131.85,-0.02,-0.02,0.0,15.76
2023-05-29,충남,100.7,-0.08,-0.07,1.08,27.06
2023-05-29,전북,101.62,-0.12,-0.05,2.47,32.03
2023-05-29,전남,132.18,-0.13,-0.13,2.72,19.76
2023-05-29,경북,125.54,-0.03,-0.04,2.62,23.28
2023-05-29,경남,109.3,-0.1,-0.03,2.97,33.75
2023-05-29,제주,76.21,-0.21,-0.24,4.09,27.88
2023-05-29,기타지방,115.47,-0.07,-0.05,2.35,28.14
2023-06-05,전국,,,-0.07,,
2023-06-05,서울,87.19,-0.01,-0.05,3.87,33.58
2023-06-05,인천,66.38,-0.1,-0.08,2.55,22.23
2023-06-05,경기도,78.19,-0.04,-0.08,3.95,28.58
2023-06-05,부산,63.27,-0.09,-0.13,1.96,14.67
2023-06-05,대구,51.3,-0.16,-0.12,1.31,10.73
2023-06-05,광주,74.32,-0.03,-0.08,0.92,7.58
2023-06-05,대전,97.13,-0.06,-0.06,2.89,26.58
2023-06-05,세종,91.3,-0.01,-0.01,0.0,34.78
2023-06-05,울산,86.76,-0.27,-0.06,3.24,30.27
2023-06-05,강원,130.2,-0.03,-0.04,4.37,45.81
2023-06-05,충북,133.18,-0.07,-0.02,1.02,23.63
2023-06-05,충남,105.31,-0.06,-0.07,2.7,23.33
2023-06-05,전북,101.52,-0.05,-0.07,1.33,35.7
2023-06-05,전남,116.86,-0.02,-0.08,2.06,18.05
2023-06-05,경북,127.67,-0.13,-0.02,4.63,37.36
2023-06-05,경남,107.16,-0.07,-0.05,3.08,30.61
2023-06-05,제주,72.04,-0.07,-0.07,0.0,18.64
2023-06-05,기타지방,114.11,-0.06,-0.05,2.74,30.92
2023-06-12,전국,,,-0.1,,
2023-06-12,서울,90.14,-0.01,-0.08,3.35,33.81
2023-06-12,인천,63.93,-0.1,-0.1,2.14,21.77
2023-06-12,경기도,80.99,-0.04,-0.11,3.89,30.69
2023-06-12,부산,71.67,-0.07,-0.11,1.61,16.75
2023-06-12,대구,51.58,-0.24,-0.21,1.53,15.19
2023-06-12,광주,75.61,-0.09,-0.14,1.99,9.6
2023-06-12,대전,98.69,-0.08,-0.13,2.93,28.07
2023-06-12,세종,100.0,-0.03,0.1,1.96,41.18
2023-06-12,울산,86.65,-0.24,-0.05,2.48,32.0
2023-06-12,강원,129.01,-0.07,-0.09,7.4,34.77
2023-06-12,충북,121.82,-0.01,-0.0,6.7,33.11
2023-06-12,충남,109.17,-0.08,-0.11,2.81,29.05
2023-06-12,전북,108.53,-0.08,-0.08,1.28,38.33
2023-06-12,전남,116.42,-0.06,-0.08,0.91,17.11
2023-06-12,경북,117.79,-0.07,-0.07,7.04,32.38
2023-06-12,경남,109.69,-0.09,-0.09,4.05,35.25
2023-06-12,제주,115.06,-0.07,-0.08,0.0,26.02
2023-06-12,기타지방,114.17,-0.07,-0.07,4.22,32.55
2023-06-19,전국,,,-0.09,,
2023-06-19,서울,93.43,-0.05,-0.07,3.55,34.8
2023-06-19,인천,73.23,-0.11,-0.11,3.2,26.05
2023-06-19,경기도,84.67,-0.09,-0.1,3.58,31.57
2023-06-19,부산,71.08,-0.16,-0.18,1.17,15.37
2023-06-19,대구,51.55,-0.12,-0.17,1.92,13.66
2023-06-19,광주,83.92,-0.07,-0.12,1.29,8.75
2023-06-19,대전,101.43,-0.04,-0.05,2.6,27.57
2023-06-19,세종,104.55,-0.03,0.08,4.55,40.91
2023-06-19,울산,84.03,-0.24,-0.08,2.62,32.11
2023-06-19,강원,136.77,-0.0,-0.02,12.44,53.0
2023-06-19,충북,133.19,-0.04,-0.04,5.92,31.48
2023-06-19,충남,102.04,-0.13,-0.12,2.85,27.15
2023-06-19,전북,98.99,-0.11,-0.11,0.69,29.46
2023-06-19,전남,125.61,-0.04,-0.07,0.0,14.5
2023-06-19,경북,126.51,-0.09,-0.07,1.77,23.07
2023-06-19,경남,115.16,-0.06,-0.05,3.23,31.33
2023-06-19,제주,113.81,-0.43,-0.02,0.0,27.31
2023-06-19,기타지방,117.47,-0.07,-0.06,3.57,30.24
2023-06-26,전국,,,-0.07,,
2023-06-26,서울,93.04,-0.13,-0.05,3.07,36.34
2023-06-26,인천,70.18,-0.2,-0.07,4.51,27.79
2023-06-26,경기도,83.54,-0.08,-0.06,3.43,31.29
2023-06-26,부산,74.49,-0.18,-0.13,1.48,15.08
2023-06-26,대구,54.12,-0.21,-0.19,0.93,12.12
2023-06-26,광주,76.72,-0.04,-0.03,0.45,8.88
2023-06-26,대전,103.73,-0.3,-0.05,3.1,32.38
2023-06-26,세종,113.73,0.06,0.18,3.92,43.14
2023-06-26,울산,75.75,-0.4,-0.05,2.25,31.13
2023-06-26,강원,128.85,-0.05,-0.05,3.35,35.98
2023-06-26,충북,128.43,-0.03,-0.03,2.61,22.29
2023-06-26,충남,103.77,-0.12,-0.06,3.59,32.43
2023-06-26,전북,109.29,-0.09,-0.12,0.66,35.93
2023-06-26,전남,130.81,-0.21,-0.14,5.05,24.75
2023-06-26,경북,111.07,-0.07,-0.02,3.56,29.18
2023-06-26,경남,113.92,-0.09,-0.01,2.44,30.41
2023-06-26,제주,104.67,-0.02,-0.18,0.0,27.31
2023-06-26,기타지방,115.64,-0.09,-0.05,2.93,30.85
2023-07-03,전국,,,-0.04,,
2023-07-03,서울,92.69,-0.02,-0.02,3.78,35.91
2023-07-03,인천,72.85,-0.06,-0.03,2.99,28.46
2023-07-03,경기도,86.51,0.0,-0.03,3.42,32.08
2023-07-03,부산,73.6,-0.08,-0.06,1.33,14.93
2023-07-03,대구,51.31,-0.13,-0.09,2.11,13.9
2023-07-03,광주,93.72,-0.04,-0.05,2.2,20.37
2023-07-03,대전,119.19,-0.07,-0.06,2.05,36.34
2023-07-03,세종,100.0,0.1,0.04,2.22,46.67
2023-07-03,울산,83.97,-0.24,-0.05,3.2,28.61
2023-07-03,강원,132.28,-0.22,-0.16,3.75,39.87
2023-07-03,충북,115.36,-0.05,-0.03,0.76,15.66
2023-07-03,충남,108.57,-0.03,-0.06,3.05,36.66
2023-07-03,전북,106.02,-0.04,-0.07,2.08,27.01
2023-07-03,전남,130.7,-0.05,-0.03,0.95,27.45
2023-07-03,경북,116.41,-0.06,-0.05,4.0,33.97
2023-07-03,경남,100.99,-0.05,-0.02,1.66,28.43
2023-07-03,제주,105.98,0.01,-0.22,0.0,25.37
2023-07-03,기타지방,112.2,-0.06,-0.05,2.33,30.65
2023-07-10,전국,,,-0.06,,
2023-07-10,서울,97.17,-0.05,-0.08,3.78,38.04
2023-07-10,인천,76.33,-0.12,-0.09,1.87,25.31
2023-07-10,경기도,87.74,0.0,-0.04,3.17,32.09
2023-07-10,부산,79.52,-0.08,-0.08,1.86,15.39
2023-07-10,대구,55.73,-0.13,-0.1,1.4,12.98
2023-07-10,광주,94.13,-0.07,-0.09,1.04,19.34
2023-07-10,대전,115.77,-0.0,0.01,4.34,42.93
2023-07-10,세종,114.81,0.15,0.28,3.7,48.15
2023-07-10,울산,89.78,-0.46,-0.16,1.7,31.37
2023-07-10,강원,142.41,-0.02,-0.06,4.71,45.24
2023-07-10,충북,113.1,-0.04,-0.04,0.78,14.94
2023-07-10,충남,111.0,-0.05,-0.02,1.02,33.67
2023-07-10,전북,110.61,-0.0,-0.07,1.91,26.82
2023-07-10,전남,127.96,-0.09,-0.09,0.9,26.13
2023-07-10,경북,121.62,-0.05,-0.07,4.28,35.37
2023-07-10,경남,108.08,-0.06,-0.06,1.89,27.32
2023-07-10,제주,109.57,-0.07,-0.12,6.38,50.47
2023-07-10,기타지방,116.73,-0.04,-0.05,2.34,30.93
2023-07-17,전국,,,-0.05,,
2023-07-17,서울,101.12,-0.05,-0.07,3.74,37.6
2023-07-17,인천,77.79,-0.07,-0.05,2.87,27.63
2023-07-17,경기도,91.58,0.02,-0.02,3.25,32.58
2023-07-17,부산,79.0,-0.11,-0.11,1.54,12.66
2023-07-17,대구,54.5,-0.15,-0.06,1.64,13.94
2023-07-17,광주,92.6,-0.06,-0.15,2.34,20.33
2023-07-17,대전,119.21,0.09,0.02,3.49,38.61
2023-07-17,세종,102.0,0.25,0.18,0.0,42.0
2023-07-17,울산,94.88,-0.23,-0.03,2.98,30.29
2023-07-17,강원,136.73,-0.07,-0.1,3.88,42.2
2023-07-17,충북,116.57,-0.03,-0.03,2.35,16.76
2023-07-17,충남,106.23,-0.02,-0.03,2.58,30.2
2023-07-17,전북,118.52,-0.02,-0.06,0.61,27.39
2023-07-17,전남,141.28,-0.1,-0.04,1.71,25.12
2023-07-17,경북,120.07,-0.07,-0.05,3.51,28.68
2023-07-17,경남,106.87,-0.07,-0.05,2.77,28.2
2023-07-17,제주,116.71,-0.0,-0.0,0.0,38.9
2023-07-17,기타지방,116.93,-0.04,-0.04,2.44,28.97
2023-07-24,전국,,,-0.02,,
2023-07-24,서울,103.6,0.0,-0.02,3.82,39.07
2023-07-24,인천,79.22,-0.1,-0.04,2.83,26.51
2023-07-24,경기도,92.63,0.04,0.01,3.17,33.72
2023-07-24,부산,81.9,-0.07,-0.06,1.25,15.5
2023-07-24,대구,57.79,-0.09,-0.08,1.26,11.0
2023-07-24,광주,98.11,-0.03,-0.02,1.13,18.24
2023-07-24,대전,128.4,0.08,0.01,2.2,40.36
2023-07-24,세종,102.13,0.01,0.18,2.13,46.81
2023-07-24,울산,94.23,-0.19,-0.05,4.14,32.46
2023-07-24,강원,135.78,-0.01,0.0,8.09,44.7
2023-07-24,충북,126.7,-0.12,-0.03,0.8,21.83
2023-07-24,충남,106.13,-0.01,-0.02,2.89,31.03
2023-07-24,전북,120.56,-0.02,-0.04,1.23,21.32
2023-07-24,전남,141.46,-0.04,-0.0,1.97,26.68
2023-07-24,경북,129.86,-0.04,-0.06,2.62,32.82
2023-07-24,경남,108.49,-0.07,-0.01,3.01,28.32
2023-07-24,제주,126.77,0.0,-0.05,0.0,52.05
2023-07-24,기타지방,120.29,-0.04,-0.02,2.83,30.34
2023-07-31,전국,,,-0.02,,
2023-07-31,서울,107.48,0.0,0.0,4.83,41.88
2023-07-31,인천,82.68,-0.05,-0.05,1.5,27.48
2023-07-31,경기도,99.41,-0.02,0.01,2.74,30.37
2023-07-31,부산,83.78,-0.05,-0.03,1.32,13.03
2023-07-31,대구,62.2,-0.15,-0.09,2.58,14.69
2023-07-31,광주,92.78,-0.04,-0.04,1.98,18.49
2023-07-31,대전,119.51,0.01,-0.03,3.73,39.97
2023-07-31,세종,97.83,0.1,0.08,2.17,41.3
2023-07-31,울산,91.87,-0.19,-0.07,2.02,25.05
2023-07-31,강원,143.77,-0.08,0.02,0.19,42.69
2023-07-31,충북,130.82,-0.06,-0.01,2.43,21.88
2023-07-31,충남,103.94,-0.06,-0.02,2.64,31.38
2023-07-31,전북,116.35,-0.03,-0.07,0.59,28.73
2023-07-31,전남,128.62,-0.09,-0.03,0.99,22.75
2023-07-31,경북,121.19,-0.07,-0.02,4.03,35.4
2023-07-31,경남,113.07,-0.11,-0.0,2.05,28.17
2023-07-31,제주,128.16,-0.02,-0.06,0.0,45.95
2023-07-31,기타지방,119.04,-0.07,-0.01,2.01,30.8
2023-08-07,전국,,,-0.01,,
2023-08-07,서울,107.59,0.04,-0.0,4.57,44.09
2023-08-07,인천,84.05,-0.03,-0.03,3.28,31.77
2023-08-07,경기도,99.45,0.05,0.01,3.49,35.84
2023-08-07,부산,80.65,-0.06,-0.06,1.71,16.65
2023-08-07,대구,62.24,-0.07,-0.02,1.86,15.79
2023-08-07,광주,93.33,-0.03,-0.06,1.49,21.68
2023-08-07,대전,133.82,0.07,0.03,2.75,38.0
2023-08-07,세종,106.38,0.18,0.05,2.13,42.55
2023-08-07,울산,82.88,-0.11,-0.05,1.41,28.8
2023-08-07,강원,148.47,0.02,-0.0,6.23,55.56
2023-08-07,충북,142.15,-0.09,-0.02,3.1,36.59
2023-08-07,충남,106.11,-0.02,-0.02,6.93,41.67
2023-08-07,전북,124.91,-0.1,-0.16,1.81,29.82
2023-08-07,전남,131.6,-0.11,-0.05,0.93,24.24
2023-08-07,경북,131.38,-0.05,-0.0,5.02,40.37
2023-08-07,경남,108.52,-0.01,0.02,3.11,29.51
2023-08-07,제주,121.56,-0.09,-0.07,0.0,57.63
2023-08-07,기타지방,122.88,-0.04,-0.02,3.86,36.62
2023-08-14,전국,,,0.01,,
2023-08-14,서울,112.16,0.04,0.03,5.1,46.0
2023-08-14,인천,90.78,0.01,-0.01,3.48,30.03
2023-08-14,경기도,102.64,0.06,0.04,3.42,33.61
2023-08-14,부산,87.26,-0.04,-0.03,1.04,10.92
2023-08-14,대구,70.5,-0.03,-0.05,2.29,17.1
2023-08-14,광주,96.63,-0.03,-0.04,2.55,19.6
2023-08-14,대전,124.95,0.12,0.05,3.03,42.84
2023-08-14,세종,109.52,0.3,0.05,4.76,47.62
2023-08-14,울산,86.66,-0.08,-0.04,1.84,36.45
2023-08-14,강원,151.44,-0.0,0.02,6.51,50.95
2023-08-14,충북,138.55,-0.02,0.01,5.26,33.3
2023-08-14,충남,105.83,-0.01,-0.01,5.3,35.79
2023-08-14,전북,130.08,-0.08,-0.01,2.0,27.43
2023-08-14,전남,138.74,-0.1,-0.07,4.25,32.23
2023-08-14,경북,126.7,-0.06,-0.01,2.31,30.2
2023-08-14,경남,119.03,-0.02,0.01,2.19,30.11
2023-08-14,제주,131.88,-0.0,0.0,5.18,57.77
2023-08-14,기타지방,126.32,-0.02,-0.0,3.7,34.19
2023-08-21,전국,,,0.02,,
2023-08-21,서울,114.91,0.1,0.08,6.37,47.12
2023-08-21,인천,90.84,0.03,0.01,5.21,34.44
2023-08-21,경기도,106.6,0.1,0.04,3.63,35.75
2023-08-21,부산,83.82,-0.03,-0.04,1.34,11.67
2023-08-21,대구,66.68,-0.11,-0.06,0.79,10.93
2023-08-21,광주,103.84,-0.05,-0.04,3.06,21.66
2023-08-21,대전,136.52,0.17,0.07,3.54,40.58
2023-08-21,세종,113.04,0.22,0.02,4.35,43.48
2023-08-21,울산,97.88,-0.18,-0.06,4.41,31.51
2023-08-21,강원,146.06,0.11,0.06,4.53,44.15
2023-08-21,충북,138.49,-0.01,0.03,5.59,36.08
2023-08-21,충남,112.3,-0.03,-0.04,4.83,39.98
2023-08-21,전북,135.89,-0.02,-0.03,1.23,33.18
2023-08-21,전남,140.07,0.06,0.0,1.71,25.71
2023-08-21,경북,136.05,-0.04,-0.0,5.52,36.99
2023-08-21,경남,117.41,-0.06,-0.03,4.98,35.21
2023-08-21,제주,141.83,-0.04,0.01,0.0,31.88
2023-08-21,기타지방,128.77,-0.0,-0.01,4.25,36.35
2023-08-28,전국,,,0.03,,
2023-08-28,서울,113.65,0.1,0.08,5.28,45.58
2023-08-28,인천,90.61,0.03,0.02,5.06,33.96
2023-08-28,경기도,107.77,0.14,0.06,3.81,36.55
2023-08-28,부산,87.87,-0.06,-0.02,1.04,12.03
2023-08-28,대구,68.8,-0.04,-0.03,0.71,13.2
2023-08-28,광주,102.47,-0.04,-0.03,1.16,16.9
2023-08-28,대전,140.32,0.23,0.13,4.16,45.47
2023-08-28,세종,122.0,0.21,0.04,2.0,40.0
2023-08-28,울산,90.86,-0.15,-0.05,5.63,39.54
2023-08-28,강원,153.94,0.05,0.06,5.83,55.36
2023-08-28,충북,138.07,0.01,0.05,4.06,36.2
2023-08-28,충남,112.83,-0.06,0.0,2.22,30.81
2023-08-28,전북,136.22,0.01,-0.05,1.3,28.82
2023-08-28,전남,136.33,0.01,-0.02,0.9,21.52
2023-08-28,경북,135.42,-0.05,-0.0,3.19,36.3
2023-08-28,경남,123.17,-0.06,-0.02,4.41,34.54
2023-08-28,제주,124.87,-0.14,-0.04,0.0,53.3
2023-08-28,기타지방,130.78,-0.02,0.0,3.19,35.14
2023-09-04,전국,,,0.02,,
2023-09-04,서울,119.1,0.1,0.04,4.29,42.61
2023-09-04,인천,88.09,0.06,-0.01,4.56,32.72
2023-09-04,경기도,111.92,0.14,0.06,4.23,36.87
2023-09-04,부산,89.44,-0.02,-0.05,1.17,13.1
2023-09-04,대구,69.89,-0.06,-0.08,2.48,17.22
2023-09-04,광주,104.69,-0.06,-0.05,4.79,26.56
2023-09-04,대전,140.03,0.21,0.1,5.41,45.93
2023-09-04,세종,120.45,0.31,0.07,0.0,36.36
2023-09-04,울산,98.37,-0.06,-0.02,2.28,33.57
2023-09-04,강원,139.56,0.06,0.04,5.1,38.07
2023-09-04,충북,142.47,0.01,0.06,3.24,41.81
2023-09-04,충남,105.85,-0.03,0.01,0.54,30.33
2023-09-04,전북,140.68,-0.01,-0.04,4.49,34.57
2023-09-04,전남,141.74,0.0,-0.04,0.0,15.01
2023-09-04,경북,130.85,-0.02,-0.01,9.57,43.71
2023-09-04,경남,120.48,-0.06,-0.02,4.46,35.51
2023-09-04,제주,121.11,0.02,-0.0,0.0,31.12
2023-09-04,기타지방,128.31,-0.0,-0.0,4.01,35.05
2023-09-11,전국,,,0.03,,
2023-09-11,서울,120.32,0.13,0.07,4.51,41.41
2023-09-11,인천,95.82,0.03,0.01,4.55,34.77
2023-09-11,경기도,113.57,0.13,0.06,3.54,34.4
2023-09-11,부산,88.37,-0.03,-0.05,1.9,14.18
2023-09-11,대구,71.24,-0.04,-0.01,2.24,16.22
2023-09-11,광주,108.52,-0.01,-0.04,1.53,15.38
2023-09-11,대전,146.43,0.26,0.16,4.74,44.72
2023-09-11,세종,106.25,0.3,0.06,2.08,33.33
2023-09-11,울산,99.9,-0.13,-0.0,3.64,45.35
2023-09-11,강원,146.32,0.05,0.06,10.5,58.36
2023-09-11,충북,155.73,0.01,0.04,0.72,30.21
2023-09-11,충남,110.18,0.0,-0.01,4.63,34.74
2023-09-11,전북,142.92,0.02,-0.02,3.8,30.51
2023-09-11,전남,149.02,0.04,-0.01,0.0,17.29
2023-09-11,경북,140.61,-0.08,-0.05,2.07,32.98
2023-09-11,경남,127.36,0.0,-0.03,3.14,34.22
2023-09-11,제주,128.57,-0.0,-0.0,0.0,51.59
2023-09-11,기타지방,134.56,0.01,-0.01,3.42,34.39
2023-09-18,전국,,,0.03,,
2023-09-18,서울,121.2,0.12,0.06,4.26,40.92
2023-09-18,인천,97.83,0.04,0.02,3.77,33.0
2023-09-18,경기도,114.56,0.14,0.06,3.47,35.98
2023-09-18,부산,92.36,-0.05,-0.03,1.44,12.12
2023-09-18,대구,70.64,-0.05,-0.01,0.9,14.7
2023-09-18,광주,106.78,-0.01,-0.03,1.02,16.5
2023-09-18,대전,139.75,0.35,0.17,7.84,50.69
2023-09-18,세종,113.04,0.37,0.07,0.0,34.78
2023-09-18,울산,99.81,-0.05,-0.03,2.09,34.31
2023-09-18,강원,147.23,0.0,0.01,5.34,41.31
2023-09-18,충북,157.8,0.02,0.07,2.22,26.82
2023-09-18,충남,114.47,-0.0,-0.02,1.5,29.02
2023-09-18,전북,146.18,-0.05,-0.09,1.21,24.87
2023-09-18,전남,148.08,-0.01,0.01,0.0,20.05
2023-09-18,경북,131.55,-0.0,0.02,3.32,36.68
2023-09-18,경남,124.92,-0.04,-0.01,3.21,32.56
2023-09-18,제주,137.75,-0.06,0.02,0.0,41.14
2023-09-18,기타지방,134.29,-0.0,-0.0,2.42,31.14
2023-09-25,전국,,,0.03,,
2023-09-25,서울,120.71,0.13,0.05,4.52,41.89
2023-09-25,인천,97.76,0.07,0.0,2.05,30.86
2023-09-25,경기도,114.44,0.13,0.04,2.8,34.71
2023-09-25,부산,93.56,-0.05,-0.03,1.51,13.31
2023-09-25,대구,67.56,-0.05,-0.03,1.46,16.34
2023-09-25,광주,106.91,-0.0,-0.0,2.14,17.43
2023-09-25,대전,145.8,0.12,0.06,4.9,40.96
2023-09-25,세종,95.12,0.36,0.04,2.44,36.59
2023-09-25,울산,104.21,-0.03,0.01,4.41,45.93
2023-09-25,강원,148.23,0.03,0.03,2.44,42.88
2023-09-25,충북,151.05,0.08,0.13,0.76,31.12
2023-09-25,충남,120.01,-0.08,-0.0,3.4,33.2
2023-09-25,전북,144.03,-0.01,-0.04,1.21,20.74
2023-09-25,전남,149.68,0.07,0.02,0.98,24.89
2023-09-25,경북,132.57,-0.02,0.02,2.3,36.82
2023-09-25,경남,122.42,-0.03,0.02,3.8,33.48
2023-09-25,제주,132.34,-0.0,0.0,0.0,55.77
2023-09-25,기타지방,133.03,0.01,0.02,2.41,32.67
2023-10-09,전국,,,0.02,,
2023-10-09,서울,122.47,0.14,0.06,3.27,37.28
2023-10-09,인천,96.67,0.08,-0.0,1.75,29.11
2023-10-09,경기도,113.64,0.16,0.05,1.99,31.04
2023-10-09,부산,93.3,-0.05,-0.09,3.62,17.59
2023-10-09,대구,71.68,-0.05,-0.04,3.17,19.79
2023-10-09,광주,113.28,0.01,-0.0,2.81,19.08
2023-10-09,대전,142.44,0.1,0.04,2.99,36.5
2023-10-09,세종,119.05,0.29,0.08,0.0,28.57
2023-10-09,울산,106.29,-0.14,-0.01,2.81,40.95
2023-10-09,강원,147.26,0.03,0.05,6.6,50.94
2023-10-09,충북,169.75,0.08,0.09,2.85,36.16
2023-10-09,충남,125.67,0.07,0.02,0.47,30.03
2023-10-09,전북,140.8,-0.02,-0.11,1.32,27.24
2023-10-09,전남,158.96,0.16,0.01,0.0,19.38
2023-10-09,경북,136.84,0.02,0.04,2.52,28.09
2023-10-09,경남,119.95,-0.0,-0.01,3.83,32.37
2023-10-09,제주,125.89,0.0,-0.04,0.0,47.25
2023-10-09,기타지방,136.9,0.05,0.01,2.43,31.69
2023-10-16,전국,,,0.02,,
2023-10-16,서울,120.52,0.24,0.06,3.25,36.89
2023-10-16,인천,97.7,0.11,0.02,2.14,27.34
2023-10-16,경기도,113.17,0.17,0.06,1.53,27.88
2023-10-16,부산,93.05,-0.04,-0.06,1.36,13.26
2023-10-16,대구,67.7,-0.08,-0.05,1.19,12.31
2023-10-16,광주,116.31,0.0,-0.02,1.06,20.22
2023-10-16,대전,146.67,0.17,0.1,2.34,40.99
2023-10-16,세종,102.04,0.12,0.02,4.08,36.73
2023-10-16,울산,103.79,-0.05,-0.01,2.77,33.59
2023-10-16,강원,150.85,0.05,0.06,3.58,35.09
2023-10-16,충북,160.66,0.07,0.08,1.61,36.97
2023-10-16,충남,107.26,-0.04,-0.02,1.31,24.25
2023-10-16,전북,149.65,-0.01,-0.06,2.45,23.27
2023-10-16,전남,152.23,0.09,-0.0,0.92,20.42
2023-10-16,경북,130.88,-0.02,-0.01,1.85,36.97
2023-10-16,경남,114.21,-0.03,-0.01,4.49,29.61
2023-10-16,제주,140.36,0.02,0.05,4.57,68.78
2023-10-16,기타지방,131.54,0.01,0.0,2.65,30.44
2023-10-23,전국,,,0.02,,
2023-10-23,서울,117.48,0.16,0.04,2.61,31.7
2023-10-23,인천,93.16,0.06,-0.01,2.17,29.2
2023-10-23,경기도,110.37,0.17,0.04,1.9,28.73
2023-10-23,부산,86.7,-0.02,-0.04,0.93,10.15
2023-10-23,대구,65.38,-0.08,-0.02,2.5,14.05
2023-10-23,광주,113.29,0.01,-0.01,1.03,15.63
2023-10-23,대전,147.33,0.22,0.09,2.18,34.74
2023-10-23,세종,104.44,0.25,0.04,0.0,28.89
2023-10-23,울산,101.86,-0.08,-0.04,1.43,31.52
2023-10-23,강원,150.86,0.1,0.05,3.53,41.8
2023-10-23,충북,165.08,0.06,0.02,1.61,29.14
2023-10-23,충남,107.04,0.03,0.01,0.42,22.23
2023-10-23,전북,144.51,-0.02,-0.03,0.63,21.56
2023-10-23,전남,143.49,0.01,-0.01,0.0,20.72
2023-10-23,경북,126.22,-0.01,0.02,2.42,29.85
2023-10-23,경남,122.88,0.01,0.01,3.0,27.12
2023-10-23,제주,124.11,0.0,-0.05,0.0,43.53
2023-10-23,기타지방,131.84,0.03,0.01,1.74,27.47
2023-10-30,전국,,,0.0,,
2023-10-30,서울,119.06,0.18,0.0,2.59,31.86
2023-10-30,인천,93.77,0.0,0.0,2.48,26.91
2023-10-30,경기도,107.9,0.15,0.03,1.87,24.2
2023-10-30,부산,88.02,-0.05,-0.05,1.61,10.54
2023-10-30,대구,61.65,-0.06,-0.02,0.66,10.37
2023-10-30,광주,125.28,-0.0,-0.03,0.99,16.7
2023-10-30,대전,138.79,0.18,0.06,1.58,32.58
2023-10-30,세종,91.11,0.22,0.01,0.0,22.22
2023-10-30,울산,103.05,-0.07,-0.05,2.59,31.61
2023-10-30,강원,151.28,0.07,0.04,2.45,39.11
2023-10-30,충북,171.66,0.02,0.05,0.77,20.83
2023-10-30,충남,113.35,0.0,-0.02,1.98,26.33
2023-10-30,전북,144.62,-0.04,-0.11,2.23,22.69
2023-10-30,전남,146.6,0.08,0.02,1.28,28.1
2023-10-30,경북,120.5,-0.0,0.0,3.03,27.12
2023-10-30,경남,119.62,-0.0,-0.0,3.71,26.9
2023-10-30,제주,121.88,-0.05,-0.06,0.0,39.29
2023-10-30,기타지방,131.74,0.02,-0.01,2.34,26.95
2023-11-06,전국,,,0.0,,
2023-11-06,서울,117.91,0.17,0.01,1.53,26.59
2023-11-06,인천,90.6,0.02,0.02,1.47,23.8
2023-11-06,경기도,105.74,0.16,0.02,1.47,24.05
2023-11-06,부산,85.89,-0.04,-0.05,1.59,12.47
2023-11-06,대구,65.89,-0.06,-0.04,1.56,13.93
2023-11-06,광주,127.86,-0.02,-0.03,1.02,12.01
2023-11-06,대전,136.94,0.19,0.05,1.12,28.73
2023-11-06,세종,102.13,0.37,0.04,0.0,19.15
2023-11-06,울산,92.97,-0.07,-0.07,1.67,29.74
2023-11-06,강원,156.38,0.1,0.05,6.75,42.43
2023-11-06,충북,159.13,0.1,0.06,0.9,30.66
2023-11-06,충남,110.38,-0.0,-0.02,1.91,26.03
2023-11-06,전북,141.93,-0.02,-0.08,0.65,22.47
2023-11-06,전남,144.77,0.06,-0.0,0.0,20.49
2023-11-06,경북,123.12,-0.08,0.01,3.19,30.57
2023-11-06,경남,119.3,-0.02,0.01,3.87,34.6
2023-11-06,제주,100.79,0.0,-0.04,0.0,35.46
2023-11-06,기타지방,130.17,0.02,0.0,2.53,29.8
2023-11-13,전국,,,-0.01,,
2023-11-13,서울,120.95,0.11,-0.01,1.59,26.1
2023-11-13,인천,87.74,0.02,-0.01,1.51,25.8
2023-11-13,경기도,101.9,0.09,0.0,1.18,21.82
2023-11-13,부산,85.42,-0.04,-0.08,1.42,10.27
2023-11-13,대구,61.4,-0.04,-0.05,0.6,12.71
2023-11-13,광주,125.95,0.0,-0.0,1.55,15.34
2023-11-13,대전,138.22,0.18,0.01,2.44,32.83
2023-11-13,세종,79.25,0.03,0.0,1.89,22.64
2023-11-13,울산,96.14,-0.08,-0.03,0.54,27.42
2023-11-13,강원,158.33,0.01,0.02,5.35,33.83
2023-11-13,충북,163.39,0.07,0.06,0.67,15.49
2023-11-13,충남,111.77,0.01,-0.05,2.63,31.02
2023-11-13,전북,142.61,-0.05,-0.04,0.57,21.98
2023-11-13,전남,139.16,-0.0,-0.04,0.0,18.68
2023-11-13,경북,115.71,-0.04,-0.02,4.53,33.64
2023-11-13,경남,121.45,0.03,-0.0,2.9,28.36
2023-11-13,제주,127.84,0.04,-0.05,0.0,41.55
2023-11-13,기타지방,129.67,0.01,-0.01,2.51,27.08
2023-11-20,전국,,,-0.03,,
2023-11-20,서울,117.84,0.08,-0.01,1.76,24.09
2023-11-20,인천,86.15,0.03,-0.06,1.09,20.5
2023-11-20,경기도,101.16,0.09,-0.01,1.43,20.29
2023-11-20,부산,87.1,-0.06,-0.09,2.07,10.47
2023-11-20,대구,64.52,-0.07,-0.1,0.66,9.98
2023-11-20,광주,116.94,0.02,-0.04,0.94,16.35
2023-11-20,대전,132.11,0.11,0.02,1.18,24.47
2023-11-20,세종,81.82,0.12,0.01,0.0,18.18
2023-11-20,울산,89.72,-0.07,-0.05,0.61,23.18
2023-11-20,강원,157.28,0.04,0.04,9.55,39.9
2023-11-20,충북,166.31,0.05,0.04,0.0,15.94
2023-11-20,충남,108.42,-0.02,-0.1,0.95,21.46
2023-11-20,전북,139.5,-0.04,-0.11,2.18,15.66
2023-11-20,전남,143.99,0.02,-0.04,0.0,22.33
2023-11-20,경북,122.07,-0.01,0.02,2.7,32.44
2023-11-20,경남,113.22,0.03,-0.01,3.39,25.81
2023-11-20,제주,119.42,0.03,-0.04,0.0,43.53
2023-11-20,기타지방,128.34,0.01,-0.02,2.53,24.87
2023-11-27,전국,,,-0.02,,
2023-11-27,서울,115.5,0.1,-0.03,1.36,21.48
2023-11-27,인천,82.99,-0.01,-0.02,1.48,19.72
2023-11-27,경기도,99.64,0.07,-0.01,1.44,19.29
2023-11-27,부산,83.3,-0.02,-0.05,1.19,11.29
2023-11-27,대구,59.16,-0.04,-0.06,1.6,10.05
2023-11-27,광주,117.72,0.01,-0.04,0.98,12.36
2023-11-27,대전,133.52,0.09,-0.0,2.24,24.42
2023-11-27,세종,69.57,0.22,-0.0,2.17,17.39
2023-11-27,울산,96.57,-0.04,-0.05,1.87,27.85
2023-11-27,강원,153.1,0.02,0.0,7.97,44.93
2023-11-27,충북,155.55,0.03,0.05,0.0,12.61
2023-11-27,충남,107.98,0.05,-0.05,1.63,25.2
2023-11-27,전북,140.43,-0.0,-0.05,0.6,15.29
2023-11-27,전남,133.57,0.01,-0.0,0.0,15.94
2023-11-27,경북,118.68,-0.04,0.01,7.96,36.03
2023-11-27,경남,116.78,-0.0,-0.03,2.25,23.5
2023-11-27,제주,113.39,-0.03,0.01,0.0,23.05
2023-11-27,기타지방,125.99,0.01,-0.01,2.92,24.67
2023-12-04,전국,,,-0.02,,
2023-12-04,서울,114.3,0.14,-0.02,1.16,20.8
2023-12-04,인천,80.76,-0.02,-0.03,2.22,21.17
2023-12-04,경기도,96.82,0.1,-0.02,2.32,21.22
2023-12-04,부산,85.33,-0.04,-0.04,2.2,11.53
2023-12-04,대구,62.04,-0.09,-0.02,1.28,9.77
2023-12-04,광주,116.54,0.0,-0.04,2.19,12.13
2023-12-04,대전,131.98,0.11,0.02,0.47,23.54
2023-12-04,세종,71.74,0.06,0.0,0.0,13.04
2023-12-04,울산,98.3,0.0,-0.01,1.04,18.45
2023-12-04,강원,148.24,-0.0,0.05,4.41,34.93
2023-12-04,충북,158.61,0.02,0.03,0.0,10.7
2023-12-04,충남,109.69,-0.01,-0.02,0.95,23.13
2023-12-04,전북,133.66,-0.03,-0.1,0.65,17.22
2023-12-04,전남,123.46,-0.01,-0.01,0.92,17.12
2023-12-04,경북,122.84,-0.02,-0.0,4.98,29.58
2023-12-04,경남,112.95,0.04,-0.03,3.05,25.31
2023-12-04,제주,135.06,-0.03,-0.12,0.0,29.48
2023-12-04,기타지방,124.18,0.0,-0.02,2.21,22.86
2023-12-11,전국,,,-0.04,,
2023-12-11,서울,115.94,0.14,-0.04,1.64,20.72
2023-12-11,인천,86.34,-0.02,-0.08,1.36,20.76
2023-12-11,경기도,95.83,0.08,-0.02,1.48,19.21
2023-12-11,부산,86.01,-0.06,-0.08,0.71,8.0
2023-12-11,대구,63.65,-0.06,-0.05,0.44,7.46
2023-12-11,광주,122.72,0.01,-0.03,2.87,13.3
2023-12-11,대전,132.98,0.06,-0.01,0.88,25.79
2023-12-11,세종,66.67,0.07,-0.01,1.96,19.61
2023-12-11,울산,98.82,-0.04,-0.03,1.51,22.71
2023-12-11,강원,160.89,0.03,0.01,2.84,37.93
2023-12-11,충북,160.28,0.08,0.04,0.0,13.3
2023-12-11,충남,111.6,0.03,-0.02,1.04,18.51
2023-12-11,전북,139.19,-0.06,-0.12,2.22,24.85
2023-12-11,전남,129.92,0.01,-0.09,0.71,14.44
2023-12-11,경북,125.29,-0.02,-0.03,3.09,19.8
2023-12-11,경남,115.97,-0.05,-0.05,2.67,23.03
2023-12-11,제주,131.14,-0.0,-0.01,0.0,27.95
2023-12-11,기타지방,128.04,-0.0,-0.04,1.95,21.65
2023-12-18,전국,,,-0.03,,
2023-12-18,서울,114.42,0.12,-0.04,1.79,21.63
2023-12-18,인천,86.02,-0.02,-0.03,1.81,20.23
2023-12-18,경기도,95.02,0.08,-0.02,1.99,19.89
2023-12-18,부산,87.4,-0.04,-0.07,0.94,8.75
2023-12-18,대구,65.51,-0.06,-0.04,2.34,10.7
2023-12-18,광주,122.42,0.01,-0.03,2.51,12.69
2023-12-18,대전,125.7,0.12,0.01,3.69,27.63
2023-12-18,세종,62.22,0.2,-0.01,4.44,15.56
2023-12-18,울산,110.0,-0.02,-0.01,2.64,19.57
2023-12-18,강원,157.72,0.04,0.02,5.74,37.36
2023-12-18,충북,161.93,0.08,0.04,1.81,18.78
2023-12-18,충남,105.43,-0.03,-0.03,1.01,22.42
2023-12-18,전북,134.94,-0.02,-0.03,0.62,19.49
2023-12-18,전남,134.47,-0.01,-0.02,0.71,15.02
2023-12-18,경북,120.9,-0.07,-0.04,2.93,25.95
2023-12-18,경남,119.83,-0.02,-0.05,2.22,23.74
2023-12-18,제주,121.11,0.05,-0.05,0.0,26.66
2023-12-18,기타지방,126.72,-0.0,-0.02,2.2,23.21
2023-12-25,전국,,,-0.02,,
2023-12-25,서울,113.73,0.1,-0.03,1.88,21.26
2023-12-25,인천,82.34,0.0,-0.03,1.46,22.26
2023-12-25,경기도,95.0,0.06,-0.02,1.91,20.11
2023-12-25,부산,83.14,-0.02,-0.04,0.97,7.83
2023-12-25,대구,62.5,-0.05,-0.01,1.01,10.76
2023-12-25,광주,119.24,0.02,-0.02,1.93,10.44
2023-12-25,대전,130.32,0.08,0.0,1.02,27.47
2023-12-25,세종,64.44,0.16,-0.01,2.22,13.33
2023-12-25,울산,107.01,-0.02,-0.04,2.17,19.5
2023-12-25,강원,155.86,0.04,0.01,3.85,37.59
2023-12-25,충북,162.0,0.02,0.02,1.66,19.28
2023-12-25,충남,104.09,0.01,-0.0,1.08,21.57
2023-12-25,전북,133.06,-0.0,-0.01,2.22,18.85
2023-12-25,전남,130.18,-0.03,-0.01,0.0,9.02
2023-12-25,경북,125.81,-0.03,-0.02,3.51,24.85
2023-12-25,경남,109.25,0.0,-0.02,2.03,22.5
2023-12-25,제주,116.12,0.16,-0.14,0.0,48.93
2023-12-25,기타지방,123.87,0.01,-0.01,2.09,22.21
2024-01-08,전국,,,-0.03,,
2024-01-08,서울,116.76,0.09,-0.05,2.76,27.45
2024-01-08,인천,90.16,0.0,-0.04,1.27,22.48
2024-01-08,경기도,96.63,0.06,-0.03,1.7,18.18
2024-01-08,부산,84.44,-0.03,-0.06,1.75,11.46
2024-01-08,대구,68.16,-0.1,-0.09,1.77,8.26
2024-01-08,광주,102.78,-0.0,-0.05,2.33,11.57
2024-01-08,대전,122.77,0.09,-0.0,3.0,22.3
2024-01-08,세종,54.17,-0.03,-0.06,2.08,10.42
2024-01-08,울산,122.42,-0.02,-0.03,0.56,18.15
2024-01-08,강원,139.37,0.06,0.02,2.57,37.3
2024-01-08,충북,148.45,0.14,0.01,1.52,28.01
2024-01-08,충남,101.47,0.01,-0.02,3.48,27.05
2024-01-08,전북,133.01,0.04,-0.04,1.42,17.57
2024-01-08,전남,113.2,-0.01,-0.03,0.0,12.67
2024-01-08,경북,121.06,-0.07,-0.02,6.95,30.63
2024-01-08,경남,116.8,-0.0,-0.02,3.33,25.92
2024-01-08,제주,134.04,0.05,-0.02,4.06,37.57
2024-01-08,기타지방,120.12,0.01,-0.02,3.09,25.53
2024-01-15,전국,,,-0.04,,
2024-01-15,서울,120.34,0.09,-0.04,2.17,26.28
2024-01-15,인천,90.08,0.01,-0.02,2.19,25.61
2024-01-15,경기도,99.68,0.06,-0.04,1.55,18.43
2024-01-15,부산,88.15,-0.02,-0.05,1.78,11.61
2024-01-15,대구,64.74,-0.1,-0.11,1.57,8.19
2024-01-15,광주,110.45,0.0,-0.11,1.05,11.49
2024-01-15,대전,119.83,0.06,-0.01,3.24,30.5
2024-01-15,세종,64.71,-0.03,-0.01,1.96,7.84
2024-01-15,울산,122.4,0.0,-0.03,1.86,16.43
2024-01-15,강원,144.71,0.06,0.03,1.48,31.51
2024-01-15,충북,159.13,0.15,0.02,0.72,33.41
2024-01-15,충남,109.72,0.02,-0.05,2.52,28.45
2024-01-15,전북,125.07,0.06,-0.05,3.13,24.09
2024-01-15,전남,131.28,-0.0,-0.07,0.0,10.32
2024-01-15,경북,124.11,-0.08,-0.04,6.24,28.1
2024-01-15,경남,126.55,-0.02,-0.04,2.39,27.01
2024-01-15,제주,129.46,0.06,-0.0,6.4,41.02
2024-01-15,기타지방,126.91,0.02,-0.03,2.65,26.17
2024-01-22,전국,,,-0.03,,
2024-01-22,서울,118.59,0.13,-0.03,2.28,26.45
2024-01-22,인천,88.66,0.14,-0.02,1.47,24.18
2024-01-22,경기도,98.66,0.07,-0.03,1.59,19.0
2024-01-22,부산,87.32,-0.02,-0.06,1.17,10.22
2024-01-22,대구,66.56,-0.1,-0.07,1.9,10.61
2024-01-22,광주,104.48,-0.0,-0.04,0.45,10.21
2024-01-22,대전,126.14,0.06,-0.0,2.55,23.1
2024-01-22,세종,65.96,-0.07,-0.02,2.13,8.51
2024-01-22,울산,121.39,0.02,-0.03,2.23,21.91
2024-01-22,강원,153.63,0.05,-0.02,1.41,32.54
2024-01-22,충북,141.89,0.13,0.0,2.81,37.49
2024-01-22,충남,107.83,0.04,-0.03,1.03,20.39
2024-01-22,전북,134.56,0.05,-0.06,2.71,23.16
2024-01-22,전남,118.2,-0.02,-0.01,0.0,14.07
2024-01-22,경북,127.63,-0.08,-0.06,9.74,34.67
2024-01-22,경남,122.06,-0.0,-0.03,3.51,27.07
2024-01-22,제주,138.47,0.0,-0.01,8.96,32.02
2024-01-22,기타지방,125.15,0.01,-0.03,3.45,26.68
2024-01-29,전국,,,-0.04,,
2024-01-29,서울,122.43,0.08,-0.05,2.27,25.44
2024-01-29,인천,93.56,0.1,-0.04,2.23,24.89
2024-01-29,경기도,101.45,0.08,-0.03,1.55,19.95
2024-01-29,부산,90.52,-0.03,-0.07,0.82,10.34
2024-01-29,대구,69.81,-0.09,-0.07,1.17,10.49
2024-01-29,광주,99.66,0.03,-0.13,1.7,12.37
2024-01-29,대전,125.5,0.05,-0.03,0.96,19.46
2024-01-29,세종,55.1,-0.04,-0.04,2.04,8.16
2024-01-29,울산,123.74,0.0,-0.07,0.59,18.02
2024-01-29,강원,146.87,0.05,-0.0,3.4,35.39
2024-01-29,충북,150.21,0.09,0.02,0.62,32.85
2024-01-29,충남,108.67,0.03,-0.02,0.0,16.86
2024-01-29,전북,133.06,0.04,-0.05,2.99,24.8
2024-01-29,전남,114.65,0.01,-0.01,0.71,10.11
2024-01-29,경북,121.39,-0.08,-0.02,5.57,29.18
2024-01-29,경남,126.7,0.02,-0.03,3.62,28.96
2024-01-29,제주,132.02,0.18,-0.06,0.0,23.06
2024-01-29,기타지방,124.75,0.02,-0.02,2.61,25.27
2024-02-05,전국,,,-0.03,,
2024-02-05,서울,120.47,0.07,-0.04,2.18,25.61
2024-02-05,인천,91.19,0.05,-0.02,1.94,17.9
2024-02-05,경기도,102.82,0.06,-0.03,1.85,20.8
2024-02-05,부산,90.29,-0.03,-0.06,1.7,11.93
2024-02-05,대구,71.46,-0.07,-0.07,0.59,6.81
2024-02-05,광주,99.04,0.03,-0.03,1.08,8.34
2024-02-05,대전,121.98,0.08,-0.03,2.36,25.91
2024-02-05,세종,51.92,-0.09,-0.05,0.0,3.85
2024-02-05,울산,121.03,0.01,-0.02,0.54,17.38
2024-02-05,강원,141.04,0.04,0.0,4.59,32.84
2024-02-05,충북,161.36,0.05,0.01,1.96,35.43
2024-02-05,충남,118.1,0.02,-0.03,0.55,20.78
2024-02-05,전북,132.5,0.05,-0.06,2.22,23.94
2024-02-05,전남,112.71,0.0,-0.06,0.0,4.77
2024-02-05,경북,113.95,-0.05,-0.02,5.88,26.53
2024-02-05,경남,122.55,0.01,-0.03,3.26,26.35
2024-02-05,제주,129.05,0.11,-0.02,0.0,26.5
2024-02-05,기타지방,124.27,0.01,-0.03,2.69,24.18
2024-02-19,전국,,,-0.03,,
2024-02-19,서울,124.18,0.13,-0.04,2.45,27.21
2024-02-19,인천,98.96,0.11,-0.02,1.86,24.37
2024-02-19,경기도,103.73,0.07,-0.03,2.07,21.27
2024-02-19,부산,93.55,-0.03,-0.06,1.29,13.11
2024-02-19,대구,73.73,-0.08,-0.05,0.9,8.1
2024-02-19,광주,92.67,0.02,-0.06,2.02,11.29
2024-02-19,대전,118.79,0.06,-0.01,1.13,26.83
2024-02-19,세종,60.42,-0.11,-0.03,2.08,10.42
2024-02-19,울산,121.78,0.07,-0.04,4.53,30.6
2024-02-19,강원,149.02,0.03,0.01,9.76,46.35
2024-02-19,충북,149.48,0.02,0.01,2.62,37.53
2024-02-19,충남,120.18,0.01,-0.01,1.16,22.38
2024-02-19,전북,134.22,0.06,-0.05,1.91,26.21
2024-02-19,전남,128.92,0.04,-0.03,0.0,13.83
2024-02-19,경북,114.44,-0.09,-0.02,5.21,30.46
2024-02-19,경남,126.74,0.01,-0.05,2.65,27.98
2024-02-19,제주,129.05,-0.01,-0.05,3.82,32.41
2024-02-19,기타지방,127.03,0.0,-0.02,3.21,28.33
2024-02-26,전국,,,-0.05,,
2024-02-26,서울,124.12,0.13,-0.03,1.94,26.53
2024-02-26,인천,100.43,0.11,-0.05,1.97,23.84
2024-02-26,경기도,104.28,0.07,-0.05,2.03,22.2
2024-02-26,부산,94.95,-0.02,-0.08,1.11,12.45
2024-02-26,대구,73.79,-0.09,-0.1,0.81,9.28
2024-02-26,광주,93.01,0.02,-0.06,1.54,9.91
2024-02-26,대전,115.3,0.08,-0.05,2.48,29.39
2024-02-26,세종,62.5,-0.09,-0.07,2.08,8.33
2024-02-26,울산,125.07,0.05,-0.09,4.39,27.32
2024-02-26,강원,148.8,0.04,-0.03,5.65,30.65
2024-02-26,충북,148.55,0.03,0.0,1.19,29.25
2024-02-26,충남,121.08,-0.02,-0.05,1.8,22.92
2024-02-26,전북,140.73,0.09,-0.01,4.09,32.07
2024-02-26,전남,119.36,-0.0,-0.03,0.0,6.4
2024-02-26,경북,116.18,-0.07,-0.02,2.08,20.9
2024-02-26,경남,127.48,-0.01,-0.09,3.28,29.12
2024-02-26,제주,123.68,-0.08,0.01,0.0,27.96
2024-02-26,기타지방,127.45,-0.0,-0.04,2.6,24.69
2024-03-04,전국,,,-0.03,,
2024-03-04,서울,126.51,0.15,-0.03,2.13,27.09
2024-03-04,인천,100.38,0.16,-0.01,3.7,28.72
2024-03-04,경기도,104.17,0.08,-0.04,1.91,22.11
2024-03-04,부산,91.98,-0.05,-0.07,1.34,10.63
2024-03-04,대구,72.72,-0.1,-0.08,0.64,9.21
2024-03-04,광주,97.34,0.01,-0.04,1.04,7.04
2024-03-04,대전,115.7,0.06,-0.05,2.26,20.54
2024-03-04,세종,80.0,-0.02,-0.05,0.0,2.22
2024-03-04,울산,131.48,-0.05,-0.04,3.61,24.66
2024-03-04,강원,139.06,0.07,-0.0,5.01,36.2
2024-03-04,충북,144.99,0.02,0.01,1.64,29.39
2024-03-04,충남,118.06,0.03,0.01,2.86,22.62
2024-03-04,전북,132.66,0.06,-0.02,1.65,28.67
2024-03-04,전남,123.91,0.04,0.0,2.83,15.51
2024-03-04,경북,105.99,-0.05,0.02,4.51,28.56
2024-03-04,경남,125.7,0.04,-0.03,2.46,23.9
2024-03-04,제주,133.76,-0.03,-0.02,0.0,18.47
2024-03-04,기타지방,123.82,0.02,-0.01,2.79,25.09
2024-03-11,전국,,,-0.04,,
2024-03-11,서울,128.97,0.11,-0.04,2.31,29.73
2024-03-11,인천,101.87,0.14,-0.0,2.22,25.25
2024-03-11,경기도,104.66,0.07,-0.03,2.24,23.09
2024-03-11,부산,95.91,-0.04,-0.07,0.97,10.34
2024-03-11,대구,71.45,-0.08,-0.1,0.69,7.29
2024-03-11,광주,100.74,-0.01,-0.04,1.86,12.27
2024-03-11,대전,116.76,0.06,-0.02,1.79,23.07
2024-03-11,세종,75.0,-0.05,-0.09,3.85,7.69
2024-03-11,울산,130.76,0.05,-0.07,1.8,18.95
2024-03-11,강원,145.67,0.13,-0.02,10.74,42.88
2024-03-11,충북,147.17,0.05,0.01,0.0,29.17
2024-03-11,충남,121.56,-0.0,-0.01,2.27,25.98
2024-03-11,전북,137.25,0.03,-0.01,1.95,27.51
2024-03-11,전남,117.21,0.05,-0.09,1.67,12.17
2024-03-11,경북,113.05,-0.09,-0.05,4.57,26.02
2024-03-11,경남,124.02,0.02,-0.12,3.65,26.81
2024-03-11,제주,132.01,0.08,-0.03,4.82,39.09
2024-03-11,기타지방,125.77,0.02,-0.05,3.53,26.61
2024-03-18,전국,,,-0.03,,
2024-03-18,서울,129.07,0.17,-0.04,2.64,29.16
2024-03-18,인천,100.12,0.13,-0.01,3.14,25.19
2024-03-18,경기도,106.88,0.07,-0.04,1.79,21.69
2024-03-18,부산,96.53,-0.04,-0.07,1.16,11.1
2024-03-18,대구,74.23,-0.08,-0.06,0.53,8.5
2024-03-18,광주,99.17,-0.02,-0.06,1.39,15.4
2024-03-18,대전,109.5,0.06,-0.01,1.55,20.06
2024-03-18,세종,66.67,-0.08,-0.03,2.08,8.33
2024-03-18,울산,128.64,0.06,-0.03,1.98,26.78
2024-03-18,강원,143.01,0.09,0.02,6.97,40.38
2024-03-18,충북,137.83,0.06,-0.0,0.82,25.77
2024-03-18,충남,109.53,0.01,-0.01,1.97,21.49
2024-03-18,전북,147.44,0.03,0.0,8.1,36.48
2024-03-18,전남,135.17,-0.0,-0.02,1.75,16.86
2024-03-18,경북,116.94,-0.05,-0.02,3.97,28.11
2024-03-18,경남,124.68,-0.07,-0.06,2.73,25.33
2024-03-18,제주,129.6,0.0,-0.07,0.0,21.24
2024-03-18,기타지방,126.02,-0.01,-0.02,3.53,26.65
2024-03-25,전국,,,-0.03,,
2024-03-25,서울,128.08,0.12,-0.04,3.56,32.3
2024-03-25,인천,99.73,0.12,-0.01,2.79,27.32
2024-03-25,경기도,104.86,0.05,-0.03,2.31,24.13
2024-03-25,부산,93.01,-0.01,-0.06,1.11,10.99
2024-03-25,대구,64.07,-0.09,-0.08,0.62,11.59
2024-03-25,광주,100.66,0.04,-0.08,1.93,9.23
2024-03-25,대전,115.64,0.01,-0.02,1.85,25.73
2024-03-25,세종,63.83,-0.1,-0.05,2.13,6.38
2024-03-25,울산,134.07,0.05,-0.02,1.63,22.17
2024-03-25,강원,142.76,0.07,-0.02,7.62,39.39
2024-03-25,충북,137.67,0.01,-0.01,0.0,26.74
2024-03-25,충남,121.16,0.03,0.01,3.04,23.78
2024-03-25,전북,135.82,0.04,0.03,4.02,28.13
2024-03-25,전남,129.94,0.03,0.0,0.0,10.76
2024-03-25,경북,117.17,-0.05,-0.02,7.72,35.73
2024-03-25,경남,119.74,-0.06,-0.09,1.27,21.6
2024-03-25,제주,111.46,-0.07,-0.05,0.0,29.25
2024-03-25,기타지방,124.36,-0.01,-0.02,3.26,25.8
2024-04-01,전국,,,-0.06,,
2024-04-01,서울,129.7,0.11,-0.06,3.78,33.87
2024-04-01,인천,104.81,0.08,-0.02,2.31,26.81
2024-04-01,경기도,104.61,0.06,-0.04,2.51,25.19
2024-04-01,부산,94.52,-0.03,-0.08,1.62,12.99
2024-04-01,대구,60.87,-0.09,-0.1,0.64,10.69
2024-04-01,광주,108.2,-0.02,-0.07,1.93,10.28
2024-04-01,대전,108.06,0.0,-0.07,1.47,24.46
2024-04-01,세종,68.09,-0.04,-0.1,2.13,6.38
2024-04-01,울산,122.8,0.05,-0.04,2.17,24.65
2024-04-01,강원,143.34,0.09,0.0,3.02,29.1
2024-04-01,충북,142.35,0.02,-0.01,0.73,27.76
2024-04-01,충남,116.19,0.01,-0.02,2.63,23.32
2024-04-01,전북,139.31,0.03,-0.02,4.28,31.19
2024-04-01,전남,139.82,-0.03,-0.01,1.34,12.68
2024-04-01,경북,114.79,-0.04,-0.03,8.71,35.22
2024-04-01,경남,120.92,-0.12,-0.21,3.92,27.45
2024-04-01,제주,106.65,-0.04,-0.04,0.0,31.73
2024-04-01,기타지방,125.48,-0.02,-0.06,3.7,26.6
2024-04-08,전국,,,-0.04,,
2024-04-08,서울,130.69,0.12,-0.02,2.93,31.8
2024-04-08,인천,107.12,0.08,-0.02,1.86,26.86
2024-04-08,경기도,104.92,0.07,-0.02,1.84,25.59
2024-04-08,부산,94.99,-0.02,-0.07,2.57,13.56
2024-04-08,대구,58.86,-0.09,-0.09,1.01,9.69
2024-04-08,광주,107.05,-0.03,-0.06,2.45,16.57
2024-04-08,대전,112.35,-0.03,-0.04,1.08,21.91
2024-04-08,세종,69.39,-0.08,-0.03,4.08,12.24
2024-04-08,울산,134.96,0.1,-0.03,0.61,22.89
2024-04-08,강원,145.59,0.1,-0.01,7.88,42.68
2024-04-08,충북,146.76,0.01,-0.01,0.0,30.65
2024-04-08,충남,122.69,0.02,0.0,2.65,26.12
2024-04-08,전북,135.2,0.02,-0.06,1.43,28.71
2024-04-08,전남,138.35,0.01,-0.03,1.2,12.57
2024-04-08,경북,112.73,-0.07,-0.01,7.63,38.4
2024-04-08,경남,120.22,-0.14,-0.15,2.69,24.26
2024-04-08,제주,124.28,0.02,0.02,0.0,29.09
2024-04-08,기타지방,126.14,-0.03,-0.05,3.44,28.38
2024-04-15,전국,,,-0.05,,
2024-04-15,서울,132.65,0.09,-0.01,3.09,32.99
2024-04-15,인천,112.49,0.16,-0.01,1.7,24.83
2024-04-15,경기도,106.36,0.04,-0.02,1.88,24.28
2024-04-15,부산,97.32,-0.01,-0.1,1.49,13.22
2024-04-15,대구,64.98,-0.09,-0.17,1.75,11.81
2024-04-15,광주,103.94,-0.03,-0.08,2.26,9.6
2024-04-15,대전,111.51,0.01,-0.05,1.32,23.32
2024-04-15,세종,60.78,-0.07,-0.26,7.84,19.61
2024-04-15,울산,135.98,0.07,-0.02,0.61,23.88
2024-04-15,강원,145.55,0.06,-0.01,7.79,30.73
2024-04-15,충북,131.87,-0.01,-0.03,1.45,26.59
2024-04-15,충남,119.79,-0.03,-0.12,2.24,22.41
2024-04-15,전북,145.88,0.06,-0.04,2.73,31.23
2024-04-15,전남,125.46,0.08,-0.07,1.25,10.57
2024-04-15,경북,111.08,-0.09,-0.06,4.74,30.75
2024-04-15,경남,114.89,-0.06,-0.11,4.25,26.35
2024-04-15,제주,121.44,-0.0,-0.0,4.28,30.01
2024-04-15,기타지방,122.51,-0.01,-0.08,3.79,25.93
2024-04-22,전국,,,-0.04,,
2024-04-22,서울,132.51,0.1,-0.01,3.09,33.96
2024-04-22,인천,111.93,0.15,-0.02,2.06,27.09
2024-04-22,경기도,105.34,0.05,-0.02,1.8,24.46
2024-04-22,부산,100.18,-0.04,-0.08,2.24,12.95
2024-04-22,대구,66.13,-0.11,-0.1,1.22,11.92
2024-04-22,광주,103.6,-0.03,-0.08,1.31,7.71
2024-04-22,대전,112.51,-0.05,-0.02,1.93,28.43
2024-04-22,세종,63.83,-0.12,-0.15,2.13,10.64
2024-04-22,울산,130.14,0.09,-0.01,0.64,22.73
2024-04-22,강원,141.5,0.02,0.01,4.94,30.81
2024-04-22,충북,140.25,-0.02,-0.02,0.0,22.44
2024-04-22,충남,114.61,-0.01,-0.03,2.96,21.49
2024-04-22,전북,140.65,0.01,-0.02,1.45,24.61
2024-04-22,전남,124.19,0.05,-0.07,0.0,12.09
2024-04-22,경북,120.56,-0.08,-0.09,4.74,21.47
2024-04-22,경남,117.15,-0.03,-0.02,2.65,25.44
2024-04-22,제주,105.51,0.02,0.0,0.0,32.11
2024-04-22,기타지방,123.38,-0.02,-0.04,2.53,22.71
2024-04-29,전국,,,-0.03,,
2024-04-29,서울,131.51,0.09,-0.02,3.74,33.52
2024-04-29,인천,108.68,0.08,-0.02,1.59,28.37
2024-04-29,경기도,106.55,0.04,-0.03,1.39,23.12
2024-04-29,부산,95.94,-0.02,-0.05,1.18,11.31
2024-04-29,대구,62.63,-0.07,-0.12,2.26,14.16
2024-04-29,광주,105.18,-0.03,-0.08,1.01,10.15
2024-04-29,대전,115.5,0.0,-0.02,2.01,28.68
2024-04-29,세종,72.73,-0.16,-0.19,0.0,9.09
2024-04-29,울산,123.66,0.21,-0.01,1.63,27.41
2024-04-29,강원,141.71,0.05,0.02,9.34,44.4
2024-04-29,충북,136.03,-0.01,-0.01,0.82,33.01
2024-04-29,충남,112.9,0.01,-0.04,2.85,23.79
2024-04-29,전북,140.5,0.05,0.01,0.73,21.47
2024-04-29,전남,133.4,0.09,-0.04,0.0,11.27
2024-04-29,경북,115.48,-0.06,-0.02,11.59,38.06
2024-04-29,경남,118.02,-0.02,-0.03,2.34,24.25
2024-04-29,제주,140.09,0.03,-0.0,8.35,43.2
2024-04-29,기타지방,123.48,-0.0,-0.02,3.94,27.3
2024-05-06,전국,,,-0.03,,
2024-05-06,서울,134.83,0.11,0.0,3.26,32.25
2024-05-06,인천,116.26,0.16,-0.02,2.57,28.75
2024-05-06,경기도,110.86,0.07,-0.02,2.05,25.28
2024-05-06,부산,96.9,-0.03,-0.07,1.6,13.98
2024-05-06,대구,62.4,-0.13,-0.05,0.93,10.67
2024-05-06,광주,99.95,-0.04,-0.1,1.27,9.63
2024-05-06,대전,120.6,-0.02,-0.04,1.6,22.21
2024-05-06,세종,77.78,-0.2,-0.23,0.0,8.89
2024-05-06,울산,129.48,0.12,-0.01,1.63,23.03
2024-05-06,강원,148.02,-0.01,-0.02,4.27,34.45
2024-05-06,충북,139.94,-0.01,-0.01,0.0,29.8
2024-05-06,충남,120.59,0.02,-0.02,1.68,21.01
2024-05-06,전북,143.53,0.06,0.01,2.53,28.78
2024-05-06,전남,126.83,0.04,-0.01,1.02,13.62
2024-05-06,경북,114.69,-0.11,-0.01,6.22,31.31
2024-05-06,경남,120.32,-0.09,-0.06,1.07,24.78
2024-05-06,제주,145.14,0.0,-0.01,0.0,34.31
2024-05-06,기타지방,126.25,-0.03,-0.03,2.24,25.65
2024-05-13,전국,,,-0.03,,
2024-05-13,서울,138.2,0.12,-0.0,3.08,32.06
2024-05-13,인천,117.98,0.1,-0.01,2.74,28.91
2024-05-13,경기도,108.94,0.07,-0.02,1.83,24.41
2024-05-13,부산,100.13,-0.01,-0.09,1.7,11.94
2024-05-13,대구,64.4,-0.13,-0.1,1.53,10.91
2024-05-13,광주,103.14,-0.01,-0.08,3.29,12.28
2024-05-13,대전,115.33,-0.01,-0.03,1.4,23.08
2024-05-13,세종,74.0,-0.11,-0.04,0.0,6.0
2024-05-13,울산,127.13,0.12,-0.0,1.27,23.1
2024-05-13,강원,147.46,0.01,-0.05,5.36,34.52
2024-05-13,충북,132.33,-0.08,-0.02,1.38,22.55
2024-05-13,충남,119.96,0.06,-0.02,1.87,20.83
2024-05-13,전북,142.02,0.04,-0.03,3.48,27.04
2024-05-13,전남,136.21,-0.01,-0.04,1.02,10.26
2024-05-13,경북,118.04,-0.01,-0.0,3.67,30.3
2024-05-13,경남,122.07,-0.02,-0.05,1.68,26.0
2024-05-13,제주,142.71,0.01,0.0,0.0,20.49
2024-05-13,기타지방,126.76,-0.01,-0.03,2.43,24.35
2024-05-20,전국,,,-0.03,,
2024-05-20,서울,136.37,0.17,0.01,4.97,36.93
2024-05-20,인천,119.24,0.1,0.0,3.04,28.43
2024-05-20,경기도,112.05,0.07,-0.02,1.65,25.12
2024-05-20,부산,101.39,-0.0,-0.07,1.39,14.0
2024-05-20,대구,65.55,-0.12,-0.08,1.43,11.15
2024-05-20,광주,104.97,-0.01,-0.06,1.78,11.98
2024-05-20,대전,116.61,-0.01,-0.03,1.59,22.45
2024-05-20,세종,66.67,-0.12,-0.12,0.0,2.08
2024-05-20,울산,140.96,0.1,-0.02,2.44,21.75
2024-05-20,강원,151.54,0.02,-0.03,5.09,37.68
2024-05-20,충북,140.14,-0.0,-0.01,0.0,25.27
2024-05-20,충남,133.44,0.04,0.0,1.76,19.91
2024-05-20,전북,148.71,0.06,-0.05,4.36,33.77
2024-05-20,전남,133.72,0.01,-0.0,0.0,11.71
2024-05-20,경북,117.72,-0.04,-0.02,5.28,28.65
2024-05-20,경남,115.53,-0.04,-0.04,2.45,25.26
2024-05-20,제주,146.1,0.01,0.01,5.73,22.01
2024-05-20,기타지방,128.82,-0.0,-0.03,2.72,25.13
2024-05-27,전국,,,-0.04,,
2024-05-27,서울,137.88,0.12,0.02,5.71,38.86
2024-05-27,인천,117.14,0.07,-0.0,5.05,33.02
2024-05-27,경기도,111.8,0.06,-0.03,2.53,26.77
2024-05-27,부산,99.0,-0.03,-0.11,1.5,12.73
2024-05-27,대구,68.54,-0.08,-0.08,1.54,11.39
2024-05-27,광주,103.45,-0.0,-0.11,1.24,13.2
2024-05-27,대전,118.72,-0.02,-0.05,1.53,21.32
2024-05-27,세종,63.04,-0.04,-0.06,2.17,10.87
2024-05-27,울산,145.74,0.06,-0.05,0.64,25.48
2024-05-27,강원,150.56,0.02,0.0,7.07,40.52
2024-05-27,충북,138.11,-0.0,-0.03,4.53,33.34
2024-05-27,충남,125.08,-0.02,-0.06,1.26,22.09
2024-05-27,전북,140.94,0.04,-0.02,2.93,32.25
2024-05-27,전남,140.68,-0.01,-0.08,1.15,13.62
2024-05-27,경북,118.17,-0.04,-0.05,6.09,30.08
2024-05-27,경남,116.28,-0.01,-0.07,1.26,22.81
2024-05-27,제주,128.2,0.02,-0.01,0.0,16.97
2024-05-27,기타지방,126.73,-0.01,-0.05,3.15,26.57
2024-06-03,전국,,,-0.02,,
2024-06-03,서울,138.07,0.12,0.04,7.0,42.07
2024-06-03,인천,117.46,0.07,0.01,5.17,35.95
2024-06-03,경기도,112.31,0.06,-0.0,2.83,28.93
2024-06-03,부산,99.93,-0.0,-0.09,1.77,12.91
2024-06-03,대구,64.73,-0.07,-0.08,2.0,13.94
2024-06-03,광주,106.52,-0.03,-0.1,1.82,11.64
2024-06-03,대전,118.27,-0.02,-0.04,1.99,25.27
2024-06-03,세종,69.57,-0.17,-0.23,2.17,13.04
2024-06-03,울산,139.44,0.09,-0.01,0.67,25.61
2024-06-03,강원,142.9,-0.03,-0.02,5.2,35.93
2024-06-03,충북,128.57,-0.01,-0.02,0.62,27.01
2024-06-03,충남,132.31,0.03,0.01,2.59,24.38
2024-06-03,전북,149.39,0.03,0.03,2.17,31.39
2024-06-03,전남,137.91,0.01,0.0,1.12,13.95
2024-06-03,경북,122.27,-0.05,-0.01,5.0,29.85
2024-06-03,경남,114.9,-0.06,-0.02,1.45,26.02
2024-06-03,제주,140.37,0.01,-0.03,0.0,26.91
2024-06-03,기타지방,127.45,-0.02,-0.02,2.51,26.55
2024-06-10,전국,,,-0.01,,
2024-06-10,서울,142.32,0.17,0.06,8.27,47.07
2024-06-10,인천,124.01,0.06,0.01,2.87,31.17
2024-06-10,경기도,115.74,0.06,-0.01,3.31,30.8
2024-06-10,부산,102.45,0.01,-0.05,0.9,13.04
2024-06-10,대구,66.52,-0.05,-0.14,1.46,11.3
2024-06-10,광주,113.44,-0.04,-0.08,1.92,13.65
2024-06-10,대전,121.79,-0.02,-0.04,2.27,25.8
2024-06-10,세종,65.31,-0.16,-0.07,0.0,12.24
2024-06-10,울산,139.89,0.11,-0.0,0.67,21.7
2024-06-10,강원,157.2,0.0,-0.02,1.87,36.65
2024-06-10,충북,139.15,-0.01,-0.0,0.55,28.15
2024-06-10,충남,130.09,0.02,-0.03,1.2,21.55
2024-06-10,전북,146.74,0.09,0.04,6.39,38.99
2024-06-10,전남,135.48,0.01,-0.03,1.7,8.63
2024-06-10,경북,129.62,-0.1,-0.03,2.75,25.65
2024-06-10,경남,122.86,-0.04,-0.03,2.8,24.16
2024-06-10,제주,155.85,0.0,-0.1,0.0,19.81
2024-06-10,기타지방,132.26,-0.01,-0.02,2.41,25.62
2024-06-17,전국,,,-0.01,,
2024-06-17,서울,140.44,0.19,0.07,9.34,49.62
2024-06-17,인천,121.05,0.13,0.01,3.5,33.72
2024-06-17,경기도,115.71,0.06,-0.0,3.33,31.68
2024-06-17,부산,100.45,0.01,-0.05,2.7,14.17
2024-06-17,대구,67.37,-0.15,-0.09,1.74,12.15
2024-06-17,광주,110.58,-0.05,-0.05,0.43,7.67
2024-06-17,대전,119.06,-0.02,-0.02,1.0,22.3
2024-06-17,세종,68.75,-0.16,-0.1,2.08,8.33
2024-06-17,울산,138.76,0.08,-0.01,1.41,26.27
2024-06-17,강원,142.95,0.02,-0.02,4.55,40.56
2024-06-17,충북,140.66,-0.0,0.01,6.51,42.48
2024-06-17,충남,127.88,0.02,0.01,2.52,25.73
2024-06-17,전북,148.95,0.03,0.01,4.65,33.1
2024-06-17,전남,140.16,-0.01,-0.03,1.06,11.55
2024-06-17,경북,122.58,-0.07,-0.04,9.16,37.86
2024-06-17,경남,120.68,-0.04,-0.03,0.89,22.58
2024-06-17,제주,133.91,0.02,-0.02,0.0,21.0
2024-06-17,기타지방,129.54,-0.02,-0.02,3.86,29.04
2024-06-24,전국,,,-0.01,,
2024-06-24,서울,140.95,0.16,0.11,11.21,52.1
2024-06-24,인천,122.12,0.09,-0.0,2.77,32.58
2024-06-24,경기도,117.22,0.05,-0.0,4.77,34.57
2024-06-24,부산,102.72,0.0,-0.08,1.63,11.93
2024-06-24,대구,67.19,-0.14,-0.12,1.53,12.08
2024-06-24,광주,102.01,-0.0,-0.06,1.78,8.58
2024-06-24,대전,119.4,-0.02,-0.03,0.47,20.97
2024-06-24,세종,71.74,-0.1,-0.1,0.0,6.52
2024-06-24,울산,141.4,0.1,-0.01,1.46,29.9
2024-06-24,강원,142.18,0.05,-0.02,4.61,33.86
2024-06-24,충북,139.86,-0.02,-0.03,1.87,31.45
2024-06-24,충남,130.54,0.01,-0.02,1.15,22.09
2024-06-24,전북,149.87,0.05,0.03,2.12,33.18
2024-06-24,전남,137.92,0.05,-0.05,1.06,12.85
2024-06-24,경북,117.65,-0.02,-0.01,3.54,27.76
2024-06-24,경남,115.34,-0.03,-0.07,2.22,22.65
2024-06-24,제주,143.2,0.04,-0.01,0.0,25.06
2024-06-24,기타지방,127.89,0.0,-0.03,2.23,25.2
2024-07-01,전국,,,0.0,,
2024-07-01,서울,140.35,0.17,0.09,13.82,62.48
2024-07-01,인천,134.22,0.08,0.01,3.73,40.64
2024-07-01,경기도,116.11,0.05,0.01,5.44,36.18
2024-07-01,부산,106.14,-0.03,-0.07,2.45,12.7
2024-07-01,대구,73.22,-0.14,-0.1,0.52,11.2
2024-07-01,광주,116.15,-0.0,-0.03,3.3,18.61
2024-07-01,대전,123.03,-0.03,-0.03,1.91,19.0
2024-07-01,세종,57.78,-0.06,-0.09,2.22,17.78
2024-07-01,울산,137.93,0.05,-0.03,3.13,31.17
2024-07-01,강원,151.69,0.02,-0.0,7.13,38.97
2024-07-01,충북,142.19,-0.0,-0.01,0.85,28.66
2024-07-01,충남,126.26,-0.0,-0.01,2.22,27.62
2024-07-01,전북,152.91,0.02,0.03,4.07,43.73
2024-07-01,전남,139.26,0.01,-0.03,0.97,17.7
2024-07-01,경북,127.0,-0.02,-0.01,4.47,27.99
2024-07-01,경남,119.93,-0.06,-0.02,2.36,24.72
2024-07-01,제주,133.33,0.01,0.0,0.0,29.05
2024-07-01,기타지방,130.83,-0.01,-0.01,3.04,28.95
2024-07-08,전국,,,-0.01,,
2024-07-08,서울,139.29,0.15,0.12,15.19,64.43
2024-07-08,인천,133.27,0.07,0.03,5.26,42.23
2024-07-08,경기도,119.7,0.06,-0.0,6.21,38.67
2024-07-08,부산,104.79,-0.05,-0.11,1.92,13.5
2024-07-08,대구,68.62,-0.15,-0.12,2.25,14.51
2024-07-08,광주,121.26,-0.02,-0.09,0.44,12.9
2024-07-08,대전,118.48,-0.02,-0.03,3.46,21.59
2024-07-08,세종,70.45,-0.09,-0.2,2.27,13.64
2024-07-08,울산,146.29,0.1,0.01,3.03,31.88
2024-07-08,강원,144.21,0.05,0.01,8.68,47.74
2024-07-08,충북,136.87,0.01,0.0,1.53,30.26
2024-07-08,충남,123.7,0.02,-0.0,2.41,29.96
2024-07-08,전북,151.38,0.08,0.02,3.72,39.21
2024-07-08,전남,143.58,-0.02,-0.07,2.27,16.2
2024-07-08,경북,127.29,-0.06,-0.07,6.06,29.2
2024-07-08,경남,123.93,-0.05,-0.05,2.54,23.8
2024-07-08,제주,150.62,-0.0,-0.05,0.0,15.11
2024-07-08,기타지방,131.02,-0.01,-0.03,3.64,29.3
2024-07-15,전국,,,0.02,,
2024-07-15,서울,141.9,0.21,0.17,16.51,67.95
2024-07-15,인천,132.13,0.09,0.01,5.26,43.08
2024-07-15,경기도,121.85,0.08,0.03,5.83,38.76
2024-07-15,부산,100.05,-0.02,-0.04,2.49,12.64
2024-07-15,대구,67.92,-0.08,-0.05,1.59,14.03
2024-07-15,광주,127.17,-0.0,-0.06,0.98,16.93
2024-07-15,대전,120.52,-0.02,-0.02,0.91,14.47
2024-07-15,세종,78.85,-0.1,-0.1,1.92,19.23
2024-07-15,울산,152.39,0.1,0.0,2.67,33.59
2024-07-15,강원,145.36,-0.0,-0.01,6.09,39.92
2024-07-15,충북,139.5,-0.01,-0.01,0.69,31.75
2024-07-15,충남,122.93,0.04,0.0,1.68,26.47
2024-07-15,전북,154.24,0.04,0.08,5.34,41.15
2024-07-15,전남,137.42,-0.05,-0.05,2.86,17.35
2024-07-15,경북,125.77,-0.05,-0.03,4.07,28.54
2024-07-15,경남,127.07,-0.06,-0.02,2.77,26.53
2024-07-15,제주,137.16,0.0,-0.08,0.0,8.94
2024-07-15,기타지방,131.71,-0.02,-0.01,3.16,29.14
2024-07-22,전국,,,0.02,,
2024-07-22,서울,138.71,0.21,0.19,17.73,72.11
2024-07-22,인천,138.95,0.11,0.02,5.42,42.88
2024-07-22,경기도,123.48,0.1,0.04,6.34,40.9
2024-07-22,부산,105.3,-0.05,-0.1,2.0,12.77
2024-07-22,대구,71.34,-0.07,-0.06,2.86,16.22
2024-07-22,광주,124.58,0.0,-0.07,1.31,15.87
2024-07-22,대전,118.04,-0.03,-0.04,3.45,24.6
2024-07-22,세종,75.56,-0.08,-0.22,0.0,13.33
2024-07-22,울산,159.16,0.05,-0.01,3.25,31.02
2024-07-22,강원,134.54,0.0,-0.01,5.27,42.12
2024-07-22,충북,144.16,0.01,0.01,0.0,27.5
2024-07-22,충남,123.44,0.01,-0.02,2.15,28.19
2024-07-22,전북,154.87,0.04,0.03,10.0,44.97
2024-07-22,전남,151.15,0.0,-0.04,1.06,12.42
2024-07-22,경북,118.57,-0.03,-0.07,5.6,30.86
2024-07-22,경남,128.66,0.0,-0.04,3.28,26.42
2024-07-22,제주,117.55,0.0,0.0,0.0,17.55
2024-07-22,기타지방,131.48,0.0,-0.03,3.75,29.39
2024-07-29,전국,,,0.03,,
2024-07-29,서울,140.85,0.23,0.22,16.89,71.97
2024-07-29,인천,142.2,0.12,0.03,5.55,42.12
2024-07-29,경기도,125.18,0.08,0.05,6.58,42.31
2024-07-29,부산,101.17,-0.04,-0.06,2.12,14.01
2024-07-29,대구,71.87,-0.07,-0.05,2.61,15.76
2024-07-29,광주,132.39,0.01,-0.06,1.15,17.88
2024-07-29,대전,117.19,-0.0,-0.02,1.0,18.1
2024-07-29,세종,82.22,-0.03,-0.15,4.44,15.56
2024-07-29,울산,153.3,0.06,0.02,2.58,33.67
2024-07-29,강원,148.07,-0.03,-0.04,5.35,40.78
2024-07-29,충북,144.19,0.0,-0.01,1.87,29.33
2024-07-29,충남,127.23,-0.02,-0.01,0.53,30.04
2024-07-29,전북,159.44,0.03,0.02,4.68,39.42
2024-07-29,전남,147.9,-0.03,-0.08,1.76,18.02
2024-07-29,경북,125.41,-0.01,-0.01,3.16,29.12
2024-07-29,경남,130.11,-0.04,-0.02,4.94,27.37
2024-07-29,제주,126.68,0.0,-0.01,0.0,18.88
2024-07-29,기타지방,135.38,-0.01,-0.02,3.35,29.63
2024-08-05,전국,,,0.02,,
2024-08-05,서울,141.55,0.2,0.22,13.45,66.61
2024-08-05,인천,142.08,0.15,0.01,5.57,45.05
2024-08-05,경기도,126.21,0.09,0.03,5.81,40.19
2024-08-05,부산,103.51,-0.04,-0.09,1.24,13.72
2024-08-05,대구,69.9,-0.07,-0.08,2.27,14.0
2024-08-05,광주,131.31,-0.0,-0.09,0.72,13.64
2024-08-05,대전,123.77,-0.01,-0.03,2.03,20.62
2024-08-05,세종,77.55,-0.05,-0.05,0.0,14.29
2024-08-05,울산,158.24,0.04,0.01,1.55,31.63
2024-08-05,강원,154.14,0.0,-0.01,7.84,44.53
2024-08-05,충북,140.96,0.01,-0.03,2.49,34.41
2024-08-05,충남,127.89,0.01,-0.01,2.57,33.04
2024-08-05,전북,156.03,0.02,0.03,4.26,42.45
2024-08-05,전남,147.23,0.01,-0.08,1.32,15.29
2024-08-05,경북,125.58,-0.03,-0.03,12.29,43.39
2024-08-05,경남,129.58,-0.02,-0.05,5.61,30.03
2024-08-05,제주,133.48,0.0,-0.04,4.28,31.23
2024-08-05,기타지방,135.06,-0.0,-0.03,5.33,34.05
2024-08-12,전국,,,0.05,,
2024-08-12,서울,142.89,0.2,0.26,13.48,68.76
2024-08-12,인천,145.24,0.24,0.03,4.63,42.08
2024-08-12,경기도,128.45,0.1,0.06,5.66,42.07
2024-08-12,부산,106.45,-0.0,-0.04,1.73,15.41
2024-08-12,대구,73.16,-0.07,-0.04,2.77,16.4
2024-08-12,광주,138.6,0.02,-0.06,1.84,17.06
2024-08-12,대전,124.32,-0.0,-0.01,2.37,21.62
2024-08-12,세종,67.27,-0.38,-0.06,0.0,9.09
2024-08-12,울산,156.87,0.07,0.01,1.88,37.99
2024-08-12,강원,150.69,0.01,0.0,2.31,36.07
2024-08-12,충북,145.42,0.03,0.02,0.77,30.13
2024-08-12,충남,134.38,0.02,-0.01,2.95,36.64
2024-08-12,전북,153.51,0.02,0.02,2.47,35.58
2024-08-12,전남,143.73,0.02,-0.03,1.62,17.87
2024-08-12,경북,135.33,-0.01,-0.01,5.73,32.92
2024-08-12,경남,134.26,-0.01,0.0,2.59,26.36
2024-08-12,제주,144.29,-0.0,-0.02,0.0,25.72
2024-08-12,기타지방,137.87,-0.01,-0.0,2.65,29.9
2024-08-19,전국,,,0.04,,
2024-08-19,서울,144.4,0.17,0.25,13.94,70.54
2024-08-19,인천,145.5,0.19,0.07,4.86,43.39
2024-08-19,경기도,130.41,0.11,0.06,6.95,44.87
2024-08-19,부산,109.52,0.02,-0.07,1.87,14.39
2024-08-19,대구,69.96,-0.11,-0.1,2.18,16.23
2024-08-19,광주,137.51,0.04,-0.05,0.97,12.86
2024-08-19,대전,123.02,-0.01,-0.02,3.7,24.85
2024-08-19,세종,66.67,-0.01,-0.13,2.22,20.0
2024-08-19,울산,161.63,0.06,0.01,4.72,43.67
2024-08-19,강원,157.6,0.01,-0.02,6.91,42.14
2024-08-19,충북,147.01,-0.0,0.03,3.8,43.67
2024-08-19,충남,132.91,0.0,-0.01,1.81,29.35
2024-08-19,전북,155.83,0.05,0.04,3.36,46.39
2024-08-19,전남,139.4,0.01,-0.08,0.96,18.64
2024-08-19,경북,135.47,-0.03,-0.08,6.34,34.36
2024-08-19,경남,129.8,-0.01,-0.03,4.27,26.91
2024-08-19,제주,134.85,0.01,-0.03,0.0,21.24
2024-08-19,기타지방,137.25,0.0,-0.03,3.92,32.95
2024-08-26,전국,,,0.05,,
2024-08-26,서울,144.5,0.19,0.25,12.57,67.72
2024-08-26,인천,149.98,0.15,0.05,6.41,47.88
2024-08-26,경기도,130.82,0.12,0.08,6.52,44.23
2024-08-26,부산,114.17,-0.01,-0.04,1.8,14.19
2024-08-26,대구,76.0,-0.04,-0.03,0.65,14.08
2024-08-26,광주,140.62,-0.0,-0.06,1.11,17.61
2024-08-26,대전,130.5,-0.02,-0.01,2.94,23.63
2024-08-26,세종,66.0,-0.06,-0.08,2.0,20.0
2024-08-26,울산,155.09,0.1,0.0,4.81,39.84
2024-08-26,강원,153.19,0.0,0.03,2.42,29.84
2024-08-26,충북,147.75,-0.0,-0.02,4.02,43.47
2024-08-26,충남,129.89,-0.01,0.0,1.97,34.62
2024-08-26,전북,155.62,0.09,0.03,4.77,48.39
2024-08-26,전남,146.05,0.0,-0.02,1.01,20.15
2024-08-26,경북,126.33,-0.08,0.0,4.47,33.38
2024-08-26,경남,132.13,-0.01,-0.03,3.45,26.94
2024-08-26,제주,123.7,0.01,-0.01,4.26,39.81
2024-08-26,기타지방,135.97,-0.01,-0.01,3.25,32.95
2024-09-02,전국,,,0.05,,
2024-09-02,서울,142.84,0.17,0.22,8.72,61.54
2024-09-02,인천,154.29,0.13,0.06,5.0,45.21
2024-09-02,경기도,131.36,0.12,0.08,5.1,42.38
2024-09-02,부산,111.8,0.02,-0.03,1.21,11.55
2024-09-02,대구,70.12,-0.03,-0.08,3.03,17.43
2024-09-02,광주,142.95,0.01,-0.03,1.15,18.28
2024-09-02,대전,122.76,0.07,-0.01,3.0,25.09
2024-09-02,세종,78.26,-0.02,-0.04,0.0,17.39
2024-09-02,울산,158.18,0.08,0.01,5.54,46.41
2024-09-02,강원,153.52,0.0,0.01,1.97,33.86
2024-09-02,충북,152.07,0.01,0.0,0.81,30.03
2024-09-02,충남,130.87,-0.02,-0.01,1.52,29.77
2024-09-02,전북,154.55,0.07,0.04,5.88,45.06
2024-09-02,전남,145.2,0.01,-0.01,0.0,14.62
2024-09-02,경북,128.68,-0.04,-0.02,7.22,39.04
2024-09-02,경남,136.25,-0.0,-0.01,3.54,29.84
2024-09-02,제주,135.61,0.03,-0.0,0.0,35.61
2024-09-02,기타지방,138.41,0.0,-0.0,3.15,31.76
2024-09-09,전국,,,0.04,,
2024-09-09,서울,143.27,0.18,0.16,6.36,57.75
2024-09-09,인천,153.2,0.19,0.07,4.29,42.89
2024-09-09,경기도,130.96,0.1,0.06,3.93,39.81
2024-09-09,부산,116.19,0.03,-0.02,0.85,14.55
2024-09-09,대구,74.18,-0.04,-0.03,2.75,19.46
2024-09-09,광주,139.44,-0.0,-0.04,1.08,15.55
2024-09-09,대전,130.96,-0.02,-0.0,3.62,28.61
2024-09-09,세종,87.5,-0.04,-0.06,3.57,25.0
2024-09-09,울산,159.39,0.09,0.01,5.17,44.06
2024-09-09,강원,156.32,0.02,0.01,0.93,29.97
2024-09-09,충북,152.7,0.01,0.01,0.78,33.72
2024-09-09,충남,132.44,-0.02,-0.01,1.45,33.8
2024-09-09,전북,158.69,0.07,0.06,8.11,50.7
2024-09-09,전남,144.99,0.01,0.0,0.88,13.35
2024-09-09,경북,134.77,-0.02,0.0,10.55,40.74
2024-09-09,경남,135.15,-0.0,-0.02,3.49,27.1
2024-09-09,제주,114.44,0.03,-0.03,0.0,31.82
2024-09-09,기타지방,140.12,0.0,0.0,4.02,32.77
2024-09-23,전국,,,0.03,,
2024-09-23,서울,139.72,0.1,0.18,5.79,53.48
2024-09-23,인천,151.4,0.14,0.04,4.85,43.77
2024-09-23,경기도,130.77,0.08,0.05,3.04,37.82
2024-09-23,부산,117.21,0.01,-0.03,1.48,14.07
2024-09-23,대구,78.34,-0.02,-0.05,1.45,16.51
2024-09-23,광주,138.22,0.0,-0.05,1.06,13.23
2024-09-23,대전,126.76,0.02,0.01,1.0,21.99
2024-09-23,세종,86.96,0.0,-0.01,2.17,19.57
2024-09-23,울산,161.83,0.05,0.04,5.51,43.18
2024-09-23,강원,157.83,0.0,-0.01,6.03,38.66
2024-09-23,충북,151.26,0.04,0.0,2.05,34.58
2024-09-23,충남,130.23,-0.0,-0.02,4.45,36.5
2024-09-23,전북,157.37,0.02,-0.01,3.56,39.38
2024-09-23,전남,150.33,0.01,-0.03,1.55,21.07
2024-09-23,경북,131.09,-0.01,-0.02,10.52,42.05
2024-09-23,경남,130.35,0.01,-0.02,3.93,25.83
2024-09-23,제주,125.77,0.0,-0.04,0.0,34.3
2024-09-23,기타지방,138.71,0.01,-0.02,4.65,33.16
2024-09-30,전국,,,0.02,,
2024-09-30,서울,141.07,0.07,0.09,3.94,48.6
2024-09-30,인천,150.26,0.1,0.03,3.8,40.72
2024-09-30,경기도,132.58,0.06,0.03,2.79,34.72
2024-09-30,부산,122.07,0.02,-0.03,1.83,13.7
2024-09-30,대구,77.54,-0.03,-0.04,0.68,14.67
2024-09-30,광주,146.09,0.01,-0.02,1.32,15.97
2024-09-30,대전,129.5,0.03,0.01,1.75,22.97
2024-09-30,세종,95.12,0.02,-0.01,0.0,14.63
2024-09-30,울산,159.84,0.08,0.01,4.19,41.67
2024-09-30,강원,162.81,0.0,0.0,2.68,35.24
2024-09-30,충북,156.25,0.01,0.03,0.83,36.36
2024-09-30,충남,131.12,0.04,0.01,3.28,33.9
2024-09-30,전북,158.62,0.02,0.01,6.72,42.22
2024-09-30,전남,153.08,0.02,-0.01,1.18,14.14
2024-09-30,경북,137.8,0.01,-0.01,8.99,43.7
2024-09-30,경남,138.59,0.0,0.0,2.44,27.64
2024-09-30,제주,140.41,0.0,-0.02,0.0,46.22
2024-09-30,기타지방,143.54,0.01,0.0,3.7,32.98
2024-10-07,전국,,,0.03,,
2024-10-07,서울,140.3,0.12,0.1,3.76,46.43
2024-10-07,인천,153.96,0.18,0.03,2.11,33.58
2024-10-07,경기도,130.33,0.12,0.06,2.29,32.84
2024-10-07,부산,121.36,0.01,-0.02,2.16,14.12
2024-10-07,대구,80.9,-0.02,-0.04,2.41,16.88
2024-10-07,광주,150.1,0.03,-0.04,2.24,13.96
2024-10-07,대전,136.36,0.03,0.02,1.01,24.32
2024-10-07,세종,95.92,-0.03,-0.06,0.0,10.2
2024-10-07,울산,168.36,0.14,0.02,5.25,36.2
2024-10-07,강원,149.3,-0.0,-0.03,1.97,33.5
2024-10-07,충북,157.05,0.02,0.01,1.51,31.38
2024-10-07,충남,137.87,0.01,-0.01,3.21,31.38
2024-10-07,전북,152.98,0.03,0.08,9.79,47.58
2024-10-07,전남,144.58,0.03,0.0,1.09,16.94
2024-10-07,경북,126.79,-0.05,-0.0,5.07,30.64
2024-10-07,경남,142.59,0.0,-0.02,3.29,27.57
2024-10-07,제주,134.59,0.02,0.0,0.0,32.7
2024-10-07,기타지방,141.31,0.0,-0.0,3.7,30.6
2024-10-14,전국,,,0.02,,
2024-10-14,서울,140.02,0.11,0.12,3.22,45.64
2024-10-14,인천,152.31,0.13,0.03,3.16,36.64
2024-10-14,경기도,129.2,0.13,0.05,2.71,32.28
2024-10-14,부산,120.73,0.01,-0.04,1.73,16.95
2024-10-14,대구,80.96,-0.06,-0.05,2.91,14.56
2024-10-14,광주,148.56,0.06,-0.05,1.47,11.74
2024-10-14,대전,127.37,0.05,-0.0,1.39,19.35
2024-10-14,세종,98.11,-0.01,-0.05,1.89,15.09
2024-10-14,울산,170.89,0.15,0.03,1.97,37.7
2024-10-14,강원,160.95,0.0,-0.02,4.64,39.92
2024-10-14,충북,160.62,0.04,0.02,3.83,35.99
2024-10-14,충남,135.19,0.02,-0.03,1.3,28.78
2024-10-14,전북,152.52,0.07,0.06,8.74,46.87
2024-10-14,전남,146.53,-0.01,-0.05,0.0,17.28
2024-10-14,경북,136.87,-0.02,-0.03,5.96,35.68
2024-10-14,경남,143.98,-0.01,-0.03,3.84,29.26
2024-10-14,제주,142.76,0.01,-0.01,6.85,38.5
2024-10-14,기타지방,144.55,0.01,-0.01,4.09,32.62
2024-10-21,전국,,,-0.0,,
2024-10-21,서울,133.42,0.11,0.08,3.68,43.74
2024-10-21,인천,148.68,0.13,0.01,2.83,37.88
2024-10-21,경기도,127.57,0.11,0.03,2.35,31.67
2024-10-21,부산,121.66,0.01,-0.06,3.07,15.54
2024-10-21,대구,83.89,-0.02,-0.08,1.47,14.1
2024-10-21,광주,146.98,0.04,-0.07,4.36,16.18
2024-10-21,대전,132.83,0.01,-0.07,0.99,15.15
2024-10-21,세종,97.92,0.08,-0.06,0.0,8.33
2024-10-21,울산,167.99,0.1,-0.0,2.97,32.9
2024-10-21,강원,158.74,0.01,-0.04,5.56,34.69
2024-10-21,충북,153.72,0.03,0.01,3.01,35.12
2024-10-21,충남,132.1,0.04,-0.05,5.34,34.5
2024-10-21,전북,159.87,0.05,0.01,6.81,43.0
2024-10-21,전남,151.62,-0.0,-0.01,0.0,14.85
2024-10-21,경북,136.33,-0.02,-0.04,4.74,29.87
2024-10-21,경남,140.01,0.0,-0.03,2.67,27.56
2024-10-21,제주,125.81,0.06,-0.01,0.0,25.17
2024-10-21,기타지방,143.27,0.02,-0.02,3.85,30.52
2024-10-28,전국,,,0.01,,
2024-10-28,서울,128.51,0.14,0.09,3.6,42.48
2024-10-28,인천,146.77,0.17,0.03,2.98,34.61
2024-10-28,경기도,125.16,0.12,0.02,2.16,30.24
2024-10-28,부산,123.56,0.0,-0.05,1.73,14.46
2024-10-28,대구,79.33,-0.09,-0.04,0.7,12.81
2024-10-28,광주,151.13,0.1,-0.07,3.19,16.87
2024-10-28,대전,135.59,0.03,-0.03,2.09,18.77
2024-10-28,세종,95.83,0.04,-0.1,0.0,6.25
2024-10-28,울산,171.4,0.19,0.02,1.46,29.52
2024-10-28,강원,142.73,-0.01,-0.03,6.82,32.53
2024-10-28,충북,167.68,0.04,0.03,2.45,34.59
2024-10-28,충남,134.49,0.0,-0.02,1.09,29.9
2024-10-28,전북,156.7,0.09,0.02,4.22,41.99
2024-10-28,전남,155.06,0.04,-0.03,0.0,14.91
2024-10-28,경북,128.4,-0.03,-0.01,6.21,32.7
2024-10-28,경남,145.05,-0.01,-0.01,2.72,29.4
2024-10-28,제주,129.07,0.02,-0.03,0.0,45.74
2024-10-28,기타지방,143.37,0.01,-0.01,3.19,30.39
2024-11-04,전국,,,0.0,,
2024-11-04,서울,126.66,0.09,0.07,2.67,42.2
2024-11-04,인천,141.65,0.12,0.02,2.33,35.13
2024-11-04,경기도,123.48,0.12,0.02,1.8,28.99
2024-11-04,부산,124.81,-0.01,-0.06,1.04,12.47
2024-11-04,대구,81.95,-0.06,-0.09,1.78,12.6
2024-11-04,광주,143.66,0.14,-0.07,0.44,13.01
2024-11-04,대전,135.24,0.08,-0.01,2.54,22.93
2024-11-04,세종,93.48,0.05,-0.02,0.0,8.7
2024-11-04,울산,173.78,0.15,0.01,1.48,30.15
2024-11-04,강원,150.64,0.04,0.01,2.48,33.42
2024-11-04,충북,167.89,0.03,0.01,1.31,36.02
2024-11-04,충남,132.54,0.03,0.0,2.13,25.52
2024-11-04,전북,157.84,0.1,-0.0,2.97,38.37
2024-11-04,전남,152.77,0.0,0.01,0.0,16.16
2024-11-04,경북,135.43,-0.04,-0.03,7.0,36.14
2024-11-04,경남,138.3,0.01,-0.02,2.97,27.44
2024-11-04,제주,125.83,0.0,-0.02,8.12,61.25
2024-11-04,기타지방,143.25,0.02,-0.01,2.89,29.99
2024-11-11,전국,,,-0.0,,
2024-11-11,서울,128.11,0.09,0.06,2.81,40.46
2024-11-11,인천,141.2,0.17,0.01,2.4,32.35
2024-11-11,경기도,124.64,0.07,-0.0,1.78,27.27
2024-11-11,부산,122.88,0.0,-0.04,2.13,15.69
2024-11-11,대구,76.28,-0.13,-0.09,1.47,15.19
2024-11-11,광주,145.45,0.07,-0.05,1.7,13.69
2024-11-11,대전,123.74,0.09,-0.01,0.93,20.9
2024-11-11,세종,101.96,0.02,-0.0,1.96,11.76
2024-11-11,울산,174.98,0.1,0.01,3.78,33.99
2024-11-11,강원,143.98,0.02,-0.01,6.25,34.76
2024-11-11,충북,167.15,0.03,0.01,1.31,33.96
2024-11-11,충남,132.35,0.01,0.0,3.03,25.96
2024-11-11,전북,153.52,0.04,-0.01,8.06,46.09
2024-11-11,전남,163.9,-0.04,-0.0,0.0,11.91
2024-11-11,경북,124.46,-0.05,0.0,6.36,36.44
2024-11-11,경남,140.88,0.01,-0.01,2.17,25.84
2024-11-11,제주,130.04,-0.0,-0.03,0.0,34.3
2024-11-11,기타지방,142.08,0.01,-0.0,3.7,29.91
2024-11-18,전국,,,-0.01,,
2024-11-18,서울,125.17,0.05,0.07,3.11,38.89
2024-11-18,인천,140.13,0.11,0.0,1.21,28.48
2024-11-18,경기도,120.96,0.06,0.0,2.06,27.91
2024-11-18,부산,120.29,0.02,-0.04,0.9,12.76
2024-11-18,대구,85.45,-0.08,-0.12,1.51,12.68
2024-11-18,광주,151.32,0.06,-0.07,1.69,14.05
2024-11-18,대전,125.92,0.06,-0.03,2.16,23.31
2024-11-18,세종,90.91,0.0,-0.03,2.27,15.91
2024-11-18,울산,169.81,0.06,0.01,3.07,35.08
2024-11-18,강원,150.25,-0.02,-0.0,5.9,37.3
2024-11-18,충북,170.66,0.04,0.01,0.97,33.1
2024-11-18,충남,125.91,-0.0,-0.03,0.0,21.84
2024-11-18,전북,155.51,0.0,-0.04,3.24,40.17
2024-11-18,전남,153.91,-0.02,-0.02,3.13,17.55
2024-11-18,경북,134.03,-0.03,-0.02,6.9,32.22
2024-11-18,경남,141.63,0.01,-0.03,3.91,32.07
2024-11-18,제주,132.94,0.08,-0.16,0.0,49.61
2024-11-18,기타지방,142.67,-0.0,-0.02,3.41,30.51
2024-11-25,전국,,,-0.02,,
2024-11-25,서울,122.41,0.07,0.05,2.5,37.12
2024-11-25,인천,132.92,0.13,-0.01,1.67,30.2
2024-11-25,경기도,119.16,0.06,-0.0,1.56,25.16
2024-11-25,부산,122.45,-0.01,-0.11,1.7,12.19
2024-11-25,대구,80.72,-0.1,-0.13,1.34,14.43
2024-11-25,광주,148.39,0.08,-0.05,1.24,13.02
2024-11-25,대전,132.21,-0.01,-0.05,1.07,22.02
2024-11-25,세종,80.39,0.03,-0.05,1.96,13.73
2024-11-25,울산,172.76,0.1,-0.01,3.37,35.07
2024-11-25,강원,142.19,0.02,0.0,12.71,44.42
2024-11-25,충북,164.33,0.02,-0.0,2.52,31.24
2024-11-25,충남,129.09,0.0,-0.06,1.56,27.84
2024-11-25,전북,147.94,0.01,0.0,3.68,36.02
2024-11-25,전남,151.74,-0.05,-0.01,0.0,20.02
2024-11-25,경북,127.95,-0.07,-0.05,5.03,32.0
2024-11-25,경남,138.88,-0.02,-0.06,1.87,24.21
2024-11-25,제주,130.32,0.0,-0.02,4.51,38.07
2024-11-25,기타지방,138.51,-0.02,-0.03,3.51,29.43
2024-12-02,전국,,,-0.02,,
2024-12-02,서울,121.6,0.06,0.05,2.23,35.65
2024-12-02,인천,136.83,0.05,-0.01,1.04,29.17
2024-12-02,경기도,116.43,0.04,0.01,1.8,26.11
2024-12-02,부산,120.66,0.03,-0.07,0.59,11.66
2024-12-02,대구,81.86,-0.04,-0.08,0.54,12.7
2024-12-02,광주,155.04,0.07,-0.08,2.03,14.13
2024-12-02,대전,129.31,-0.02,-0.06,2.68,26.26
2024-12-02,세종,72.34,0.01,-0.07,0.0,4.26
2024-12-02,울산,171.33,0.11,0.0,1.83,30.0
2024-12-02,강원,153.13,0.0,-0.01,6.93,34.38
2024-12-02,충북,163.93,0.01,0.0,0.53,26.98
2024-12-02,충남,126.88,0.0,-0.03,1.67,24.8
2024-12-02,전북,147.99,0.0,-0.05,4.83,41.8
2024-12-02,전남,161.87,-0.0,-0.0,0.0,17.98
2024-12-02,경북,136.21,-0.12,-0.12,5.06,28.85
2024-12-02,경남,135.42,-0.01,-0.06,3.98,27.75
2024-12-02,제주,129.68,-0.0,-0.01,0.0,51.62
2024-12-02,기타지방,140.42,-0.02,-0.05,3.29,28.31
2024-12-09,전국,,,-0.01,,
2024-12-09,서울,122.06,0.06,0.04,1.53,34.35
2024-12-09,인천,132.62,0.1,0.0,1.01,28.02
2024-12-09,경기도,117.09,0.05,-0.0,1.32,23.88
2024-12-09,부산,123.09,-0.01,-0.09,1.36,13.53
2024-12-09,대구,79.3,-0.04,-0.06,1.26,13.2
2024-12-09,광주,149.52,0.09,-0.07,1.23,12.46
2024-12-09,대전,123.45,-0.01,-0.06,1.6,24.94
2024-12-09,세종,78.26,-0.0,-0.04,6.52,21.74
2024-12-09,울산,172.1,0.24,0.02,3.36,26.0
2024-12-09,강원,147.98,-0.0,-0.02,3.75,28.28
2024-12-09,충북,168.32,0.02,-0.0,1.66,35.26
2024-12-09,충남,124.19,0.01,-0.01,0.0,22.35
2024-12-09,전북,150.54,0.02,-0.01,3.29,36.66
2024-12-09,전남,156.87,-0.05,-0.04,0.0,11.35
2024-12-09,경북,132.97,-0.05,-0.04,7.95,32.31
2024-12-09,경남,136.7,-0.01,-0.01,2.33,24.92
2024-12-09,제주,128.49,0.03,-0.01,0.0,38.08
2024-12-09,기타지방,139.82,-0.01,-0.02,2.96,27.44
2024-12-16,전국,,,-0.03,,
2024-12-16,서울,125.48,0.04,0.03,2.34,36.78
2024-12-16,인천,130.71,0.07,-0.02,1.42,27.0
2024-12-16,경기도,116.41,0.03,-0.02,1.53,25.52
2024-12-16,부산,122.12,-0.01,-0.09,1.14,13.07
2024-12-16,대구,83.96,-0.03,-0.08,1.04,12.03
2024-12-16,광주,148.01,0.02,-0.11,1.06,11.44
2024-12-16,대전,120.42,-0.05,-0.07,0.93,24.64
2024-12-16,세종,90.38,-0.08,-0.19,3.85,15.38
2024-12-16,울산,171.58,0.18,-0.01,7.11,39.28
2024-12-16,강원,140.05,-0.0,-0.03,4.89,29.88
2024-12-16,충북,171.68,0.01,0.01,0.87,33.06
2024-12-16,충남,123.15,-0.0,-0.02,1.91,20.63
2024-12-16,전북,157.66,-0.01,-0.01,2.51,36.59
2024-12-16,전남,136.0,-0.0,-0.0,0.0,12.32
2024-12-16,경북,134.02,-0.07,-0.09,4.76,30.0
2024-12-16,경남,135.81,-0.03,-0.03,2.79,25.04
2024-12-16,제주,129.8,0.02,-0.03,0.0,37.5
2024-12-16,기타지방,138.71,-0.02,-0.03,2.69,26.55
2024-12-23,전국,,,-0.02,,
2024-12-23,서울,122.7,0.04,0.02,2.26,37.72
2024-12-23,인천,133.76,0.03,-0.01,1.88,27.56
2024-12-23,경기도,118.39,0.03,-0.02,1.33,23.58
2024-12-23,부산,123.49,0.01,-0.07,1.41,13.73
2024-12-23,대구,77.61,-0.07,-0.05,1.28,14.48
2024-12-23,광주,150.65,0.03,-0.06,2.65,12.95
2024-12-23,대전,124.06,0.0,-0.04,2.19,24.97
2024-12-23,세종,69.57,-0.07,-0.15,4.35,17.39
2024-12-23,울산,166.39,0.29,0.02,4.12,25.52
2024-12-23,강원,143.48,0.04,0.0,2.21,25.64
2024-12-23,충북,163.24,0.03,-0.0,4.05,38.34
2024-12-23,충남,126.38,-0.03,-0.02,0.52,18.44
2024-12-23,전북,152.61,0.01,0.01,3.59,36.53
2024-12-23,전남,132.72,0.01,-0.03,2.26,16.07
2024-12-23,경북,126.49,-0.07,-0.06,8.27,35.92
2024-12-23,경남,138.65,-0.02,-0.03,2.69,23.71
2024-12-23,제주,126.94,0.01,-0.0,0.0,26.94
2024-12-23,기타지방,136.43,-0.01,-0.03,3.44,27.28
2024-12-30,전국,,,-0.03,,
2024-12-30,서울,124.15,0.03,0.02,2.32,36.06
2024-12-30,인천,132.54,0.05,-0.03,1.28,26.11
2024-12-30,경기도,117.84,0.03,-0.03,1.49,25.04
2024-12-30,부산,121.69,-0.01,-0.06,1.1,13.24
2024-12-30,대구,83.98,-0.09,-0.12,1.94,15.16
2024-12-30,광주,145.98,0.02,-0.05,1.66,13.61
2024-12-30,대전,121.22,0.05,-0.02,2.13,23.17
2024-12-30,세종,81.25,-0.0,-0.02,0.0,6.25
2024-12-30,울산,172.01,0.19,-0.02,1.93,26.84
2024-12-30,강원,140.78,0.02,-0.03,7.41,32.87
2024-12-30,충북,162.95,0.03,0.02,1.65,30.55
2024-12-30,충남,125.31,-0.0,-0.04,1.07,21.54
2024-12-30,전북,158.98,0.05,-0.02,2.22,37.32
2024-12-30,전남,141.91,-0.05,-0.01,1.34,12.21
2024-12-30,경북,134.44,0.01,-0.04,8.26,34.74
2024-12-30,경남,133.59,-0.04,-0.06,2.53,24.22
2024-12-30,제주,133.33,-0.01,-0.05,0.0,28.22
2024-12-30,기타지방,138.18,-0.0,-0.03,3.24,26.82
2025-01-13,전국,,,-0.06,,
2025-01-13,서울,125.2,-0.01,0.0,2.21,35.43
2025-01-13,인천,135.64,0.04,-0.03,1.43,21.75
2025-01-13,경기도,121.2,0.0,-0.06,2.16,26.17
2025-01-13,부산,129.28,0.01,-0.09,1.58,15.71
2025-01-13,대구,95.0,-0.07,-0.11,1.4,13.41
2025-01-13,광주,146.57,0.02,-0.04,2.04,15.52
2025-01-13,대전,118.9,-0.07,-0.09,1.85,21.92
2025-01-13,세종,87.27,-0.05,-0.05,0.0,12.73
2025-01-13,울산,172.91,0.05,-0.01,4.33,33.25
2025-01-13,강원,148.21,-0.01,-0.01,7.08,39.52
2025-01-13,충북,168.5,0.04,-0.01,0.0,27.33
2025-01-13,충남,131.08,-0.02,-0.07,0.91,19.86
2025-01-13,전북,155.1,0.01,-0.0,2.23,32.98
2025-01-13,전남,124.69,-0.05,-0.05,2.39,17.36
2025-01-13,경북,124.43,-0.06,-0.11,5.37,28.83
2025-01-13,경남,134.67,-0.07,-0.19,2.56,27.75
2025-01-13,제주,122.87,0.01,-0.12,2.91,37.21
2025-01-13,기타지방,137.2,-0.03,-0.08,2.77,27.14
2025-01-20,전국,,,-0.06,,
2025-01-20,서울,125.49,0.02,0.01,3.38,37.91
2025-01-20,인천,136.89,0.07,-0.05,2.04,23.58
2025-01-20,경기도,122.86,0.02,-0.06,2.27,25.79
2025-01-20,부산,126.1,-0.0,-0.13,1.49,15.28
2025-01-20,대구,91.63,-0.08,-0.11,1.14,12.02
2025-01-20,광주,146.33,-0.03,-0.06,3.43,17.18
2025-01-20,대전,120.93,-0.06,-0.09,2.0,21.46
2025-01-20,세종,86.79,-0.02,-0.1,0.0,9.43
2025-01-20,울산,178.97,0.09,-0.03,2.36,26.56
2025-01-20,강원,148.47,0.02,-0.01,3.36,28.03
2025-01-20,충북,164.82,0.03,-0.03,1.29,30.98
2025-01-20,충남,130.74,-0.03,-0.12,1.63,19.88
2025-01-20,전북,155.21,0.0,-0.02,2.07,36.54
2025-01-20,전남,144.51,-0.08,-0.04,0.69,15.46
2025-01-20,경북,119.18,-0.08,-0.1,4.37,25.62
2025-01-20,경남,131.53,-0.03,-0.14,3.12,27.61
2025-01-20,제주,130.32,-0.05,-0.1,0.0,30.32
2025-01-20,기타지방,137.03,-0.03,-0.08,2.42,25.95
2025-02-03,전국,,,-0.06,,
2025-02-03,서울,128.87,0.0,0.01,5.09,41.96
2025-02-03,인천,136.23,0.01,-0.02,1.69,22.71
2025-02-03,경기도,124.64,0.03,-0.05,1.81,24.32
2025-02-03,부산,137.05,0.0,-0.12,1.79,15.35
2025-02-03,대구,96.22,-0.08,-0.13,0.89,12.51
2025-02-03,광주,151.8,-0.01,-0.04,0.5,12.96
2025-02-03,대전,116.7,-0.09,-0.11,2.06,22.7
2025-02-03,세종,83.64,-0.06,-0.03,0.0,14.55
2025-02-03,울산,173.68,0.05,-0.02,2.49,29.84
2025-02-03,강원,139.41,-0.04,-0.05,7.97,43.71
2025-02-03,충북,172.81,0.02,-0.01,2.09,30.32
2025-02-03,충남,130.01,-0.08,-0.12,0.47,19.48
2025-02-03,전북,150.93,0.01,0.01,5.19,43.99
2025-02-03,전남,142.3,-0.06,-0.09,0.7,16.84
2025-02-03,경북,134.75,-0.08,-0.13,6.28,28.6
2025-02-03,경남,131.64,-0.04,-0.11,1.93,26.82
2025-02-03,제주,151.62,-0.0,-0.04,0.0,39.35
2025-02-03,기타지방,138.76,-0.04,-0.08,3.16,28.86
2025-02-10,전국,,,-0.02,,
2025-02-10,서울,132.21,0.01,0.03,5.24,44.2
2025-02-10,인천,141.6,0.0,-0.02,1.36,21.65
2025-02-10,경기도,125.87,0.03,-0.02,2.37,26.52
2025-02-10,부산,136.01,0.05,-0.06,0.78,10.52
2025-02-10,대구,96.28,-0.07,-0.06,0.96,10.8
2025-02-10,광주,150.58,0.03,-0.01,0.42,8.72
2025-02-10,대전,120.9,-0.04,-0.04,0.95,21.03
2025-02-10,세종,93.1,-0.18,-0.15,0.0,15.52
2025-02-10,울산,177.93,0.17,-0.03,5.0,34.37
2025-02-10,강원,146.48,0.03,-0.03,6.91,37.31
2025-02-10,충북,172.06,0.07,-0.02,2.58,36.28
2025-02-10,충남,127.24,-0.04,-0.04,1.06,18.46
2025-02-10,전북,150.75,0.03,0.03,4.16,34.2
2025-02-10,전남,136.31,-0.08,-0.02,0.0,20.05
2025-02-10,경북,143.05,-0.07,-0.04,5.58,25.01
2025-02-10,경남,134.12,-0.06,-0.05,3.51,25.34
2025-02-10,제주,139.89,-0.0,-0.0,0.0,41.04
2025-02-10,기타지방,140.51,-0.03,-0.03,3.31,27.05
2025-02-17,전국,,,-0.03,,
2025-02-17,서울,133.02,0.02,0.08,9.85,52.22
2025-02-17,인천,141.94,0.0,-0.02,2.28,23.36
2025-02-17,경기도,128.73,0.03,-0.03,2.86,26.37
2025-02-17,부산,134.13,0.02,-0.1,2.18,14.93
2025-02-17,대구,105.48,-0.08,-0.09,0.28,9.43
2025-02-17,광주,151.36,0.01,-0.1,1.25,12.02
2025-02-17,대전,117.37,-0.09,-0.1,2.12,22.67
2025-02-17,세종,85.96,-0.01,-0.14,0.0,12.28
2025-02-17,울산,172.47,0.07,-0.0,5.02,31.0
2025-02-17,강원,153.87,-0.0,-0.03,12.09,45.43
2025-02-17,충북,163.37,0.04,0.0,3.62,36.65
2025-02-17,충남,130.41,-0.01,-0.12,0.99,19.75
2025-02-17,전북,148.17,0.01,0.01,5.75,38.45
2025-02-17,전남,135.66,-0.08,-0.08,0.68,20.46
2025-02-17,경북,134.99,-0.02,-0.06,8.33,33.05
2025-02-17,경남,134.93,-0.03,-0.07,2.96,25.28
2025-02-17,제주,132.92,-0.06,-0.13,0.0,25.21
2025-02-17,기타지방,138.84,-0.01,-0.06,4.4,29.4
2025-02-24,전국,,,-0.04,,
2025-02-24,서울,134.2,0.02,0.14,11.63,57.44
2025-02-24,인천,143.14,0.01,-0.02,2.0,24.02
2025-02-24,경기도,130.46,0.01,-0.04,3.19,26.49
2025-02-24,부산,135.48,0.02,-0.12,2.19,12.84
2025-02-24,대구,103.3,-0.07,-0.08,1.65,12.19
2025-02-24,광주,150.31,0.02,-0.1,1.17,11.29
2025-02-24,대전,120.18,-0.02,-0.08,1.48,23.28
2025-02-24,세종,89.47,-0.06,-0.13,3.51,26.32
2025-02-24,울산,175.91,0.06,-0.03,3.47,28.93
2025-02-24,강원,144.76,0.02,-0.04,6.27,34.73
2025-02-24,충북,162.49,0.03,-0.0,2.09,30.86
2025-02-24,충남,131.46,-0.15,-0.14,0.0,16.55
2025-02-24,전북,149.6,0.01,-0.03,4.15,35.32
2025-02-24,전남,144.93,-0.02,-0.07,0.68,20.69
2025-02-24,경북,136.56,-0.1,-0.12,4.07,25.95
2025-02-24,경남,132.25,-0.06,-0.12,3.88,28.17
2025-02-24,제주,137.19,-0.02,-0.21,0.0,25.21
2025-02-24,기타지방,138.82,-0.05,-0.09,3.03,27.04
2025-03-03,전국,,,0.0,,
2025-03-03,서울,133.78,0.07,0.16,16.17,63.37
2025-03-03,인천,144.52,0.01,-0.01,2.52,27.97
2025-03-03,경기도,134.35,0.02,-0.01,3.44,29.1
2025-03-03,부산,135.57,0.01,-0.08,0.79,11.47
2025-03-03,대구,110.0,-0.05,-0.05,1.03,12.25
2025-03-03,광주,149.07,0.04,-0.06,0.5,9.16
2025-03-03,대전,120.23,-0.02,-0.03,1.71,20.91
2025-03-03,세종,106.12,-0.04,-0.06,4.08,22.45
2025-03-03,울산,178.44,0.11,0.02,2.77,30.58
2025-03-03,강원,142.03,0.05,0.0,12.11,36.73
2025-03-03,충북,176.71,0.04,-0.02,1.48,34.3
2025-03-03,충남,129.68,-0.07,-0.05,1.53,21.45
2025-03-03,전북,149.83,0.01,0.01,2.17,35.2
2025-03-03,전남,135.69,-0.03,-0.02,3.24,29.37
2025-03-03,경북,140.29,-0.04,-0.04,4.96,26.25
2025-03-03,경남,130.81,-0.03,-0.03,2.76,24.24
2025-03-03,제주,144.1,-0.07,-0.06,0.0,24.1
2025-03-03,기타지방,140.16,-0.02,-0.02,3.67,28.14
2025-03-10,전국,,,0.02,,
2025-03-10,서울,137.97,0.05,0.26,18.37,69.37
2025-03-10,인천,148.71,-0.0,0.0,1.85,25.43
2025-03-10,경기도,135.99,0.02,-0.01,4.05,30.56
2025-03-10,부산,135.54,0.01,-0.05,0.76,12.29
2025-03-10,대구,108.89,-0.05,-0.06,1.38,12.42
2025-03-10,광주,146.94,0.01,-0.02,1.75,13.48
2025-03-10,대전,120.73,-0.03,-0.03,1.23,20.4
2025-03-10,세종,105.26,-0.02,-0.07,5.26,31.58
2025-03-10,울산,177.82,0.11,0.01,4.43,32.88
2025-03-10,강원,136.3,0.01,0.01,8.49,45.21
2025-03-10,충북,171.0,0.05,-0.01,1.96,37.18
2025-03-10,충남,133.56,-0.04,-0.04,3.26,27.06
2025-03-10,전북,158.2,0.09,0.03,6.1,37.01
2025-03-10,전남,139.36,-0.03,-0.02,0.68,21.75
2025-03-10,경북,132.32,-0.01,-0.01,5.19,26.13
2025-03-10,경남,133.78,-0.02,-0.04,1.6,24.82
2025-03-10,제주,122.4,-0.04,-0.16,4.06,41.05
2025-03-10,기타지방,140.07,0.0,-0.02,3.74,30.34
2025-03-17,전국,,,0.01,,
2025-03-17,서울,135.92,0.05,0.29,17.22,67.99
2025-03-17,인천,147.3,0.01,-0.01,1.51,25.08
2025-03-17,경기도,138.13,0.03,-0.01,4.76,30.99
2025-03-17,부산,139.31,0.02,-0.1,2.47,14.55
2025-03-17,대구,109.8,-0.03,-0.06,1.29,13.38
2025-03-17,광주,146.38,0.03,-0.05,0.92,7.81
2025-03-17,대전,116.66,-0.1,-0.13,3.01,23.79
2025-03-17,세종,114.55,-0.01,-0.06,7.27,30.91
2025-03-17,울산,173.78,0.08,0.02,4.45,31.78
2025-03-17,강원,145.32,-0.01,-0.03,9.06,42.54
2025-03-17,충북,160.49,0.02,-0.01,3.52,35.55
2025-03-17,충남,140.22,-0.08,-0.1,2.81,24.74
2025-03-17,전북,147.2,0.03,0.01,5.07,33.83
2025-03-17,전남,137.93,-0.01,-0.02,0.69,18.79
2025-03-17,경북,137.09,0.0,-0.01,5.5,30.06
2025-03-17,경남,136.51,-0.04,-0.09,3.37,27.11
2025-03-17,제주,123.58,0.0,-0.05,4.54,38.65
2025-03-17,기타지방,141.03,-0.02,-0.04,4.32,29.99
2025-03-24,전국,,,0.01,,
2025-03-24,서울,137.6,0.06,0.22,9.98,58.96
2025-03-24,인천,143.35,0.01,0.01,2.22,26.54
2025-03-24,경기도,136.83,0.01,-0.02,4.09,31.12
2025-03-24,부산,133.28,0.03,-0.05,1.67,13.5
2025-03-24,대구,112.05,-0.05,-0.04,2.04,14.01
2025-03-24,광주,144.63,0.04,-0.03,1.16,11.18
2025-03-24,대전,116.75,-0.06,-0.04,3.54,23.06
2025-03-24,세종,112.73,0.0,-0.04,5.45,38.18
2025-03-24,울산,178.43,0.05,0.02,2.82,32.68
2025-03-24,강원,146.8,0.02,-0.01,8.87,46.86
2025-03-24,충북,175.49,0.05,0.0,3.81,35.58
2025-03-24,충남,138.73,-0.03,-0.02,2.74,25.76
2025-03-24,전북,154.5,0.02,0.02,7.15,32.5
2025-03-24,전남,137.57,-0.04,-0.04,0.0,24.51
2025-03-24,경북,129.15,-0.02,-0.0,3.31,23.73
2025-03-24,경남,133.68,-0.04,-0.07,2.77,25.17
2025-03-24,제주,129.05,-0.01,-0.1,0.0,29.05
2025-03-24,기타지방,141.36,-0.01,-0.02,3.91,29.6
2025-03-31,전국,,,0.0,,
2025-03-31,서울,135.38,0.07,0.17,6.71,53.11
2025-03-31,인천,145.37,0.01,-0.0,2.29,26.72
2025-03-31,경기도,137.32,0.02,-0.01,2.69,27.43
2025-03-31,부산,136.38,0.03,-0.07,1.51,12.81
2025-03-31,대구,111.87,-0.04,-0.04,1.15,13.62
2025-03-31,광주,145.58,0.02,-0.05,0.47,8.85
2025-03-31,대전,114.41,-0.07,-0.08,0.95,15.98
2025-03-31,세종,114.55,-0.0,-0.0,7.27,43.64
2025-03-31,울산,174.26,0.1,0.03,4.93,33.39
2025-03-31,강원,135.73,0.0,0.02,2.06,34.16
2025-03-31,충북,169.02,0.05,0.01,0.64,31.57
2025-03-31,충남,128.55,-0.09,-0.07,0.0,20.77
2025-03-31,전북,152.94,-0.02,-0.0,6.11,42.05
2025-03-31,전남,147.29,-0.0,0.0,1.84,24.5
2025-03-31,경북,134.09,-0.02,-0.05,4.18,26.42
2025-03-31,경남,132.46,-0.04,-0.05,3.57,29.33
2025-03-31,제주,145.71,-0.01,-0.12,0.0,25.24
2025-03-31,기타지방,139.69,-0.02,-0.03,2.93,29.93
2025-04-07,전국,,,0.0,,
2025-04-07,서울,136.88,0.05,0.15,6.16,52.08
2025-04-07,인천,145.74,0.01,-0.02,1.33,24.7
2025-04-07,경기도,139.06,0.02,0.0,2.52,27.18
2025-04-07,부산,137.22,0.01,-0.08,0.69,11.79
2025-04-07,대구,108.4,-0.05,-0.06,1.7,14.5
2025-04-07,광주,142.38,-0.0,-0.07,1.16,10.16
2025-04-07,대전,113.05,-0.06,-0.04,1.52,18.71
2025-04-07,세종,121.82,-0.04,-0.02,20.0,70.91
2025-04-07,울산,185.55,0.13,0.02,1.85,22.67
2025-04-07,강원,139.05,-0.01,-0.01,7.33,41.48
2025-04-07,충북,164.68,0.03,-0.0,2.18,30.78
2025-04-07,충남,133.95,-0.05,-0.03,2.58,25.75
2025-04-07,전북,155.03,-0.01,0.02,5.07,34.87
2025-04-07,전남,148.17,-0.01,-0.02,0.67,19.5
2025-04-07,경북,130.26,-0.02,-0.03,6.83,31.4
2025-04-07,경남,133.78,-0.01,-0.04,3.4,29.63
2025-04-07,제주,114.21,-0.07,-0.07,0.0,18.78
2025-04-07,기타지방,140.23,-0.02,-0.02,4.62,31.8
2025-04-14,전국,,,-0.0,,
2025-04-14,서울,136.38,0.05,0.14,5.1,51.53
2025-04-14,인천,142.2,0.01,-0.03,2.09,24.45
2025-04-14,경기도,137.95,0.02,-0.01,2.46,26.95
2025-04-14,부산,137.13,0.02,-0.07,1.41,12.6
2025-04-14,대구,111.29,-0.05,-0.06,2.82,13.67
2025-04-14,광주,138.24,0.04,-0.09,1.07,10.84
2025-04-14,대전,115.54,-0.16,-0.06,1.79,23.02
2025-04-14,세종,123.81,0.02,0.03,38.1,104.76
2025-04-14,울산,184.96,0.13,0.02,3.71,31.79
2025-04-14,강원,133.8,-0.04,-0.04,6.27,39.03
2025-04-14,충북,172.02,0.05,-0.01,1.23,30.31
2025-04-14,충남,129.16,-0.06,-0.05,1.4,22.58
2025-04-14,전북,153.56,-0.02,0.01,6.66,35.94
2025-04-14,전남,141.22,-0.04,-0.04,0.67,19.79
2025-04-14,경북,126.83,-0.04,-0.04,2.38,23.4
2025-04-14,경남,137.98,-0.03,-0.04,2.88,27.89
2025-04-14,제주,141.12,-0.0,-0.08,0.0,22.84
2025-04-14,기타지방,139.96,-0.03,-0.03,4.32,30.92
2025-04-21,전국,,,0.0,,
2025-04-21,서울,136.23,0.06,0.2,6.22,53.01
2025-04-21,인천,145.53,0.01,-0.02,0.58,21.58
2025-04-21,경기도,134.57,0.03,-0.01,2.66,27.11
2025-04-21,부산,135.8,0.0,-0.12,1.58,13.3
2025-04-21,대구,111.12,-0.02,-0.06,1.13,13.83
2025-04-21,광주,147.67,0.0,-0.03,1.12,13.14
2025-04-21,대전,116.32,-0.12,-0.08,2.6,21.82
2025-04-21,세종,115.52,0.11,0.23,56.9,136.21
2025-04-21,울산,182.62,0.09,0.03,2.66,32.33
2025-04-21,강원,135.8,-0.04,-0.07,1.95,35.63
2025-04-21,충북,161.3,0.03,-0.03,1.28,36.39
2025-04-21,충남,133.64,-0.04,-0.04,0.49,18.55
2025-04-21,전북,150.65,0.04,0.01,4.05,30.83
2025-04-21,전남,141.51,-0.03,-0.07,0.0,16.34
2025-04-21,경북,131.95,-0.03,-0.02,3.64,23.35
2025-04-21,경남,130.24,-0.03,-0.09,1.22,22.72
2025-04-21,제주,134.12,0.05,-0.07,0.0,17.42
2025-04-21,기타지방,137.82,-0.01,-0.04,3.93,29.64
2025-04-28,전국,,,0.01,,
2025-04-28,서울,137.25,0.03,0.15,7.03,55.27
2025-04-28,인천,142.12,0.01,-0.01,2.27,26.62
2025-04-28,경기도,134.56,0.03,0.0,3.01,28.09
2025-04-28,부산,135.98,0.03,-0.06,1.74,12.86
2025-04-28,대구,108.44,-0.02,-0.04,2.27,15.12
2025-04-28,광주,147.2,0.01,-0.04,0.48,13.34
2025-04-28,대전,114.75,-0.03,-0.04,1.43,20.98
2025-04-28,세종,107.41,0.02,0.5,35.19,111.11
2025-04-28,울산,183.48,0.05,0.03,0.87,30.83
2025-04-28,강원,131.36,-0.02,-0.04,2.94,35.21
2025-04-28,충북,167.81,-0.01,-0.01,0.56,31.32
2025-04-28,충남,129.02,-0.0,-0.04,1.43,23.01
2025-04-28,전북,151.32,0.03,0.03,5.82,40.57
2025-04-28,전남,145.13,-0.04,-0.03,0.0,16.36
2025-04-28,경북,117.16,-0.02,-0.05,2.51,25.27
2025-04-28,경남,134.59,-0.03,-0.08,3.09,29.09
2025-04-28,제주,122.08,0.01,-0.01,0.0,18.27
2025-04-28,기타지방,136.01,-0.01,-0.02,3.74,31.75
2025-05-05,전국,,,0.0,,
2025-05-05,서울,136.62,0.01,0.08,9.01,58.28
2025-05-05,인천,151.39,0.0,-0.0,0.0,31.34
2025-05-05,경기도,132.78,0.02,0.0,2.13,27.3
2025-05-05,부산,126.19,-0.0,-0.04,0.34,9.98
2025-05-05,대구,105.31,-0.01,-0.03,1.45,13.37
2025-05-05,광주,144.84,-0.0,-0.02,0.0,14.64
2025-05-05,대전,106.26,-0.01,-0.01,9.53,37.3
2025-05-05,세종,100.0,-0.0,0.22,30.0,95.0
2025-05-05,울산,188.41,0.02,0.01,3.51,26.01
2025-05-05,강원,121.62,-0.02,-0.07,0.0,37.51
2025-05-05,충북,185.05,0.01,-0.01,0.0,42.7
2025-05-05,충남,124.66,-0.01,-0.01,0.0,17.92
2025-05-05,전북,149.17,0.0,0.02,1.13,51.24
2025-05-05,전남,150.48,-0.0,-0.01,0.0,10.81
2025-05-05,경북,116.97,0.03,0.01,6.38,27.93
2025-05-05,경남,141.04,-0.05,-0.05,0.95,24.47
2025-05-05,제주,107.62,-0.01,-0.02,0.0,46.19
2025-05-05,기타지방,136.22,-0.01,-0.01,2.65,31.91
2025-05-12,전국,,,0.01,,
2025-05-12,서울,139.54,0.05,0.18,9.82,59.6
2025-05-12,인천,140.22,0.0,-0.02,0.96,26.63
2025-05-12,경기도,137.99,0.03,0.0,3.15,29.0
2025-05-12,부산,138.31,0.02,-0.1,0.98,11.66
2025-05-12,대구,111.32,-0.01,-0.07,2.09,10.54
2025-05-12,광주,149.29,0.0,-0.03,1.15,15.06
2025-05-12,대전,112.03,-0.08,-0.06,2.83,25.29
2025-05-12,세종,105.08,0.05,0.45,22.03,94.92
2025-05-12,울산,191.29,0.06,0.01,3.41,33.21
2025-05-12,강원,132.53,-0.01,-0.02,6.25,36.86
2025-05-12,충북,167.94,0.02,-0.01,1.8,36.36
2025-05-12,충남,132.09,-0.01,-0.07,0.78,22.95
2025-05-12,전북,159.48,0.03,0.02,8.24,44.52
2025-05-12,전남,133.24,-0.04,-0.09,1.11,22.11
2025-05-12,경북,125.05,-0.0,-0.02,2.72,22.2
2025-05-12,경남,139.83,-0.06,-0.08,2.37,27.98
2025-05-12,제주,127.92,0.02,-0.0,0.0,22.84
2025-05-12,기타지방,139.07,-0.01,-0.02,3.82,32.09
2025-05-19,전국,,,-0.0,,
2025-05-19,서울,140.68,0.07,0.17,11.39,63.1
2025-05-19,인천,143.12,0.02,-0.03,2.52,26.78
2025-05-19,경기도,137.76,0.03,-0.01,3.53,29.36
2025-05-19,부산,139.22,0.01,-0.09,1.48,14.11
2025-05-19,대구,116.81,-0.06,-0.11,1.62,12.12
2025-05-19,광주,152.35,0.0,-0.06,1.84,14.29
2025-05-19,대전,108.11,-0.09,-0.08,2.94,22.16
2025-05-19,세종,107.84,0.03,0.37,9.8,76.47
2025-05-19,울산,184.33,0.14,0.02,2.7,31.66
2025-05-19,강원,117.33,-0.05,-0.06,6.77,32.56
2025-05-19,충북,161.72,-0.0,0.02,2.28,37.98
2025-05-19,충남,132.78,-0.03,-0.03,1.56,20.82
2025-05-19,전북,162.79,0.04,-0.0,6.71,44.77
2025-05-19,전남,149.36,-0.05,-0.06,0.0,21.33
2025-05-19,경북,135.86,-0.06,-0.04,1.98,23.45
2025-05-19,경남,138.64,-0.07,-0.06,2.47,27.2
2025-05-19,제주,129.58,-0.05,0.0,0.0,26.5
2025-05-19,기타지방,140.09,-0.03,-0.02,3.18,30.73
2025-05-26,전국,,,0.03,,
2025-05-26,서울,141.09,0.05,0.25,13.75,67.05
2025-05-26,인천,139.66,0.03,-0.01,1.27,28.46
2025-05-26,경기도,137.28,0.02,0.01,4.27,30.42
2025-05-26,부산,142.14,0.01,-0.06,1.0,11.23
2025-05-26,대구,121.4,-0.04,-0.05,2.35,12.35
2025-05-26,광주,150.87,0.02,-0.03,2.52,15.52
2025-05-26,대전,114.79,-0.07,-0.06,1.67,19.96
2025-05-26,세종,114.81,0.01,0.16,7.41,74.07
2025-05-26,울산,187.62,0.06,0.01,6.97,36.61
2025-05-26,강원,137.48,-0.05,-0.04,10.07,45.84
2025-05-26,충북,165.3,0.03,0.01,2.7,36.24
2025-05-26,충남,133.25,-0.02,-0.03,0.45,20.03
2025-05-26,전북,160.85,0.05,0.01,7.34,43.74
2025-05-26,전남,152.3,-0.03,-0.04,0.0,18.52
2025-05-26,경북,132.03,-0.01,-0.01,2.69,23.07
2025-05-26,경남,138.82,-0.01,-0.04,1.72,27.61
2025-05-26,제주,130.31,-0.0,-0.05,0.0,31.04
2025-05-26,기타지방,142.26,-0.01,-0.02,3.29,31.36
2025-06-02,전국,,,0.03,,
2025-06-02,서울,142.12,0.05,0.24,16.9,73.25
2025-06-02,인천,145.25,0.02,-0.01,1.86,30.05
2025-06-02,경기도,139.03,0.03,0.02,4.85,33.41
2025-06-02,부산,137.43,0.03,-0.05,1.7,14.41
2025-06-02,대구,123.51,-0.02,-0.05,1.46,11.31
2025-06-02,광주,154.34,0.01,-0.03,0.98,17.42
2025-06-02,대전,117.18,-0.04,-0.01,1.18,22.96
2025-06-02,세종,114.29,0.01,0.14,4.08,67.35
2025-06-02,울산,184.22,0.14,0.04,5.14,31.76
2025-06-02,강원,122.22,-0.04,-0.01,4.6,37.7
2025-06-02,충북,160.41,0.02,0.0,2.13,33.71
2025-06-02,충남,132.24,-0.01,-0.04,0.55,20.66
2025-06-02,전북,159.49,-0.0,-0.01,5.67,42.03
2025-06-02,전남,151.23,-0.01,-0.03,0.69,26.37
2025-06-02,경북,123.32,-0.02,-0.04,4.03,27.15
2025-06-02,경남,141.87,-0.02,-0.02,4.65,33.43
2025-06-02,제주,138.57,-0.03,-0.04,4.82,47.97
2025-06-02,기타지방,139.38,-0.01,-0.01,3.41,32.83
2025-06-09,전국,,,0.04,,
2025-06-09,서울,143.91,0.11,0.35,23.21,82.98
2025-06-09,인천,145.19,0.02,-0.01,3.17,30.79
2025-06-09,경기도,140.11,0.04,0.03,7.42,37.57
2025-06-09,부산,144.63,0.01,-0.08,1.39,14.48
2025-06-09,대구,119.87,-0.02,-0.05,2.31,14.32
2025-06-09,광주,155.64,0.02,-0.03,3.32,19.38
2025-06-09,대전,117.01,-0.05,-0.07,1.62,23.31
2025-06-09,세종,120.75,0.01,0.14,3.77,50.94
2025-06-09,울산,192.16,0.09,0.03,8.49,42.28
2025-06-09,강원,140.03,-0.03,-0.03,6.71,39.83
2025-06-09,충북,167.82,0.01,0.01,4.32,39.65
2025-06-09,충남,132.3,-0.02,-0.03,0.61,21.06
2025-06-09,전북,158.64,0.01,0.01,13.13,57.11
2025-06-09,전남,143.42,-0.0,-0.04,0.0,25.96
2025-06-09,경북,138.85,-0.0,-0.04,2.53,23.69
2025-06-09,경남,139.88,-0.01,-0.03,3.75,30.25
2025-06-09,제주,103.81,-0.03,-0.09,4.29,41.91
2025-06-09,기타지방,142.86,-0.01,-0.02,4.19,33.42
2025-06-16,전국,,,0.06,,
2025-06-16,서울,146.03,0.12,0.4,30.49,95.11
2025-06-16,인천,147.08,0.01,0.01,2.9,32.86
2025-06-16,경기도,139.21,0.04,0.06,9.5,44.05
2025-06-16,부산,144.57,0.01,-0.05,2.75,15.72
2025-06-16,대구,118.11,-0.04,-0.08,2.84,15.32
2025-06-16,광주,161.24,0.01,-0.03,1.07,18.79
2025-06-16,대전,118.77,-0.04,-0.03,2.68,30.34
2025-06-16,세종,103.51,0.11,0.12,1.75,45.61
2025-06-16,울산,194.42,0.1,0.03,7.77,43.51
2025-06-16,강원,147.85,-0.0,-0.01,7.59,47.36
2025-06-16,충북,169.09,0.01,0.01,2.84,34.32
2025-06-16,충남,137.2,-0.02,-0.01,0.55,24.01
2025-06-16,전북,158.6,0.03,-0.0,9.16,47.63
2025-06-16,전남,135.91,0.02,-0.02,0.0,30.07
2025-06-16,경북,135.96,0.01,-0.05,2.57,22.78
2025-06-16,경남,143.89,-0.01,-0.02,2.83,30.15
2025-06-16,제주,124.36,-0.07,-0.1,0.0,44.87
2025-06-16,기타지방,144.1,0.01,-0.01,3.33,33.07
2025-06-23,전국,,,0.08,,
2025-06-23,서울,145.0,0.09,0.44,31.48,99.35
2025-06-23,인천,145.15,0.0,0.0,3.28,33.65
2025-06-23,경기도,141.34,0.06,0.09,11.3,47.77
2025-06-23,부산,147.12,0.04,-0.03,3.45,18.04
2025-06-23,대구,119.43,-0.03,-0.05,2.96,17.5
2025-06-23,광주,155.17,0.02,-0.03,2.63,19.4
2025-06-23,대전,117.97,-0.04,-0.03,3.56,25.94
2025-06-23,세종,125.45,0.05,0.14,1.82,38.18
2025-06-23,울산,190.46,0.08,0.05,7.22,39.32
2025-06-23,강원,145.03,-0.02,-0.01,2.09,30.25
2025-06-23,충북,161.23,0.04,0.04,3.63,34.01
2025-06-23,충남,138.38,-0.02,-0.04,1.45,23.26
2025-06-23,전북,161.21,0.07,0.07,8.31,47.5
2025-06-23,전남,150.47,-0.03,-0.02,0.0,26.67
2025-06-23,경북,143.21,0.03,-0.02,4.71,26.86
2025-06-23,경남,143.47,-0.01,-0.02,3.4,29.91
2025-06-23,제주,117.42,-0.01,-0.08,0.0,35.51
2025-06-23,기타지방,146.45,0.01,0.0,3.39,31.06
2025-06-30,전국,,,0.05,,
2025-06-30,서울,144.88,0.09,0.31,15.33,76.36
2025-06-30,인천,144.04,0.01,-0.0,2.61,33.66
2025-06-30,경기도,140.33,0.04,0.06,7.46,43.56
2025-06-30,부산,143.19,0.01,-0.04,2.08,16.18
2025-06-30,대구,121.31,-0.02,-0.05,3.96,23.23
2025-06-30,광주,159.27,0.03,-0.04,2.81,15.0
2025-06-30,대전,113.36,-0.04,-0.04,4.16,31.16
2025-06-30,세종,121.43,0.06,0.07,0.0,28.57
2025-06-30,울산,188.45,0.08,0.03,7.67,46.26
2025-06-30,강원,140.46,-0.01,-0.02,4.46,32.97
2025-06-30,충북,156.38,-0.0,0.0,3.09,34.87
2025-06-30,충남,138.98,-0.0,-0.02,0.48,19.78
2025-06-30,전북,163.94,0.01,0.02,10.28,50.34
2025-06-30,전남,147.83,-0.01,-0.02,0.0,21.51
2025-06-30,경북,139.46,0.01,-0.01,3.37,29.92
2025-06-30,경남,142.75,-0.02,-0.02,4.77,32.3
2025-06-30,제주,119.84,-0.01,-0.02,4.05,44.12
2025-06-30,기타지방,144.75,-0.0,-0.0,3.71,31.5
2025-07-07,전국,,,0.04,,
2025-07-07,서울,143.64,0.09,0.28,6.38,60.58
2025-07-07,인천,147.0,0.01,0.0,1.63,32.95
2025-07-07,경기도,139.87,0.06,0.04,4.22,38.18
2025-07-07,부산,146.01,0.01,-0.05,1.35,15.65
2025-07-07,대구,118.63,-0.03,-0.05,3.57,22.91
2025-07-07,광주,161.96,-0.0,-0.03,0.46,11.06
2025-07-07,대전,118.5,-0.06,-0.04,3.1,30.18
2025-07-07,세종,123.64,0.11,0.09,0.0,30.91
2025-07-07,울산,192.03,0.14,0.05,9.03,47.13
2025-07-07,강원,148.5,-0.01,-0.02,9.98,47.31
2025-07-07,충북,162.69,-0.0,0.01,2.33,29.64
2025-07-07,충남,137.99,0.03,0.0,0.42,17.49
2025-07-07,전북,159.04,0.01,0.03,7.55,47.02
2025-07-07,전남,147.18,-0.0,-0.03,1.67,18.84
2025-07-07,경북,144.9,-0.0,-0.03,2.92,30.87
2025-07-07,경남,145.81,-0.0,-0.01,2.64,30.81
2025-07-07,제주,134.87,-0.01,-0.01,0.0,34.52
2025-07-07,기타지방,147.26,0.01,-0.0,3.38,31.17
2025-07-14,전국,,,0.03,,
2025-07-14,서울,144.95,0.11,0.24,4.39,55.22
2025-07-14,인천,146.99,0.01,-0.0,1.83,29.86
2025-07-14,경기도,141.0,0.03,0.03,3.22,35.41
2025-07-14,부산,147.06,0.03,-0.06,1.78,17.96
2025-07-14,대구,126.17,-0.02,-0.05,2.38,19.73
2025-07-14,광주,160.67,0.0,-0.06,1.04,9.37
2025-07-14,대전,116.18,-0.05,-0.03,1.85,32.76
2025-07-14,세종,126.23,0.1,0.07,1.64,37.7
2025-07-14,울산,191.22,0.13,0.06,6.37,41.99
2025-07-14,강원,142.58,-0.01,-0.03,5.42,30.71
2025-07-14,충북,164.53,0.03,0.0,2.9,33.57
2025-07-14,충남,137.19,0.02,0.0,0.95,20.14
2025-07-14,전북,161.4,0.04,0.02,3.65,46.0
2025-07-14,전남,140.95,0.0,-0.04,0.0,15.46
2025-07-14,경북,142.48,-0.07,-0.05,1.26,26.72
2025-07-14,경남,149.52,0.01,-0.03,3.15,30.74
2025-07-14,제주,139.88,-0.05,-0.04,0.0,36.03
2025-07-14,기타지방,147.18,0.01,-0.02,2.4,29.59
2025-07-21,전국,,,0.02,,
2025-07-21,서울,144.96,0.07,0.19,3.41,52.18
2025-07-21,인천,147.62,0.0,-0.01,1.91,32.0
2025-07-21,경기도,141.55,0.03,0.02,2.63,33.53
2025-07-21,부산,149.11,0.02,-0.09,1.29,14.73
2025-07-21,대구,123.62,-0.03,-0.11,1.18,19.42
2025-07-21,광주,162.18,-0.04,-0.04,1.47,11.45
2025-07-21,대전,122.65,-0.02,-0.03,1.58,26.43
2025-07-21,세종,124.14,0.05,0.03,3.45,31.03
2025-07-21,울산,189.41,0.21,0.07,5.13,37.73
2025-07-21,강원,148.35,-0.0,-0.01,6.35,43.5
2025-07-21,충북,162.85,-0.0,-0.02,1.67,27.58
2025-07-21,충남,139.16,0.0,0.01,0.94,18.16
2025-07-21,전북,163.71,-0.03,-0.01,6.75,49.21
2025-07-21,전남,144.43,-0.04,-0.01,0.0,15.65
2025-07-21,경북,148.15,-0.03,-0.03,4.4,32.35
2025-07-21,경남,149.28,-0.0,-0.02,2.77,28.24
2025-07-21,제주,130.78,-0.01,-0.01,0.0,23.07
2025-07-21,기타지방,149.04,-0.01,-0.01,3.19,30.14
2025-07-28,전국,,,0.0,,
2025-07-28,서울,144.83,0.06,0.16,3.85,51.03
2025-07-28,인천,147.34,-0.0,-0.0,2.58,31.92
2025-07-28,경기도,141.97,0.03,0.0,2.55,33.19
2025-07-28,부산,150.83,0.01,-0.12,1.57,16.2
2025-07-28,대구,127.39,-0.01,-0.09,1.61,20.72
2025-07-28,광주,163.39,-0.01,-0.04,1.12,10.89
2025-07-28,대전,119.59,-0.04,-0.08,2.64,26.92
2025-07-28,세종,133.96,0.11,0.09,1.89,30.19
2025-07-28,울산,188.25,0.06,0.05,4.97,35.08
2025-07-28,강원,148.34,-0.01,-0.01,0.85,27.65
2025-07-28,충북,166.26,-0.03,-0.04,3.36,30.03
2025-07-28,충남,140.28,-0.03,-0.0,2.04,19.34
2025-07-28,전북,157.05,-0.02,0.01,8.43,54.99
2025-07-28,전남,137.19,0.01,-0.02,0.66,19.15
2025-07-28,경북,134.36,-0.03,-0.04,2.84,30.14
2025-07-28,경남,146.1,-0.0,-0.02,4.17,30.98
2025-07-28,제주,143.22,-0.01,-0.04,4.52,34.84
2025-07-28,기타지방,145.8,-0.01,-0.01,3.33,30.39
2025-08-04,전국,,,0.0,,
2025-08-04,서울,148.49,0.06,0.11,3.26,50.16
2025-08-04,인천,149.25,0.02,-0.01,1.78,30.95
2025-08-04,경기도,142.97,0.01,-0.0,2.31,34.8
2025-08-04,부산,149.21,0.01,-0.06,2.15,17.58
2025-08-04,대구,126.05,-0.04,-0.07,0.72,18.41
2025-08-04,광주,162.91,-0.02,-0.04,1.98,11.27
2025-08-04,대전,121.86,-0.02,-0.02,2.13,29.76
2025-08-04,세종,142.86,0.08,0.04,0.0,25.0
2025-08-04,울산,187.07,0.02,0.02,4.68,38.26
2025-08-04,강원,150.16,-0.01,0.0,2.41,40.53
2025-08-04,충북,166.15,0.02,-0.01,2.18,28.08
2025-08-04,충남,137.96,0.02,-0.02,0.0,16.87
2025-08-04,전북,154.41,0.02,0.06,6.23,44.03
2025-08-04,전남,136.92,0.03,0.0,2.37,26.19
2025-08-04,경북,143.77,0.01,-0.06,2.45,27.53
2025-08-04,경남,149.93,0.02,-0.01,3.01,26.77
2025-08-04,제주,117.32,-0.0,-0.06,4.81,40.39
2025-08-04,기타지방,147.74,0.02,-0.01,2.54,28.87
2025-08-11,전국,,,0.01,,
2025-08-11,서울,151.98,0.08,0.13,5.02,51.81
2025-08-11,인천,150.55,0.0,-0.01,2.48,32.87
2025-08-11,경기도,146.03,0.03,0.01,3.13,34.46
2025-08-11,부산,154.72,0.02,-0.07,1.88,17.2
2025-08-11,대구,128.09,0.02,-0.04,1.58,19.72
2025-08-11,광주,165.26,0.0,-0.03,0.45,8.14
2025-08-11,대전,130.47,-0.05,-0.04,1.82,28.04
2025-08-11,세종,141.38,0.11,0.03,1.72,34.48
2025-08-11,울산,188.49,0.09,0.04,6.44,45.13
2025-08-11,강원,149.13,-0.01,-0.0,4.9,34.63
2025-08-11,충북,169.32,0.04,0.01,2.19,28.44
2025-08-11,충남,141.5,-0.01,-0.02,0.0,19.71
2025-08-11,전북,167.54,-0.02,-0.06,8.04,46.28
2025-08-11,전남,151.75,-0.02,-0.03,1.67,22.65
2025-08-11,경북,148.78,-0.05,-0.05,3.31,35.16
2025-08-11,경남,149.35,0.04,-0.02,3.18,28.2
2025-08-11,제주,137.12,0.0,-0.01,2.57,49.26
2025-08-11,기타지방,152.16,0.01,-0.02,3.16,30.8
2025-08-18,전국,,,0.0,,
2025-08-18,서울,151.52,0.07,0.11,4.62,50.4
2025-08-18,인천,153.28,0.01,-0.01,3.27,32.71
2025-08-18,경기도,147.4,0.03,0.01,2.7,33.64
2025-08-18,부산,155.49,0.01,-0.1,2.31,16.04
2025-08-18,대구,130.82,0.02,-0.04,1.79,21.17
2025-08-18,광주,162.92,0.0,-0.06,1.21,11.28
2025-08-18,대전,132.33,-0.02,-0.06,2.07,28.53
2025-08-18,세종,151.92,0.16,0.08,0.0,19.23
2025-08-18,울산,186.13,0.04,0.01,7.05,47.89
2025-08-18,강원,145.57,-0.02,-0.03,2.78,30.45
2025-08-18,충북,157.13,0.01,-0.02,3.64,31.75
2025-08-18,충남,141.93,0.01,-0.01,2.17,23.5
2025-08-18,전북,162.1,0.02,-0.02,5.24,47.0
2025-08-18,전남,161.27,-0.01,-0.01,0.68,21.29
2025-08-18,경북,148.82,-0.03,-0.03,7.39,38.91
2025-08-18,경남,147.3,0.02,-0.01,3.91,29.3
2025-08-18,제주,121.16,0.0,-0.0,5.13,41.66
2025-08-18,기타지방,150.48,0.01,-0.01,3.8,31.47
2025-08-25,전국,,,0.01,,
2025-08-25,서울,152.55,0.06,0.14,7.04,56.75
2025-08-25,인천,155.85,0.01,0.01,1.44,29.4
2025-08-25,경기도,148.99,0.03,0.02,3.29,34.25
2025-08-25,부산,155.85,0.02,-0.06,1.26,16.21
2025-08-25,대구,133.39,-0.01,-0.05,2.85,21.79
2025-08-25,광주,163.46,-0.01,-0.08,0.47,12.02
2025-08-25,대전,133.29,-0.05,-0.02,2.56,31.19
2025-08-25,세종,149.06,0.15,0.06,1.89,24.53
2025-08-25,울산,186.35,0.05,0.06,6.63,40.68
2025-08-25,강원,148.19,-0.01,-0.05,5.91,37.31
2025-08-25,충북,161.33,0.03,0.01,6.37,38.04
2025-08-25,충남,140.98,-0.02,-0.02,3.54,24.06
2025-08-25,전북,160.56,-0.0,0.02,7.49,45.59
2025-08-25,전남,145.52,0.0,-0.01,0.66,17.85
2025-08-25,경북,146.5,-0.04,-0.03,4.58,32.12
2025-08-25,경남,150.8,0.02,0.01,3.89,29.0
2025-08-25,제주,134.17,0.0,-0.05,4.52,52.26
2025-08-25,기타지방,149.96,0.0,-0.01,4.47,31.57
2025-09-01,전국,,,0.03,,
2025-09-01,서울,152.39,0.1,0.17,7.03,58.31
2025-09-01,인천,152.0,0.02,0.0,2.1,30.07
2025-09-01,경기도,149.26,0.04,0.03,3.58,33.76
2025-09-01,부산,151.34,0.04,-0.04,1.66,18.47
2025-09-01,대구,135.16,-0.01,-0.04,1.81,20.22
2025-09-01,광주,165.89,-0.0,-0.02,0.91,11.92
2025-09-01,대전,138.36,-0.03,-0.03,3.04,30.3
2025-09-01,세종,148.21,0.14,0.12,1.79,32.14
2025-09-01,울산,190.67,0.07,0.07,6.37,42.97
2025-09-01,강원,145.39,-0.01,-0.01,1.65,28.98
2025-09-01,충북,169.73,-0.01,-0.0,3.04,26.64
2025-09-01,충남,136.98,0.01,-0.03,2.53,24.38
2025-09-01,전북,160.02,-0.0,-0.0,12.79,55.92
2025-09-01,전남,149.23,0.04,-0.03,1.75,18.8
2025-09-01,경북,145.96,-0.0,-0.0,8.03,41.19
2025-09-01,경남,156.34,0.02,-0.01,3.01,29.28
2025-09-01,제주,148.02,0.01,-0.02,4.28,34.87
2025-09-01,기타지방,151.63,0.01,-0.01,4.6,32.49
2025-09-08,전국,,,0.03,,
2025-09-08,서울,153.16,0.1,0.18,8.47,60.5
2025-09-08,인천,154.04,0.01,0.0,1.65,29.65
2025-09-08,경기도,150.58,0.04,0.04,4.43,34.89
2025-09-08,부산,155.57,0.03,-0.04,2.66,18.9
2025-09-08,대구,134.16,0.01,-0.06,2.32,20.06
2025-09-08,광주,166.36,0.02,-0.03,0.46,10.81
2025-09-08,대전,140.82,-0.01,-0.04,2.63,25.66
2025-09-08,세종,161.4,0.16,0.01,3.51,31.58
2025-09-08,울산,190.58,0.04,0.03,8.97,48.67
2025-09-08,강원,141.31,-0.01,-0.0,7.84,41.72
2025-09-08,충북,166.85,0.02,-0.01,3.13,30.66
2025-09-08,충남,146.3,0.01,-0.02,2.51,23.28
2025-09-08,전북,157.57,0.02,0.0,10.29,51.48
2025-09-08,전남,157.48,0.01,0.03,0.0,13.24
2025-09-08,경북,144.35,0.0,-0.03,3.57,34.37
2025-09-08,경남,155.97,0.03,-0.01,2.79,27.67
2025-09-08,제주,148.95,-0.0,-0.01,4.53,43.2
2025-09-08,기타지방,152.91,0.02,-0.01,4.05,31.52
2025-09-15,전국,,,0.04,,
2025-09-15,서울,154.21,0.07,0.21,13.99,67.03
2025-09-15,인천,153.78,0.02,-0.01,1.93,28.33
2025-09-15,경기도,150.68,0.03,0.05,4.99,35.58
2025-09-15,부산,160.29,0.03,-0.04,2.02,17.59
2025-09-15,대구,134.84,0.02,-0.07,2.03,17.16
2025-09-15,광주,174.13,0.02,-0.06,1.03,9.69
2025-09-15,대전,146.25,-0.05,-0.06,3.19,30.79
2025-09-15,세종,161.67,0.1,0.04,3.33,36.67
2025-09-15,울산,190.18,0.07,0.05,10.05,48.64
2025-09-15,강원,140.47,0.0,0.01,6.81,36.52
2025-09-15,충북,159.82,0.02,0.01,3.75,31.01
2025-09-15,충남,141.08,0.02,-0.02,3.23,28.97
2025-09-15,전북,163.97,0.04,0.07,10.66,52.65
2025-09-15,전남,151.63,0.07,-0.0,1.99,14.02
2025-09-15,경북,145.77,0.05,0.02,4.83,33.67
2025-09-15,경남,153.75,0.02,-0.01,2.85,28.41
2025-09-15,제주,117.93,-0.0,-0.0,0.0,30.78
2025-09-15,기타지방,150.86,0.03,0.01,4.5,32.25
2025-09-22,전국,,,0.05,,
2025-09-22,서울,154.41,0.11,0.34,18.19,77.25
2025-09-22,인천,156.52,0.0,-0.01,2.78,28.12
2025-09-22,경기도,152.72,0.05,0.06,8.23,39.47
2025-09-22,부산,162.41,0.04,-0.03,3.21,21.45
2025-09-22,대구,133.65,0.04,-0.07,1.65,18.42
2025-09-22,광주,167.95,0.04,-0.09,0.92,9.43
2025-09-22,대전,152.68,-0.01,-0.02,3.18,27.7
2025-09-22,세종,168.33,0.17,0.03,5.0,43.33
2025-09-22,울산,188.66,0.03,0.03,8.84,42.26
2025-09-22,강원,141.25,-0.02,-0.02,6.35,37.06
2025-09-22,충북,168.23,0.01,-0.01,2.05,31.24
2025-09-22,충남,140.36,0.0,-0.03,0.46,20.85
2025-09-22,전북,161.79,0.03,0.04,12.75,52.25
2025-09-22,전남,160.92,0.0,-0.06,0.0,12.1
2025-09-22,경북,147.14,0.07,0.02,2.59,30.03
2025-09-22,경남,151.38,0.03,0.01,3.71,28.86
2025-09-22,제주,132.88,0.0,-0.04,0.0,38.06
2025-09-22,기타지방,152.35,0.03,-0.0,3.83,30.73
2025-09-29,전국,,,0.09,,
2025-09-29,서울,154.91,0.15,0.43,23.94,84.8
2025-09-29,인천,155.87,0.03,-0.01,1.19,26.57
2025-09-29,경기도,152.32,0.04,0.1,9.42,42.11
2025-09-29,부산,162.92,0.03,-0.0,1.82,19.69
2025-09-29,대구,133.05,0.04,-0.03,1.72,19.94
2025-09-29,광주,174.81,0.02,-0.07,1.88,11.84
2025-09-29,대전,152.82,-0.02,-0.02,2.22,30.49
2025-09-29,세종,170.0,0.18,0.05,5.0,33.33
2025-09-29,울산,188.78,0.07,0.08,8.28,46.56
2025-09-29,강원,146.76,-0.02,0.02,9.22,40.32
2025-09-29,충북,171.08,0.02,-0.0,2.8,31.42
2025-09-29,충남,137.44,-0.01,-0.03,0.53,18.57
2025-09-29,전북,165.98,0.04,0.01,10.47,51.72
2025-09-29,전남,154.77,0.03,-0.02,0.0,16.5
2025-09-29,경북,149.71,-0.0,-0.0,2.69,32.46
2025-09-29,경남,154.13,0.04,-0.0,4.69,32.17
2025-09-29,제주,134.84,0.01,-0.06,0.0,30.31
2025-09-29,기타지방,153.93,0.02,-0.0,4.22,31.85
2025-10-13,전국,,,0.14,,
2025-10-13,서울,157.72,0.17,0.68,28.85,95.49
2025-10-13,인천,159.35,0.01,-0.02,2.44,30.38
2025-10-13,경기도,154.56,0.07,0.15,10.41,45.2
2025-10-13,부산,166.67,0.06,0.01,3.2,23.23
2025-10-13,대구,141.9,0.05,-0.02,2.62,19.35
2025-10-13,광주,172.67,0.01,-0.02,3.71,14.9
2025-10-13,대전,153.03,-0.05,0.0,2.7,28.74
2025-10-13,세종,169.84,0.13,0.07,6.35,46.03
2025-10-13,울산,189.81,0.04,0.05,8.28,45.17
2025-10-13,강원,145.97,-0.01,0.0,5.14,30.88
2025-10-13,충북,174.4,0.0,-0.01,2.09,27.97
2025-10-13,충남,143.06,-0.02,-0.02,0.95,23.09
2025-10-13,전북,168.92,0.04,0.07,15.99,58.82
2025-10-13,전남,171.87,0.05,0.01,1.94,21.77
2025-10-13,경북,150.46,0.02,0.01,3.67,33.99
2025-10-13,경남,159.72,0.04,-0.01,4.91,30.34
2025-10-13,제주,137.77,-0.0,-0.05,5.13,42.3
2025-10-13,기타지방,158.18,0.02,0.01,4.91,32.86
2025-10-20,전국,,,0.15,,
2025-10-20,서울,156.67,0.11,0.66,20.48,85.33
2025-10-20,인천,161.27,0.01,0.0,1.9,26.95
2025-10-20,경기도,156.36,0.1,0.18,8.86,45.25
2025-10-20,부산,165.62,0.06,0.03,3.4,23.39
2025-10-20,대구,139.93,0.05,0.01,2.56,17.72
2025-10-20,광주,169.98,0.02,-0.02,2.49,13.88
2025-10-20,대전,152.24,-0.01,-0.03,2.56,23.92
2025-10-20,세종,170.18,0.23,0.04,7.02,52.63
2025-10-20,울산,190.19,0.07,0.06,10.05,44.63
2025-10-20,강원,135.75,-0.0,0.01,6.05,36.61
2025-10-20,충북,169.61,-0.01,0.01,3.93,33.81
2025-10-20,충남,145.17,-0.02,-0.03,2.54,25.16
2025-10-20,전북,159.65,0.05,0.02,9.98,52.44
2025-10-20,전남,159.21,0.04,0.06,1.31,15.87
2025-10-20,경북,152.27,0.02,0.0,8.04,38.92
2025-10-20,경남,156.56,0.01,-0.0,5.74,32.06
2025-10-20,제주,152.27,0.07,-0.0,4.53,26.48
2025-10-20,기타지방,154.7,0.02,0.01,5.57,34.35
2025-10-27,전국,,,0.12,,
2025-10-27,서울,160.16,0.17,0.49,13.79,79.07
2025-10-27,인천,165.97,0.02,0.01,2.81,31.55
2025-10-27,경기도,157.89,0.08,0.15,6.83,43.48
2025-10-27,부산,167.74,0.1,0.02,2.62,22.54
2025-10-27,대구,142.09,0.08,-0.02,2.15,17.49
2025-10-27,광주,171.54,0.05,-0.01,0.48,11.44
2025-10-27,대전,154.44,0.0,-0.01,3.62,29.59
2025-10-27,세종,167.8,0.16,0.03,5.08,40.68
2025-10-27,울산,192.84,0.06,0.14,11.83,50.67
2025-10-27,강원,138.09,-0.01,-0.02,5.74,34.1
2025-10-27,충북,174.66,0.01,-0.0,3.3,30.41
2025-10-27,충남,146.49,-0.01,-0.03,2.46,24.38
2025-10-27,전북,164.63,0.02,0.06,12.69,57.04
2025-10-27,전남,161.85,0.06,0.01,1.93,14.17
2025-10-27,경북,148.6,0.01,0.02,7.81,38.35
2025-10-27,경남,164.27,0.1,0.05,5.65,34.81
2025-10-27,제주,143.74,0.09,-0.01,0.0,39.46
2025-10-27,기타지방,157.52,0.04,0.02,5.64,34.22
2025-11-03,전국,,,0.07,,
2025-11-03,서울,160.35,0.13,0.3,11.62,74.94
2025-11-03,인천,164.14,0.01,0.01,2.06,29.56
2025-11-03,경기도,158.53,0.1,0.08,7.34,42.87
2025-11-03,부산,170.16,0.11,0.02,5.6,26.91
2025-11-03,대구,139.82,0.01,-0.03,2.59,20.45
2025-11-03,광주,172.36,0.03,-0.03,2.54,15.11
2025-11-03,대전,156.4,0.01,-0.03,1.06,27.73
2025-11-03,세종,163.16,0.41,0.04,1.75,40.35
2025-11-03,울산,193.07,0.16,0.12,13.7,50.34
2025-11-03,강원,147.24,0.01,-0.01,8.68,43.14
2025-11-03,충북,171.18,0.02,-0.0,3.02,27.92
2025-11-03,충남,145.37,0.08,-0.03,0.74,20.42
2025-11-03,전북,169.92,0.01,0.04,8.13,53.21
2025-11-03,전남,162.58,0.03,-0.03,0.0,10.57
2025-11-03,경북,154.59,0.01,0.01,8.76,42.26
2025-11-03,경남,158.78,0.05,0.01,6.59,36.2
2025-11-03,제주,137.16,0.02,-0.01,4.28,37.16
2025-11-03,기타지방,157.88,0.05,0.0,5.24,34.4
2025-11-10,전국,,,0.07,,
2025-11-10,서울,158.45,0.16,0.26,11.78,75.24
2025-11-10,인천,163.66,0.02,0.0,1.57,29.99
2025-11-10,경기도,157.85,0.1,0.08,6.35,43.05
2025-11-10,부산,168.87,0.13,0.06,4.14,25.56
2025-11-10,대구,141.81,0.03,-0.02,4.96,27.28
2025-11-10,광주,174.66,0.01,0.0,2.4,16.64
2025-11-10,대전,158.23,0.04,-0.01,1.91,32.27
2025-11-10,세종,167.74,0.32,0.02,0.0,25.81
2025-11-10,울산,190.89,0.16,0.07,10.06,48.64
2025-11-10,강원,133.69,0.02,0.01,6.59,36.84
2025-11-10,충북,168.65,0.0,0.0,2.43,27.92
2025-11-10,충남,145.51,0.02,-0.04,1.29,21.9
2025-11-10,전북,168.73,0.01,0.03,12.46,59.31
2025-11-10,전남,159.99,0.1,0.02,3.1,17.47
2025-11-10,경북,157.13,0.01,0.02,7.78,38.71
2025-11-10,경남,162.82,0.04,0.03,6.75,38.84
2025-11-10,제주,145.1,0.04,-0.03,0.0,24.83
2025-11-10,기타지방,157.55,0.04,0.01,5.59,34.67
2025-11-17,전국,,,0.07,,
2025-11-17,서울,159.03,0.14,0.23,11.15,72.79
2025-11-17,인천,163.12,0.03,0.01,2.69,30.51
2025-11-17,경기도,157.4,0.1,0.09,5.74,42.21
2025-11-17,부산,165.87,0.11,0.03,4.48,25.69
2025-11-17,대구,144.82,0.04,-0.01,3.03,23.49
2025-11-17,광주,178.91,0.04,-0.01,0.46,10.87
2025-11-17,대전,160.78,0.04,-0.0,2.02,28.03
2025-11-17,세종,157.89,0.42,0.05,5.26,29.82
2025-11-17,울산,189.98,0.1,0.07,9.14,50.27
2025-11-17,강원,138.35,-0.02,-0.03,6.75,33.16
2025-11-17,충북,169.37,0.01,-0.0,2.13,28.6
2025-11-17,충남,154.11,0.04,-0.01,1.23,25.22
2025-11-17,전북,158.71,-0.01,0.06,9.69,58.47
2025-11-17,전남,165.78,0.04,0.01,0.0,18.13
2025-11-17,경북,152.46,0.06,0.01,6.88,39.01
2025-11-17,경남,163.12,0.05,0.02,5.58,34.72
2025-11-17,제주,154.56,0.0,-0.04,0.0,36.44
2025-11-17,기타지방,157.79,0.04,0.01,4.76,34.2
2025-11-24,전국,,,0.07,,
2025-11-24,서울,159.37,0.15,0.27,12.36,75.93
2025-11-24,인천,162.06,0.03,0.01,2.14,28.7
2025-11-24,경기도,159.09,0.1,0.07,6.78,44.1
2025-11-24,부산,169.35,0.1,0.03,4.48,26.22
2025-11-24,대구,143.0,0.04,0.02,3.11,23.15
2025-11-24,광주,175.66,0.06,-0.03,1.13,15.92
2025-11-24,대전,161.3,0.07,0.02,1.58,24.21
2025-11-24,세종,156.86,0.63,0.09,0.0,21.57
2025-11-24,울산,191.02,0.06,0.06,8.37,48.26
2025-11-24,강원,135.45,0.01,-0.0,4.19,33.08
2025-11-24,충북,175.14,0.01,-0.01,5.15,32.97
2025-11-24,충남,147.93,0.01,0.01,2.23,29.73
2025-11-24,전북,162.01,0.02,0.05,11.39,58.72
2025-11-24,전남,161.61,0.11,0.06,0.0,16.71
2025-11-24,경북,151.65,0.02,-0.01,8.61,40.61
2025-11-24,경남,164.25,0.07,0.03,5.16,39.08
2025-11-24,제주,141.44,0.02,0.0,4.28,33.33
2025-11-24,기타지방,157.25,0.06,0.02,5.21,36.18
2025-12-01,전국,,,0.06,,
2025-12-01,서울,158.23,0.13,0.2,12.9,77.71
2025-12-01,인천,163.79,0.03,0.01,2.58,32.09
2025-12-01,경기도,159.52,0.1,0.07,5.99,42.2
2025-12-01,부산,165.92,0.15,0.05,3.81,24.87
2025-12-01,대구,143.42,0.04,0.02,3.57,22.95
2025-12-01,광주,172.83,0.03,-0.03,1.59,12.33
2025-12-01,대전,161.32,0.1,-0.0,3.05,28.15
2025-12-01,세종,162.5,0.72,0.05,0.0,17.86
2025-12-01,울산,192.36,0.15,0.2,14.12,56.49
2025-12-01,강원,139.02,-0.02,-0.03,5.71,27.06
2025-12-01,충북,173.87,0.01,0.02,2.58,29.38
2025-12-01,충남,145.67,0.04,0.01,2.21,27.46
2025-12-01,전북,160.43,0.01,0.06,10.5,55.76
2025-12-01,전남,167.84,0.03,0.03,1.23,15.32
2025-12-01,경북,149.17,0.1,0.02,7.35,39.0
2025-12-01,경남,162.83,0.07,0.03,5.75,39.67
2025-12-01,제주,150.81,0.06,-0.01,8.65,42.16
2025-12-01,기타지방,157.02,0.07,0.02,5.07,34.26
2025-12-08,전국,,,0.06,,
2025-12-08,서울,160.08,0.13,0.19,13.39,75.85
2025-12-08,인천,161.83,0.02,0.01,2.42,31.56
2025-12-08,경기도,160.16,0.12,0.07,5.87,42.66
2025-12-08,부산,166.54,0.1,0.02,4.08,25.31
2025-12-08,대구,144.24,0.09,0.03,2.45,21.4
2025-12-08,광주,176.48,0.0,-0.02,1.17,14.14
2025-12-08,대전,161.33,0.1,-0.01,4.53,33.14
2025-12-08,세종,162.9,0.91,0.08,0.0,22.58
2025-12-08,울산,192.96,0.17,0.11,10.06,48.19
2025-12-08,강원,143.49,0.01,0.01,6.18,30.95
2025-12-08,충북,175.8,0.01,-0.01,1.8,21.28
2025-12-08,충남,148.07,0.06,-0.0,2.75,26.46
2025-12-08,전북,158.78,-0.01,0.04,9.63,57.61
2025-12-08,전남,169.02,0.08,0.02,3.04,18.16
2025-12-08,경북,153.73,0.05,0.02,6.74,34.32
2025-12-08,경남,162.71,0.02,0.03,6.73,38.74
2025-12-08,제주,143.7,0.02,0.0,4.05,23.87
2025-12-08,기타지방,158.56,0.06,0.02,5.25,33.08
2025-12-15,전국,,,0.06,,
2025-12-15,서울,159.8,0.09,0.17,12.72,76.49
2025-12-15,인천,164.48,0.02,-0.0,3.57,33.09
2025-12-15,경기도,160.41,0.09,0.08,6.31,43.6
2025-12-15,부산,169.05,0.13,0.04,3.22,19.88
2025-12-15,대구,143.68,0.03,0.02,2.99,23.06
2025-12-15,광주,177.71,0.04,-0.01,2.63,13.51
2025-12-15,대전,170.17,0.08,0.01,5.05,29.26
2025-12-15,세종,160.0,0.28,0.04,3.33,30.0
2025-12-15,울산,191.6,0.07,0.06,8.3,48.84
2025-12-15,강원,131.6,-0.01,-0.0,7.64,33.31
2025-12-15,충북,163.04,0.02,0.01,1.68,25.01
2025-12-15,충남,155.75,0.02,0.0,1.62,24.98
2025-12-15,전북,163.24,0.01,0.02,11.02,59.37
2025-12-15,전남,167.72,0.09,0.03,3.32,19.02
2025-12-15,경북,150.37,0.06,0.03,4.14,36.83
2025-12-15,경남,162.39,0.05,0.03,3.71,35.67
2025-12-15,제주,142.3,0.01,-0.01,0.0,17.3
2025-12-15,기타지방,156.83,0.05,0.02,4.36,33.66
2025-12-22,전국,,,0.06,,
2025-12-22,서울,159.57,0.13,0.21,15.3,80.08
2025-12-22,인천,162.87,0.06,0.0,3.56,32.52
2025-12-22,경기도,159.25,0.09,0.07,6.71,43.69
2025-12-22,부산,166.95,0.11,0.02,3.26,24.74
2025-12-22,대구,141.71,0.07,0.01,3.67,24.41
2025-12-22,광주,175.03,0.03,-0.08,1.22,14.59
2025-12-22,대전,171.19,0.11,0.0,4.09,33.17
2025-12-22,세종,155.77,0.15,0.02,0.0,19.23
2025-12-22,울산,195.14,0.14,0.15,9.0,49.54
2025-12-22,강원,138.96,-0.0,0.01,6.89,29.49
2025-12-22,충북,163.97,0.05,0.01,4.79,31.37
2025-12-22,충남,147.66,0.03,-0.0,3.25,26.17
2025-12-22,전북,158.16,0.01,0.04,6.56,51.6
2025-12-22,전남,170.94,0.22,0.04,5.0,22.26
2025-12-22,경북,153.62,0.05,0.02,8.09,40.48
2025-12-22,경남,159.4,0.06,0.03,4.75,36.15
2025-12-22,제주,143.74,0.02,0.01,4.6,26.62
2025-12-22,기타지방,155.77,0.06,0.02,5.3,33.9
2025-12-29,전국,,,0.06,,
2025-12-29,서울,159.62,0.11,0.22,16.0,82.53
2025-12-29,인천,165.77,0.03,0.01,3.58,32.06
2025-12-29,경기도,159.37,0.11,0.09,7.35,44.78
2025-12-29,부산,167.03,0.1,0.02,3.07,22.55
2025-12-29,대구,143.62,0.04,0.02,3.43,26.47
2025-12-29,광주,174.83,0.03,-0.05,0.93,14.07
2025-12-29,대전,169.78,0.08,0.03,3.55,35.72
2025-12-29,세종,151.79,0.13,0.04,0.0,21.43
2025-12-29,울산,191.52,0.05,0.06,8.39,46.79
2025-12-29,강원,134.54,-0.03,-0.01,6.72,35.35
2025-12-29,충북,164.02,-0.0,-0.0,3.31,28.05
2025-12-29,충남,151.42,0.02,-0.03,1.23,26.51
2025-12-29,전북,157.75,-0.01,0.03,7.19,53.65
2025-12-29,전남,168.89,0.04,-0.0,1.31,16.99
2025-12-29,경북,155.15,0.01,0.0,3.45,35.8
2025-12-29,경남,161.78,0.1,0.04,5.62,34.6
2025-12-29,제주,140.74,0.1,-0.02,8.45,36.89
2025-12-29,기타지방,156.3,0.03,0.01,4.08,33.04
2026-01-12,전국,,,0.07,,
2026-01-12,서울,163.73,0.1,0.24,20.56,89.17
2026-01-12,인천,169.95,0.09,0.02,3.04,30.63
2026-01-12,경기도,158.35,0.11,0.1,8.87,48.86
2026-01-12,부산,167.73,0.16,0.02,1.47,20.89
2026-01-12,대구,140.75,0.08,0.0,4.15,25.58
2026-01-12,광주,174.87,0.08,-0.03,1.66,17.57
2026-01-12,대전,163.94,0.06,0.01,6.61,40.52
2026-01-12,세종,152.46,0.43,0.06,8.2,47.54
2026-01-12,울산,193.69,0.22,0.13,10.84,49.45
2026-01-12,강원,147.37,-0.02,-0.01,7.38,37.98
2026-01-12,충북,175.67,0.01,0.02,3.79,28.97
2026-01-12,충남,153.82,0.01,-0.01,1.88,26.49
2026-01-12,전북,161.49,0.02,-0.03,9.86,56.64
2026-01-12,전남,171.3,0.07,0.03,7.58,40.85
2026-01-12,경북,159.88,-0.0,0.01,7.59,43.51
2026-01-12,경남,166.36,0.05,0.02,5.0,36.12
2026-01-12,제주,137.09,0.0,-0.01,2.55,38.59
2026-01-12,기타지방,161.61,0.04,0.01,5.9,38.42
2026-01-19,전국,,,0.1,,
2026-01-19,서울,163.3,0.14,0.38,26.49,96.39
2026-01-19,인천,172.77,0.09,-0.0,4.9,35.55
2026-01-19,경기도,163.09,0.14,0.13,11.14,52.18
2026-01-19,부산,167.73,0.15,0.03,4.02,25.55
2026-01-19,대구,142.81,0.06,0.02,5.4,26.85
2026-01-19,광주,169.17,0.03,-0.02,1.87,17.7
2026-01-19,대전,164.98,0.05,0.0,7.77,37.79
2026-01-19,세종,155.36,0.17,0.02,8.93,46.43
2026-01-19,울산,193.96,0.14,0.13,8.99,49.28
2026-01-19,강원,146.01,-0.03,-0.03,5.61,36.71
2026-01-19,충북,174.95,0.03,0.04,4.39,33.76
2026-01-19,충남,153.75,0.0,0.01,3.08,28.16
2026-01-19,전북,156.96,0.04,0.03,11.17,58.49
2026-01-19,전남,168.2,0.1,0.03,6.36,40.03
2026-01-19,경북,157.33,0.01,0.01,6.35,38.66
2026-01-19,경남,158.96,0.02,0.02,7.33,38.39
2026-01-19,제주,144.74,-0.0,-0.01,4.6,43.41
2026-01-19,기타지방,158.73,0.03,0.01,6.42,38.99
2026-01-26,전국,,,0.1,,
2026-01-26,서울,163.86,0.15,0.32,27.7,99.28
2026-01-26,인천,171.41,0.1,0.03,5.0,34.81
2026-01-26,경기도,162.1,0.1,0.14,13.22,54.37
2026-01-26,부산,165.46,0.1,0.03,3.63,25.96
2026-01-26,대구,147.1,0.04,0.02,3.25,26.05
2026-01-26,광주,169.62,0.06,-0.03,1.27,16.87
2026-01-26,대전,170.9,0.11,0.03,10.51,43.74
2026-01-26,세종,151.72,0.3,0.13,6.9,36.21
2026-01-26,울산,190.95,0.15,0.12,9.6,46.93
2026-01-26,강원,148.7,-0.06,-0.04,7.87,42.51
2026-01-26,충북,179.12,0.04,-0.0,6.99,36.49
2026-01-26,충남,151.57,0.02,-0.0,1.42,25.59
2026-01-26,전북,161.64,0.05,0.01,13.84,64.96
2026-01-26,전남,169.36,0.05,0.05,9.65,38.94
2026-01-26,경북,157.12,-0.02,0.0,8.9,46.46
2026-01-26,경남,163.61,0.07,0.03,6.41,38.21
2026-01-26,제주,147.48,-0.01,-0.04,9.41,52.08
2026-01-26,기타지방,160.66,0.04,0.01,7.43,41.01
2026-02-02,전국,,,0.1,,
2026-02-02,서울,167.56,0.13,0.32,24.42,94.88
2026-02-02,인천,173.79,0.12,0.03,3.65,33.5
2026-02-02,경기도,165.0,0.11,0.14,11.78,53.81
2026-02-02,부산,164.86,0.13,0.05,3.19,23.26
2026-02-02,대구,143.0,0.03,-0.01,3.78,28.36
2026-02-02,광주,168.2,0.05,-0.02,0.54,15.68
2026-02-02,대전,168.03,0.06,0.02,7.67,40.19
2026-02-02,세종,149.02,0.23,0.07,1.96,31.37
2026-02-02,울산,192.11,0.11,0.2,8.25,45.21
2026-02-02,강원,150.48,-0.01,0.03,10.87,38.44
2026-02-02,충북,169.26,0.06,0.02,6.6,36.71
2026-02-02,충남,153.17,0.09,0.03,3.19,24.35
2026-02-02,전북,165.76,0.02,-0.01,12.9,68.15
2026-02-02,전남,179.25,0.06,0.04,3.73,34.19
2026-02-02,경북,162.34,0.02,0.04,6.58,40.45
2026-02-02,경남,166.4,0.11,0.02,6.32,37.55
2026-02-02,제주,161.94,-0.03,-0.01,3.83,32.44
2026-02-02,기타지방,162.83,0.06,0.03,6.68,38.86
2026-02-09,전국,,,0.1,,
2026-02-09,서울,166.83,0.16,0.32,19.18,85.31
2026-02-09,인천,174.95,0.14,0.02,3.82,31.97
2026-02-09,경기도,167.38,0.13,0.13,8.76,49.14
2026-02-09,부산,168.74,0.11,0.03,3.08,24.99
2026-02-09,대구,142.42,0.05,0.02,3.69,28.14
2026-02-09,광주,173.06,0.04,-0.03,1.98,16.83
2026-02-09,대전,165.55,0.03,0.07,5.04,37.74
2026-02-09,세종,151.67,0.38,0.13,8.33,43.33
2026-02-09,울산,190.37,0.1,0.12,3.62,40.95
2026-02-09,강원,150.31,-0.01,-0.02,7.51,36.49
2026-02-09,충북,183.34,0.03,0.03,7.97,35.18
2026-02-09,충남,154.25,0.01,0.04,2.04,26.22
2026-02-09,전북,166.29,0.01,-0.01,14.38,66.55
2026-02-09,전남,160.87,0.05,0.03,4.42,34.18
2026-02-09,경북,158.74,0.0,0.04,7.36,40.7
2026-02-09,경남,165.57,0.04,0.09,5.91,36.64
2026-02-09,제주,154.36,-0.02,-0.03,2.55,37.09
2026-02-09,기타지방,162.27,0.03,0.04,6.83,38.98
2026-02-23,전국,,,0.14,,
2026-02-23,서울,170.28,0.16,0.45,15.22,73.39
2026-02-23,인천,174.59,0.12,0.04,4.37,36.42
2026-02-23,경기도,170.05,0.16,0.17,8.75,47.49
2026-02-23,부산,169.84,0.09,0.06,2.63,23.82
2026-02-23,대구,145.52,0.07,0.02,5.24,31.33
2026-02-23,광주,173.2,0.06,-0.04,1.2,15.02
2026-02-23,대전,170.75,0.04,0.06,6.9,37.89
2026-02-23,세종,144.23,0.2,0.16,11.54,38.46
2026-02-23,울산,190.74,0.17,0.14,8.8,46.94
2026-02-23,강원,157.6,0.01,0.04,7.12,42.03
2026-02-23,충북,172.0,0.04,0.02,5.7,31.36
2026-02-23,충남,164.51,0.04,0.02,0.99,29.1
2026-02-23,전북,167.61,0.02,-0.01,13.84,61.5
2026-02-23,전남,169.31,0.15,0.11,8.45,39.78
2026-02-23,경북,162.48,0.02,0.02,5.72,41.82
2026-02-23,경남,168.28,0.16,0.09,6.83,36.48
2026-02-23,제주,132.64,0.0,0.0,5.13,51.96
2026-02-23,기타지방,164.85,0.07,0.05,6.77,39.53
2026-03-02,전국,,,0.09,,
2026-03-02,서울,170.34,0.14,0.32,12.7,67.93
2026-03-02,인천,174.18,0.07,0.0,3.18,31.49
2026-03-02,경기도,170.96,0.11,0.12,6.08,42.38
2026-03-02,부산,172.1,0.1,0.02,3.51,25.87
2026-03-02,대구,148.94,0.04,0.0,2.63,26.1
2026-03-02,광주,169.89,0.01,-0.0,1.6,14.95
2026-03-02,대전,171.5,0.09,0.02,7.38,33.28
2026-03-02,세종,147.83,0.28,0.02,0.0,19.57
2026-03-02,울산,194.24,0.08,0.11,8.92,43.16
2026-03-02,강원,151.59,0.0,0.02,13.7,42.68
2026-03-02,충북,172.83,0.03,0.03,3.33,31.8
2026-03-02,충남,163.01,0.04,-0.01,2.88,29.67
2026-03-02,전북,163.98,0.03,0.02,6.96,61.32
2026-03-02,전남,178.26,0.11,0.04,1.76,31.94
2026-03-02,경북,161.34,-0.01,0.0,4.0,35.18
2026-03-02,경남,167.49,0.09,0.06,5.01,35.7
2026-03-02,제주,134.58,0.0,-0.02,6.42,39.75
2026-03-02,기타지방,164.24,0.05,0.03,4.96,36.96
2026-03-09,전국,,,0.12,,
2026-03-09,서울,171.36,0.24,0.34,10.91,62.8
2026-03-09,인천,173.36,0.1,0.02,2.9,30.51
2026-03-09,경기도,171.08,0.17,0.17,6.13,41.63
2026-03-09,부산,170.21,0.12,0.04,2.68,23.22
2026-03-09,대구,144.95,0.06,0.02,3.05,26.73
2026-03-09,광주,170.63,0.04,-0.03,2.05,17.99
2026-03-09,대전,170.12,0.16,0.07,4.46,30.23
2026-03-09,세종,148.0,0.27,0.05,2.0,22.0
2026-03-09,울산,194.94,0.17,0.12,9.88,48.68
2026-03-09,강원,138.49,0.02,0.08,4.45,35.41
2026-03-09,충북,180.54,0.08,0.04,4.08,34.28
2026-03-09,충남,157.2,-0.01,-0.02,3.08,26.62
2026-03-09,전북,169.19,0.02,0.03,10.91,59.17
2026-03-09,전남,163.94,0.15,0.05,2.97,37.85
2026-03-09,경북,160.85,-0.02,0.05,5.33,38.27
2026-03-09,경남,171.44,0.11,0.02,6.3,36.1
2026-03-09,제주,146.12,-0.01,-0.01,9.63,49.07
2026-03-09,기타지방,163.33,0.06,0.03,5.35,37.14
2026-03-16,전국,,,0.09,,
2026-03-16,서울,172.41,0.2,0.31,10.67,63.64
2026-03-16,인천,175.91,0.08,0.0,2.43,29.43
2026-03-16,경기도,172.02,0.15,0.12,6.3,42.54
2026-03-16,부산,173.11,0.06,0.03,1.68,22.57
2026-03-16,대구,149.29,0.07,-0.0,2.75,25.1
2026-03-16,광주,168.67,0.01,-0.05,1.07,13.62
2026-03-16,대전,170.55,0.06,0.02,4.31,34.75
2026-03-16,세종,140.35,0.17,0.01,1.75,19.3
2026-03-16,울산,194.89,0.19,0.1,6.44,43.27
2026-03-16,강원,152.51,-0.01,-0.03,9.05,38.27
2026-03-16,충북,182.93,0.06,0.06,2.11,26.44
2026-03-16,충남,161.07,0.05,-0.01,2.77,29.59
2026-03-16,전북,169.54,0.04,0.11,11.76,62.92
2026-03-16,전남,165.0,0.07,0.02,8.14,36.33
2026-03-16,경북,157.09,-0.01,0.04,6.76,40.57
2026-03-16,경남,169.87,0.06,0.02,7.47,39.25
2026-03-16,제주,163.46,0.12,-0.01,9.63,46.17
2026-03-16,기타지방,164.62,0.04,0.03,6.55,38.2
2026-03-23,전국,,,0.09,,
2026-03-23,서울,174.59,0.23,0.29,13.65,68.57
2026-03-23,인천,175.87,0.11,0.01,1.83,25.41
2026-03-23,경기도,173.39,0.15,0.12,7.52,44.56
2026-03-23,부산,173.82,0.11,0.01,2.25,19.33
2026-03-23,대구,148.45,0.05,-0.01,3.5,26.69
2026-03-23,광주,166.47,0.03,-0.05,1.7,17.08
2026-03-23,대전,169.06,0.13,0.06,5.61,34.98
2026-03-23,세종,148.28,0.25,0.05,3.45,31.03
2026-03-23,울산,192.61,0.13,0.11,7.73,42.76
2026-03-23,강원,158.25,0.02,0.01,7.57,31.85
2026-03-23,충북,171.18,0.05,0.03,3.18,27.31
2026-03-23,충남,165.39,0.0,0.01,0.94,22.13
2026-03-23,전북,167.52,0.06,0.09,12.12,63.08
2026-03-23,전남,174.76,0.04,0.03,3.11,29.04
2026-03-23,경북,161.35,-0.03,-0.01,7.19,38.63
2026-03-23,경남,169.61,0.08,0.03,7.51,41.33
2026-03-23,제주,166.75,0.11,-0.02,5.5,38.75
2026-03-23,기타지방,166.11,0.04,0.03,5.95,36.49
2026-03-30,전국,,,0.08,,
2026-03-30,서울,176.21,0.23,0.27,11.93,66.69
2026-03-30,인천,176.36,0.1,0.01,2.29,29.35
2026-03-30,경기도,173.37,0.15,0.12,6.32,42.55
2026-03-30,부산,171.06,0.13,0.02,2.1,21.39
2026-03-30,대구,148.04,0.05,-0.0,3.0,26.95
2026-03-30,광주,168.23,0.01,-0.06,1.17,16.19
2026-03-30,대전,167.5,0.08,0.07,4.83,32.13
2026-03-30,세종,153.7,0.1,0.05,0.0,16.67
2026-03-30,울산,193.14,0.1,0.05,6.81,37.68
2026-03-30,강원,154.34,0.03,0.0,4.69,31.57
2026-03-30,충북,168.78,0.06,0.06,4.25,31.55
2026-03-30,충남,167.2,0.03,0.0,1.9,25.22
2026-03-30,전북,169.95,0.05,0.1,13.37,63.86
2026-03-30,전남,171.81,0.13,0.07,7.11,41.5
2026-03-30,경북,163.65,-0.01,-0.02,4.31,35.79
2026-03-30,경남,169.06,0.04,0.03,5.84,38.56
2026-03-30,제주,148.04,0.22,-0.04,5.13,36.55
2026-03-30,기타지방,165.98,0.04,0.03,5.45,36.92
2026-04-06,전국,,,0.08,,
2026-04-06,서울,176.73,0.18,0.25,12.04,69.18
2026-04-06,인천,176.93,0.06,0.02,3.56,30.64
2026-04-06,경기도,174.93,0.14,0.11,7.12,44.19
2026-04-06,부산,172.0,0.13,0.01,2.11,19.58
2026-04-06,대구,147.24,0.05,-0.0,2.89,27.0
2026-04-06,광주,162.56,0.01,-0.06,1.02,14.51
2026-04-06,대전,171.92,0.07,0.05,5.57,34.14
2026-04-06,세종,149.09,0.13,0.02,3.64,18.18
2026-04-06,울산,195.7,0.08,0.07,5.01,35.81
2026-04-06,강원,148.08,0.0,0.04,6.43,30.08
2026-04-06,충북,169.16,0.03,0.02,2.08,32.89
2026-04-06,충남,167.93,0.02,0.02,1.93,23.4
2026-04-06,전북,163.9,0.07,0.18,10.88,56.75
2026-04-06,전남,164.88,0.06,0.04,9.05,50.21
2026-04-06,경북,160.33,0.0,0.0,5.58,35.1
2026-04-06,경남,175.13,0.07,0.03,4.19,31.3
2026-04-06,제주,161.33,0.0,-0.03,4.53,39.37
2026-04-06,기타지방,165.1,0.04,0.04,5.21,34.84
2026-04-13,전국,,,0.06,,
2026-04-13,서울,178.1,0.2,0.19,12.12,68.21
2026-04-13,인천,181.37,0.09,0.01,2.27,29.48
2026-04-13,경기도,175.11,0.16,0.09,6.41,44.54
2026-04-13,부산,172.31,0.11,0.02,2.5,22.27
2026-04-13,대구,151.15,0.03,-0.01,3.44,29.21
2026-04-13,광주,166.86,0.01,-0.06,0.49,15.43
2026-04-13,대전,167.3,0.04,0.02,4.44,33.62
2026-04-13,세종,151.67,0.03,0.03,1.67,18.33
2026-04-13,울산,193.65,0.15,0.06,5.03,35.04
2026-04-13,강원,162.55,0.04,0.06,5.58,33.91
2026-04-13,충북,182.14,0.12,0.01,3.75,30.18
2026-04-13,충남,172.99,0.03,0.01,1.4,22.5
2026-04-13,전북,172.59,0.08,0.11,11.31,64.02
2026-04-13,전남,162.77,0.09,0.07,6.15,34.23
2026-04-13,경북,158.24,0.0,0.01,4.54,38.72
2026-04-13,경남,171.07,0.03,0.04,4.88,31.53
2026-04-13,제주,129.47,0.0,0.03,4.81,46.46
2026-04-13,기타지방,167.98,0.05,0.04,4.96,34.97
2026-04-20,전국,,,0.07,,
2026-04-20,서울,179.01,0.2,0.22,13.53,73.0
2026-04-20,인천,176.43,0.1,0.0,3.1,29.65
2026-04-20,경기도,177.43,0.19,0.11,6.96,44.48
2026-04-20,부산,172.94,0.07,-0.02,2.37,22.27
2026-04-20,대구,152.14,0.03,-0.01,2.5,23.27
2026-04-20,광주,159.72,-0.0,-0.09,2.37,14.87
2026-04-20,대전,170.78,0.05,0.01,4.74,32.59
2026-04-20,세종,154.55,0.12,-0.0,3.64,20.0
2026-04-20,울산,194.99,0.09,0.08,9.61,42.64
2026-04-20,강원,160.09,0.03,0.05,7.08,34.4
2026-04-20,충북,173.07,0.04,0.05,6.33,33.12
2026-04-20,충남,166.52,0.06,0.03,1.89,22.74
2026-04-20,전북,166.43,0.06,0.06,9.05,67.63
2026-04-20,전남,172.51,0.03,0.03,5.8,36.05
2026-04-20,경북,157.72,0.02,-0.0,3.14,35.83
2026-04-20,경남,175.14,0.01,0.01,4.97,33.37
2026-04-20,제주,135.56,0.0,-0.04,0.0,23.08
2026-04-20,기타지방,166.97,0.04,0.03,5.02,35.81
2026-04-27,전국,,,0.06,,
2026-04-27,서울,181.41,0.21,0.21,14.05,73.38
2026-04-27,인천,178.92,0.13,0.01,2.46,27.51
2026-04-27,경기도,177.6,0.14,0.08,7.82,47.24
2026-04-27,부산,172.38,0.13,0.01,1.93,19.23
2026-04-27,대구,152.78,0.03,0.0,3.39,26.51
2026-04-27,광주,159.92,-0.02,-0.12,1.85,16.44
2026-04-27,대전,169.66,0.07,-0.0,3.97,33.71
2026-04-27,세종,162.71,0.19,0.07,5.08,27.12
2026-04-27,울산,193.12,0.07,0.08,6.85,37.84
2026-04-27,강원,161.22,0.02,0.03,5.94,34.09
2026-04-27,충북,180.33,0.03,0.04,4.66,36.44
2026-04-27,충남,163.87,0.06,-0.03,0.93,17.08
2026-04-27,전북,160.94,0.02,-0.0,8.34,61.55
2026-04-27,전남,171.46,0.07,0.09,12.51,46.76
2026-04-27,경북,156.16,0.0,-0.02,5.78,34.43
2026-04-27,경남,175.79,0.06,0.04,5.62,31.81
2026-04-27,제주,159.93,0.06,-0.09,0.0,43.2
2026-04-27,기타지방,167.23,0.05,0.02,5.68,35.36
2026-05-04,전국,,,0.05,,
2026-05-04,서울,180.26,0.16,0.18,14.64,76.79
2026-05-04,인천,175.92,0.04,-0.01,1.71,27.05
2026-05-04,경기도,178.18,0.11,0.08,9.05,49.91
2026-05-04,부산,171.46,0.07,0.01,1.81,20.32
2026-05-04,대구,149.45,0.01,0.01,2.63,25.51
2026-05-04,광주,164.62,0.02,-0.1,1.75,12.45
2026-05-04,대전,165.61,0.01,0.01,4.31,38.06
2026-05-04,세종,164.81,0.1,0.02,0.0,20.37
2026-05-04,울산,195.43,0.06,0.03,3.25,35.14
2026-05-04,강원,160.66,0.02,0.0,6.97,29.3
2026-05-04,충북,188.49,0.03,0.03,6.43,37.05
2026-05-04,충남,170.03,0.01,-0.02,1.98,21.13
2026-05-04,전북,164.86,0.03,0.04,7.81,63.25
2026-05-04,전남,166.05,0.04,0.08,8.52,38.07
2026-05-04,경북,158.01,-0.02,-0.01,6.24,35.02
2026-05-04,경남,175.41,0.03,0.02,6.31,35.17
2026-05-04,제주,132.03,-0.0,0.03,0.0,33.33
2026-05-04,기타지방,168.95,0.02,0.02,5.76,35.5
2026-05-11,전국,,,0.07,,
2026-05-11,서울,182.67,0.26,0.22,12.75,77.9
2026-05-11,인천,177.61,0.05,-0.02,3.01,31.81
2026-05-11,경기도,178.82,0.18,0.11,9.09,50.58
2026-05-11,부산,171.57,0.12,0.03,2.38,23.27
2026-05-11,대구,151.07,0.03,-0.02,2.64,26.79
2026-05-11,광주,164.88,0.01,-0.07,1.45,15.0
2026-05-11,대전,162.38,0.06,0.01,2.73,35.64
2026-05-11,세종,153.85,0.02,0.02,1.54,27.69
2026-05-11,울산,193.34,0.05,0.07,6.71,40.65
2026-05-11,강원,155.21,0.01,0.0,6.85,33.53
2026-05-11,충북,185.02,0.0,0.04,9.05,42.64
2026-05-11,충남,165.82,0.09,-0.01,2.28,23.19
2026-05-11,전북,165.53,0.06,0.12,10.33,67.66
2026-05-11,전남,172.79,0.04,0.01,7.78,39.43
2026-05-11,경북,157.01,-0.01,0.07,5.79,38.27
2026-05-11,경남,174.99,0.08,0.01,5.16,33.84
2026-05-11,제주,140.09,-0.0,-0.04,2.55,38.59
2026-05-11,기타지방,167.49,0.04,0.03,6.05,37.96
2026-05-18,전국,,,0.06,,
2026-05-18,서울,182.94,0.35,0.22,14.29,79.1
2026-05-18,인천,180.1,0.03,-0.03,3.58,33.44
2026-05-18,경기도,179.1,0.17,0.11,10.78,53.43
2026-05-18,부산,171.78,0.09,-0.01,1.31,18.62
2026-05-18,대구,151.43,0.03,-0.01,3.77,26.96
2026-05-18,광주,165.72,0.01,-0.08,0.48,12.18
2026-05-18,대전,168.13,0.05,0.04,2.52,33.35
2026-05-18,세종,166.67,0.16,0.04,0.0,14.04
2026-05-18,울산,193.18,0.07,0.06,7.71,39.51
2026-05-18,강원,147.85,0.01,0.02,5.98,30.68
2026-05-18,충북,181.76,0.03,0.12,11.44,48.29
2026-05-18,충남,169.18,-0.0,-0.04,1.96,20.91
2026-05-18,전북,167.88,0.05,-0.07,10.97,65.31
2026-05-18,전남,174.56,0.11,0.1,7.16,38.74
2026-05-18,경북,153.46,-0.0,-0.04,4.04,34.3
2026-05-18,경남,175.52,0.05,-0.02,6.19,36.17
2026-05-18,제주,146.17,0.0,-0.06,0.0,32.71
2026-05-18,기타지방,167.49,0.04,0.0,6.09,36.99
2026-05-25,전국,,,0.05,,
2026-05-25,서울,183.43,0.24,0.18,15.11,82.24
2026-05-25,인천,178.35,0.1,-0.06,2.73,32.47
2026-05-25,경기도,179.01,0.15,0.09,11.19,54.78
2026-05-25,부산,169.3,0.09,-0.0,1.02,16.5
2026-05-25,대구,153.26,0.01,-0.01,2.46,24.95
2026-05-25,광주,167.8,-0.02,-0.06,1.3,12.32
2026-05-25,대전,162.37,0.1,0.02,3.85,28.69
2026-05-25,세종,161.11,0.12,-0.01,1.85,29.63
2026-05-25,울산,192.23,0.1,0.07,8.07,40.72
2026-05-25,강원,148.76,0.0,-0.05,3.49,27.74
2026-05-25,충북,179.71,-0.0,0.03,7.57,41.46
2026-05-25,충남,166.39,0.03,-0.02,0.93,20.68
2026-05-25,전북,171.6,0.06,-0.02,11.24,61.48
2026-05-25,전남,177.46,0.08,0.07,7.57,30.05
2026-05-25,경북,153.72,0.02,0.0,8.14,42.97
2026-05-25,경남,173.22,0.07,0.0,7.8,36.47
2026-05-25,제주,161.53,0.0,-0.0,0.0,47.43
2026-05-25,기타지방,167.11,0.04,-0.0,6.43,36.96
2026-06-01,전국,,,0.06,,
2026-06-01,서울,181.98,0.28,0.19,15.6,81.78
2026-06-01,인천,178.63,0.09,-0.01,3.61,31.45
2026-06-01,경기도,178.05,0.16,0.13,12.85,58.17
2026-06-01,부산,169.75,0.1,-0.0,1.28,18.81
2026-06-01,대구,151.84,0.01,-0.01,3.02,26.18
2026-06-01,광주,163.78,0.02,-0.09,1.85,13.23
2026-06-01,대전,163.95,0.04,0.02,4.04,29.78
2026-06-01,세종,161.82,0.04,0.0,1.82,20.0
2026-06-01,울산,187.84,0.09,0.05,9.12,44.02
2026-06-01,강원,157.72,-0.01,-0.01,6.49,29.92
2026-06-01,충북,186.1,0.02,0.04,6.31,40.22
2026-06-01,충남,166.75,0.03,-0.03,1.67,20.65
2026-06-01,전북,162.97,0.02,0.04,9.49,60.05
2026-06-01,전남,172.2,0.11,0.08,4.74,32.66
2026-06-01,경북,158.93,0.02,0.02,5.03,38.64
2026-06-01,경남,173.12,0.07,-0.0,6.19,37.19
2026-06-01,제주,162.45,0.01,-0.07,0.0,39.36
2026-06-01,기타지방,168.08,0.04,0.01,5.37,36.09
2026-06-08,전국,,,0.08,,
2026-06-08,서울,182.5,0.3,0.22,15.9,83.44
2026-06-08,인천,180.23,0.08,-0.0,4.76,34.11
2026-06-08,경기도,178.68,0.18,0.16,13.99,59.73
2026-06-08,부산,170.85,0.08,0.02,1.46,17.73
2026-06-08,대구,150.34,0.02,0.02,3.14,25.64
2026-06-08,광주,166.83,0.01,-0.07,1.79,11.47
2026-06-08,대전,161.59,0.03,0.01,3.01,30.36
2026-06-08,세종,163.79,0.07,0.02,1.72,15.52
2026-06-08,울산,192.25,0.16,0.09,8.19,38.47
2026-06-08,강원,150.5,-0.01,0.01,6.75,32.44
2026-06-08,충북,180.5,0.04,0.04,5.56,39.46
2026-06-08,충남,172.18,0.0,-0.03,1.42,18.75
2026-06-08,전북,168.51,0.05,0.05,11.13,64.59
2026-06-08,전남,173.58,0.02,0.01,9.88,39.44
2026-06-08,경북,159.78,-0.03,-0.05,6.11,36.41
2026-06-08,경남,175.15,0.05,0.02,7.48,38.74
2026-06-08,제주,155.37,-0.08,-0.09,0.0,47.01
2026-06-08,기타지방,168.94,0.02,0.01,6.38,36.98
2026-06-15,전국,,,0.08,,
2026-06-15,서울,182.45,0.26,0.25,17.12,85.95
2026-06-15,인천,179.96,0.08,0.0,3.97,31.82
2026-06-15,경기도,178.88,0.19,0.17,13.68,60.86
2026-06-15,부산,171.11,0.07,0.0,2.13,23.2
2026-06-15,대구,150.57,0.04,0.01,2.97,27.15
2026-06-15,광주,161.81,-0.02,-0.19,2.14,16.33
2026-06-15,대전,161.95,0.04,0.02,2.73,28.33
2026-06-15,세종,163.08,0.08,0.01,0.0,20.0
2026-06-15,울산,191.71,0.11,0.07,5.33,41.85
2026-06-15,강원,150.71,0.0,-0.04,5.07,28.46
2026-06-15,충북,186.02,0.04,0.06,6.25,39.1
2026-06-15,충남,171.18,0.05,-0.04,1.41,19.58
2026-06-15,전북,168.87,0.04,0.01,11.42,62.02
2026-06-15,전남,170.71,0.1,0.0,10.44,41.03
2026-06-15,경북,157.12,-0.03,0.01,6.46,37.02
2026-06-15,경남,171.99,0.04,-0.0,5.72,36.61
2026-06-15,제주,157.29,-0.01,-0.14,0.0,40.16
2026-06-15,기타지방,168.05,0.03,-0.0,5.96,36.3
2026-06-22,전국,,,0.09,,
2026-06-22,서울,181.58,0.32,0.25,16.86,84.13
2026-06-22,인천,181.33,0.11,0.01,4.59,32.0
2026-06-22,경기도,179.69,0.19,0.19,14.6,61.54
2026-06-22,부산,169.77,0.06,0.01,2.4,20.47
2026-06-22,대구,156.76,0.02,-0.0,4.1,28.0
2026-06-22,광주,164.4,0.06,-0.14,1.17,14.56
2026-06-22,대전,167.24,0.08,0.05,4.51,33.47
2026-06-22,세종,163.33,0.05,-0.01,0.0,13.33
2026-06-22,울산,192.76,0.06,0.04,5.22,37.97
2026-06-22,강원,157.1,-0.01,0.0,7.42,31.58
2026-06-22,충북,178.95,0.02,0.15,5.45,39.42
2026-06-22,충남,173.73,0.01,-0.0,1.79,20.29
2026-06-22,전북,170.16,0.03,0.02,9.71,62.4
2026-06-22,전남,175.66,0.04,0.06,11.56,44.41
2026-06-22,경북,158.04,-0.01,-0.04,4.56,36.17
2026-06-22,경남,170.39,0.02,0.0,7.0,39.75
2026-06-22,제주,152.99,-0.0,0.01,4.54,43.92
2026-06-22,기타지방,168.59,0.01,0.02,6.1,37.38
2026-06-29,전국,,,0.11,,
2026-06-29,서울,182.11,0.33,0.24,18.2,86.04
2026-06-29,인천,185.19,0.09,0.02,4.69,35.16
2026-06-29,경기도,177.94,0.23,0.23,13.4,60.33
2026-06-29,부산,172.36,0.08,0.0,1.89,18.44
2026-06-29,대구,156.84,0.06,-0.0,4.47,27.1
2026-06-29,광주,154.58,-0.03,-0.08,3.11,21.28
2026-06-29,대전,162.89,0.06,0.04,4.5,34.37
2026-06-29,세종,166.1,0.1,0.03,0.0,18.64
2026-06-29,울산,191.4,0.08,0.05,5.0,35.62
2026-06-29,강원,151.97,-0.02,-0.01,2.5,21.95
2026-06-29,충북,181.27,0.05,0.07,8.36,47.13
2026-06-29,충남,172.52,0.01,-0.03,2.49,23.73
2026-06-29,전북,167.73,0.03,0.11,11.95,64.16
2026-06-29,전남,177.02,0.03,0.05,10.23,44.76
2026-06-29,경북,160.6,-0.03,-0.02,5.11,37.41
2026-06-29,경남,170.84,0.03,0.03,7.64,38.77
2026-06-29,제주,144.18,0.02,0.14,0.0,45.18
2026-06-29,기타지방,173.54,0.02,0.03,9.43,48.64
2026-07-06,전국,,,0.09,,
2026-07-06,서울,181.07,0.29,0.22,18.6,87.33
2026-07-06,인천,181.63,0.05,0.0,5.03,35.71
2026-07-06,경기도,179.55,0.21,0.2,13.67,61.97
2026-07-06,부산,172.73,0.03,-0.01,2.45,22.87
2026-07-06,대구,160.51,-0.01,-0.08,3.07,23.43
2026-07-06,광주,152.67,-0.01,-0.03,1.65,17.84
2026-07-06,대전,166.11,0.04,0.04,3.34,30.32
2026-07-06,세종,167.8,0.15,0.0,0.0,15.25
2026-07-06,울산,189.84,0.05,0.04,8.88,40.89
2026-07-06,강원,156.68,-0.0,-0.03,1.45,23.5
2026-07-06,충북,181.9,0.01,0.04,6.88,47.06
2026-07-06,충남,169.6,0.05,-0.05,3.0,24.86
2026-07-06,전북,169.02,0.01,0.04,10.22,59.03
2026-07-06,전남,169.13,-0.0,0.03,7.1,43.35
2026-07-06,경북,163.22,0.0,-0.01,7.51,42.31
2026-07-06,경남,173.5,0.07,0.06,5.51,39.65
2026-07-06,제주,129.59,-0.02,-0.05,8.35,43.2
2026-07-06,기타지방,174.21,0.03,0.01,9.27,49.18
2026-07-13,전국,,,0.13,,
2026-07-13,서울,181.14,0.38,0.34,17.94,89.22
2026-07-13,인천,183.84,0.07,0.0,4.56,32.02
2026-07-13,경기도,178.56,0.23,0.25,13.46,61.41
2026-07-13,부산,173.59,0.04,-0.01,2.16,23.87
2026-07-13,대구,160.75,0.02,-0.01,3.66,24.54
2026-07-13,광주,156.84,0.02,-0.03,3.82,25.18
2026-07-13,대전,166.63,0.03,0.04,3.5,31.32
2026-07-13,세종,173.44,0.14,-0.01,1.56,23.44
2026-07-13,울산,188.91,0.18,0.16,5.55,33.82
2026-07-13,강원,143.13,0.03,-0.01,4.87,24.27
2026-07-13,충북,180.49,0.04,0.03,10.9,50.28
2026-07-13,충남,172.91,0.04,-0.04,3.46,25.3
2026-07-13,전북,175.26,0.03,0.03,8.49,59.63
2026-07-13,전남,170.33,0.01,0.02,7.42,54.74
2026-07-13,경북,164.16,0.08,0.01,6.8,39.87
2026-07-13,경남,174.95,0.04,0.02,7.91,39.85
2026-07-13,제주,142.64,0.01,-0.07,4.06,27.92
2026-07-13,기타지방,174.52,0.04,0.01,9.41,49.69
2026-07-20,전국,,,0.11,,
2026-07-20,서울,179.72,0.38,0.34,15.68,84.23
2026-07-20,인천,181.79,0.08,0.02,4.16,32.47
2026-07-20,경기도,179.03,0.19,0.21,12.79,60.37
2026-07-20,부산,172.96,0.09,-0.04,2.1,23.12
2026-07-20,대구,160.42,0.04,-0.02,3.54,24.25
2026-07-20,광주,154.77,0.01,-0.02,5.84,27.61
2026-07-20,대전,168.8,0.02,0.01,3.39,30.17
2026-07-20,세종,163.16,0.14,-0.03,1.75,17.54
2026-07-20,울산,190.94,0.18,0.14,5.03,31.72
2026-07-20,강원,154.47,-0.01,0.02,4.55,29.7
2026-07-20,충북,177.61,0.02,0.01,4.64,38.01
2026-07-20,충남,172.96,0.07,-0.02,2.83,24.44
2026-07-20,전북,173.46,0.0,0.02,9.36,58.68
2026-07-20,전남,172.25,0.05,0.02,14.1,66.01
2026-07-20,경북,162.69,0.03,-0.02,7.14,38.26
2026-07-20,경남,171.42,0.03,0.02,6.12,41.5
2026-07-20,제주,139.38,-0.0,-0.02,3.82,28.87
2026-07-20,기타지방,168.96,0.03,0.01,6.33,39.87
2026-07-27,전국,,,0.11,,
2026-07-27,서울,178.61,0.25,0.32,15.71,84.62
2026-07-27,인천,184.0,0.09,0.02,3.87,31.63
2026-07-27,경기도,177.92,0.2,0.22,12.13,60.41
2026-07-27,부산,172.78,0.03,-0.02,1.85,21.97
2026-07-27,대구,163.73,0.02,-0.03,1.3,22.31
2026-07-27,광주,149.25,0.0,-0.0,4.16,28.36
2026-07-27,대전,173.46,0.05,0.02,5.94,36.31
2026-07-27,세종,168.42,0.03,-0.02,1.75,17.54
2026-07-27,울산,189.04,0.21,0.16,3.65,30.15
2026-07-27,강원,146.39,-0.0,0.01,5.09,30.33
2026-07-27,충북,173.01,0.02,0.02,6.38,43.73
2026-07-27,충남,174.93,0.06,-0.06,2.8,22.58
2026-07-27,전북,173.68,0.04,0.09,11.62,61.58
2026-07-27,전남,179.68,0.02,0.02,11.87,55.11
2026-07-27,경북,164.6,0.02,-0.06,7.8,43.54
2026-07-27,경남,176.93,0.03,0.02,6.08,40.44
2026-07-27,제주,139.38,-0.0,-0.06,0.0,29.59
2026-07-27,기타지방,170.47,0.03,0.0,6.69,40.29
2026-08-03,전국,,,0.08,,
2026-08-03,서울,178.02,0.22,0.23,14.03,81.91
2026-08-03,인천,183.8,0.06,0.01,3.34,33.08
2026-08-03,경기도,174.75,0.13,0.17,10.49,59.03
2026-08-03,부산,173.57,0.04,-0.01,2.09,24.05
2026-08-03,대구,165.62,0.04,-0.02,3.59,23.36
2026-08-03,광주,149.15,-0.02,-0.01,4.44,25.18
2026-08-03,대전,166.18,0.06,0.04,3.6,32.13
2026-08-03,세종,157.63,0.07,-0.08,1.69,11.86
2026-08-03,울산,190.27,0.06,0.14,2.2,28.06
2026-08-03,강원,145.79,0.02,-0.04,5.82,32.8
2026-08-03,충북,179.66,0.01,-0.03,3.26,35.8
2026-08-03,충남,172.76,0.07,-0.03,1.66,21.01
2026-08-03,전북,175.25,0.02,0.03,8.54,59.83
2026-08-03,전남,179.67,0.02,0.04,14.4,59.18
2026-08-03,경북,161.44,0.02,-0.02,8.47,41.15
2026-08-03,경남,175.95,0.05,0.03,6.49,43.63
2026-08-03,제주,127.92,-0.02,-0.13,0.0,22.08
2026-08-03,기타지방,169.69,0.04,-0.0,6.3,39.59
2026-08-10,전국,,,0.1,,
2026-08-10,서울,179.22,0.24,0.25,14.63,82.8
2026-08-10,인천,183.92,0.05,0.0,2.58,31.2
2026-08-10,경기도,179.59,0.18,0.22,11.05,58.78
2026-08-10,부산,171.57,0.07,0.01,2.19,25.05
2026-08-10,대구,165.41,0.05,-0.01,2.83,22.13
2026-08-10,광주,150.07,-0.04,-0.01,3.07,26.65
2026-08-10,대전,168.48,0.1,0.01,5.78,38.49
2026-08-10,세종,161.67,0.06,-0.03,1.67,18.33
2026-08-10,울산,188.18,0.09,0.1,2.11,34.57
2026-08-10,강원,150.49,0.02,0.02,7.47,29.97
2026-08-10,충북,175.74,0.01,-0.04,3.73,39.94
2026-08-10,충남,171.26,0.02,-0.02,2.45,24.17
2026-08-10,전북,177.74,0.03,0.05,9.1,62.28
2026-08-10,전남,173.73,0.02,0.01,8.05,51.35
2026-08-10,경북,162.97,0.04,-0.01,7.81,42.13
2026-08-10,경남,176.52,0.04,0.02,5.33,44.44
2026-08-10,제주,150.57,-0.01,-0.08,2.54,31.07
2026-08-10,기타지방,170.05,0.03,0.0,5.8,40.6
2026-08-17,전국,,,0.09,,
2026-08-17,서울,177.64,0.16,0.22,13.68,80.2
2026-08-17,인천,184.34,0.04,0.01,3.04,32.33
2026-08-17,경기도,178.31,0.14,0.18,12.31,60.13
2026-08-17,부산,175.52,0.06,-0.02,2.22,23.2
2026-08-17,대구,165.59,0.03,-0.03,2.82,22.33
2026-08-17,광주,147.9,-0.02,-0.01,2.43,27.41
2026-08-17,대전,169.2,0.15,0.05,5.08,32.77
2026-08-17,세종,164.29,0.15,-0.05,1.79,16.07
2026-08-17,울산,190.15,0.12,0.13,3.65,31.29
2026-08-17,강원,148.36,-0.0,-0.04,5.19,26.67
2026-08-17,충북,182.63,0.02,-0.0,2.66,35.07
2026-08-17,충남,171.67,0.06,-0.04,2.96,24.43
2026-08-17,전북,181.52,0.05,0.08,10.21,61.87
2026-08-17,전남,181.7,0.01,0.03,9.49,59.44
2026-08-17,경북,164.59,0.03,-0.01,8.49,41.85
2026-08-17,경남,177.09,0.02,0.0,6.81,45.62
2026-08-17,제주,126.9,0.0,-0.02,0.0,36.55
2026-08-17,기타지방,172.02,0.03,-0.0,6.23,40.65
2026-08-24,전국,,,0.11,,
2026-08-24,서울,177.91,0.21,0.25,14.92,78.92
2026-08-24,인천,183.21,0.08,0.01,2.34,31.13
2026-08-24,경기도,179.48,0.2,0.25,11.91,58.85
2026-08-24,부산,175.62,0.04,-0.01,1.45,22.34
2026-08-24,대구,167.69,0.04,-0.04,1.95,20.32
2026-08-24,광주,148.03,-0.03,-0.02,3.12,20.73
2026-08-24,대전,169.84,0.16,0.06,5.62,34.94
2026-08-24,세종,166.67,0.02,-0.01,0.0,16.67
2026-08-24,울산,187.77,0.1,0.12,3.06,33.62
2026-08-24,강원,139.93,0.01,0.01,7.23,26.26
2026-08-24,충북,178.58,0.01,-0.03,4.19,35.48
2026-08-24,충남,175.56,0.04,-0.02,3.1,28.75
2026-08-24,전북,178.67,0.03,0.12,11.41,56.11
2026-08-24,전남,179.76,0.04,0.03,10.69,53.12
2026-08-24,경북,164.32,0.05,0.05,5.57,35.1
2026-08-24,경남,178.43,0.02,0.02,5.28,40.19
2026-08-24,제주,150.05,-0.02,-0.13,0.0,30.76
2026-08-24,기타지방,171.49,0.03,0.02,5.97,37.74
2026-08-31,전국,,,0.1,,
2026-08-31,서울,177.71,0.19,0.23,14.17,77.96
2026-08-31,인천,185.43,0.07,0.01,2.73,30.2
2026-08-31,경기도,179.58,0.14,0.2,11.11,58.49
2026-08-31,부산,177.06,0.04,-0.03,1.71,20.24
2026-08-31,대구,164.13,0.03,-0.01,1.72,17.42
2026-08-31,광주,151.76,-0.01,-0.03,3.49,16.95
2026-08-31,대전,170.62,0.04,0.1,6.41,38.71
2026-08-31,세종,172.88,0.04,-0.01,1.69,16.95
2026-08-31,울산,185.77,0.05,0.07,3.01,30.07
2026-08-31,강원,148.39,0.05,0.0,7.58,27.04
2026-08-31,충북,180.78,0.01,-0.01,7.37,40.68
2026-08-31,충남,174.49,0.06,-0.01,1.34,22.3
2026-08-31,전북,177.75,0.05,0.11,9.77,59.12
2026-08-31,전남,177.41,0.01,0.02,11.11,62.46
2026-08-31,경북,159.75,0.0,0.02,8.13,43.8
2026-08-31,경남,179.67,0.06,0.03,3.37,34.06
2026-08-31,제주,126.5,-0.0,-0.06,0.0,30.31
2026-08-31,기타지방,171.63,0.04,0.02,5.96,38.5
2026-09-07,전국,,,0.11,,
2026-09-07,서울,177.26,0.23,0.22,13.71,75.85
2026-09-07,인천,185.06,0.08,0.02,4.03,31.93
2026-09-07,경기도,179.58,0.17,0.24,12.91,60.58
2026-09-07,부산,177.41,0.06,-0.02,1.13,20.16
2026-09-07,대구,166.71,0.05,-0.02,2.96,20.76
2026-09-07,광주,148.21,-0.0,-0.03,1.59,16.64
2026-09-07,대전,173.09,0.05,0.14,6.93,36.34
2026-09-07,세종,176.27,0.04,-0.04,6.78,27.12
2026-09-07,울산,188.96,0.02,0.06,4.03,30.14
2026-09-07,강원,152.56,0.02,0.04,9.53,32.47
2026-09-07,충북,182.71,0.01,0.04,8.73,46.39
2026-09-07,충남,170.6,0.06,-0.01,2.55,20.81
2026-09-07,전북,173.35,0.03,0.1,10.29,61.24
2026-09-07,전남,176.43,0.05,0.07,14.28,53.42
2026-09-07,경북,160.98,0.02,-0.0,7.03,41.23
2026-09-07,경남,179.59,0.09,0.04,5.46,40.66
2026-09-07,제주,124.38,0.03,-0.04,0.0,24.38
2026-09-07,기타지방,171.35,0.05,0.03,7.33,40.36
